,Timestamp,ID,articleCount,avgSentiment,stdSentiment,25quantileSentiment,50quantileSentiment,75quantileSentiment,maxSentiment,minSentiment,socialScore,nbOfDuplicates,Previous_Day_Return,Next_Day_Return
0,2017-06-01,Samsung,50,0.1656176166666667,0.17187920337717333,0.08482999999999999,0.18218,0.2674725,-0.3926111111111111,0.46335,1922,2,-0.0004475274185242738,0.028245478779554745
1,2017-06-01,BASF,29,0.2718039176245211,0.22075509651230504,0.18142,0.23628,0.3877,-0.3906875,0.67285,152,3,-0.00011928192296561946,0.01750074227083687
2,2017-06-01,Telefonica,10,0.08213855555555556,0.2767473493292788,-0.07244,0.054975,0.1856575000000001,-0.37302,0.5720888888888889,508,0,0.00557492733091669,0.0027758518865028674
3,2017-06-01,Apple,50,0.1603812,0.20460637822381905,0.04530250000000001,0.205475,0.30439499999999997,-0.48692,0.48226,14547,4,0.0027456381241321988,0.014710436023315232
4,2017-06-01,Total,27,0.015326625514403284,0.2717020606439439,-0.14143000000000006,0.00995,0.26681,-0.5402399999999999,0.3702,2918,2,-0.0010080646014953842,-0.004380060910940564
5,2017-06-01,Bayer,50,0.2791707222222222,0.18163768102719602,0.09341249999999998,0.279715,0.3860525,-0.03114000000000001,0.71335,8477,7,0.00801184972955582,0.021193396599194614
6,2017-06-01,BMW,50,0.07908368333333332,0.205927521347719,0.0381525,0.11188,0.21067,-0.5376888888888889,0.35647,3539,1,0.01938114288780568,0.011823374490076866
7,2017-06-01,Allianz,50,0.1885093444444445,0.26054294940673345,0.09703250000000001,0.23961,0.35972857142857145,-0.26026000000000005,0.71335,942,25,0.003213088787383356,0.011020993222103035
8,2017-06-01,Tesla,50,0.1588122674603174,0.1685438143471979,0.0321125,0.14000666666666667,0.25425,-0.15153,0.55448,31675,1,-0.0018785411611990106,-0.0015289174128820804
9,2017-06-01,Airbus,50,0.1752515936507936,0.16345974027433727,0.0769175,0.16320999999999994,0.3011225,-0.12865,0.467,1218,5,0.02929672908172432,0.004381022606268381
10,2017-06-01,Google,50,0.13287641428571428,0.1892256432343127,0.016465,0.15523499999999998,0.2556275,-0.32526,0.5859,5591,3,-0.011523598117908485,-0.001193826354802141
11,2017-06-02,BASF,33,0.27485764790764794,0.11502160675569788,0.21206999999999998,0.26837999999999995,0.30906999999999996,0.05968571428571427,0.6395000000000001,0,4,0.01750074227083687,0.0
12,2017-06-02,Total,34,-0.03753450980392156,0.15121520933400684,-0.07403000000000001,-0.07403000000000001,0.048825,-0.5402399999999999,0.30223000000000005,308,9,-0.004380060910940564,0.0013497555617618673
13,2017-06-02,Tesla,50,0.10303521666666664,0.17013545026648982,-0.03612999999999999,0.115495,0.1893175,-0.30058,0.48371,1825,2,-0.0015289174128820804,0.02174220139979699
14,2017-06-02,Airbus,40,0.14013921031746032,0.18159015791019206,0.029911666666666663,0.13054000000000002,0.2602975,-0.23364000000000001,0.52564,1376,2,0.004381022606268381,0.0
15,2017-06-02,Google,50,0.13542122857142855,0.18614788215328945,0.03816750000000002,0.14544999999999994,0.2579,-0.32182999999999995,0.49327,1923,5,-0.001193826354802141,0.017200480453950284
16,2017-06-02,Allianz,23,0.2902286335403727,0.16309786545307228,0.169945,0.21893,0.433905,0.0296,0.6329600000000001,33,0,0.011020993222103035,0.0
17,2017-06-02,BMW,50,0.12489426666666667,0.1799958393258614,0.024440000000000003,0.18825,0.1955025,-0.4082,0.48371,383,7,0.011823374490076866,0.0
18,2017-06-02,Bayer,50,0.3167888500000001,0.1832717387314684,0.20474750000000005,0.33311375,0.429415,-0.08474999999999999,0.6471800000000001,910,6,0.021193396599194614,0.0
19,2017-06-02,Apple,50,0.13994304999999996,0.23773969250349344,0.031555,0.187165,0.26408250000000005,-0.52599,0.6751,642,12,0.014710436023315232,-0.009826182882779477
20,2017-06-02,Samsung,50,0.09595038174603174,0.2339670684325285,-0.04813750000000002,0.1425575,0.234675625,-0.4730875,0.5412888888888889,989,0,0.028245478779554745,-0.00043525571960145726
21,2017-06-02,Telefonica,16,0.2318827777777777,0.14822035710803885,0.11109,0.30242,0.30242,-0.0019299999999999983,0.5630299999999999,0,2,0.0027758518865028674,-0.01536343067677004
22,2017-06-05,Google,50,0.22003285714285706,0.1393667821746792,0.14550499999999994,0.20872,0.30191,-0.10344,0.5374399999999999,1618,3,0.017200480453950284,-0.0055893028706508465
23,2017-06-05,Allianz,17,0.2044814379084967,0.14192200513695302,0.11431,0.1966,0.26381,-0.05184,0.55053,55,0,0.0,-0.003219672033492493
24,2017-06-05,Apple,50,0.20164194523809525,0.15642384083951535,0.12778625,0.19314,0.2888000000000001,-0.22076,0.5374399999999999,472,3,-0.009826182882779477,0.005938949739318744
25,2017-06-05,Tesla,50,0.14168009682539684,0.14554126236597092,0.02674,0.120765,0.21876750000000006,-0.10046666666666666,0.5377700000000001,395,5,0.02174220139979699,0.0190882988665253
26,2017-06-05,Telefonica,13,0.2529776923076923,0.1734970412405663,0.19972,0.2596,0.41513,-0.11408,0.45288,7,0,-0.01536343067677004,0.002801122279711521
27,2017-06-05,BASF,29,0.3272106321839081,0.2299499458622816,0.20825,0.28611,0.38464,-0.22161999999999998,0.69516,0,3,0.0,-0.0058232976967147465
28,2017-06-05,Samsung,50,0.2531984222222222,0.12212382147490584,0.22754000000000002,0.28051,0.30191,-0.034910000000000004,0.6839,121,5,-0.00043525571960145726,-0.01402916477196392
29,2017-06-05,Bayer,50,0.2655887222222223,0.14463009014582318,0.1485175,0.23927500000000004,0.37011,0.017899999999999982,0.622325,942,4,0.0,-0.009719070800209728
30,2017-06-05,Total,30,-0.08384533333333334,0.21705709267591225,-0.20377,-0.06457499999999998,0.05400999999999999,-0.51978,0.4541200000000001,71,1,0.0013497555617618673,0.0003369272269067025
31,2017-06-05,BMW,50,0.07050695793650794,0.1846308038156141,-0.03933888888888888,0.097125,0.1905175,-0.42845,0.5101000000000001,2028,3,0.0,-0.0027149872074652137
32,2017-06-05,Airbus,50,0.08796426587301588,0.21915165092688427,0.0459175,0.136915,0.17959999999999998,-0.6486,0.4283222222222223,883,10,0.0,-0.015924762982979068
33,2017-06-07,BMW,50,0.07903110158730159,0.25233491611467745,-0.016840833333333336,0.133415,0.2537849999999999,-0.62142,0.6506700000000001,108,1,-0.0027149872074652137,-0.005808800637831625
34,2017-06-07,Google,50,0.11652253333333334,0.19547741697622428,0.013129999999999994,0.099055,0.21955,-0.4194699999999999,0.66385,4094,11,-0.0055893028706508465,0.005779552041682122
35,2017-06-07,Tesla,50,0.22481553333333326,0.13214288784145506,0.1080625,0.3002599999999999,0.3002599999999999,-0.06569,0.4846,175,19,0.0190882988665253,0.02837166932490476
36,2017-06-07,Telefonica,10,0.11858599999999998,0.2422601364557437,-0.04128250000000002,0.226275,0.25885249999999993,-0.37835,0.32935,17,0,0.002801122279711521,0.0006990563024982244
37,2017-06-07,Airbus,50,0.1880348666666667,0.14034722025786206,0.08734,0.16578000000000004,0.3214425,-0.1934,0.47497,14,5,-0.015924762982979068,0.0029883206155627558
38,2017-06-07,Bayer,50,0.2479255444444445,0.17805210490438209,0.107585625,0.258245,0.3398311111111111,-0.14354,0.6281700000000001,829,1,-0.009719070800209728,0.00845671001822357
39,2017-06-07,BASF,22,0.2949256818181818,0.13549465392981602,0.2274,0.30600000000000005,0.39495,0.06949999999999999,0.4875600000000001,0,0,-0.0058232976967147465,0.00428164307770995
40,2017-06-07,Samsung,50,0.15867942539682545,0.15696419296838088,0.050487500000000005,0.14238499999999998,0.25842625,-0.27039,0.4749600000000001,769,0,-0.01402916477196392,-0.003095293207527661
41,2017-06-07,Apple,50,0.12343037777777785,0.15942996695602238,0.013129999999999994,0.090365,0.2402325,-0.19117,0.6655,233,6,0.005938949739318744,-0.00244877039494984
42,2017-06-07,Total,20,-0.0056329999999999965,0.2117418864934132,-0.18254750000000008,0.0092,0.16341250000000002,-0.33972,0.34989000000000003,2563,1,0.0003369272269067025,-0.0003369272269067025
43,2017-06-07,Allianz,23,0.27306657004830914,0.2128597784806409,0.06449055555555555,0.27137,0.4071150000000001,-0.04249999999999999,0.6214099999999999,39,0,-0.003219672033492493,0.008756623378834759
44,2017-06-08,Samsung,50,0.1338742880952381,0.23062314111843765,0.0448775,0.16359,0.2488525000000001,-0.44882,0.6287666666666666,447,2,-0.003095293207527661,0.020601210721141072
45,2017-06-08,Bayer,50,0.18945714285714288,0.15242530799826956,0.09045,0.20169000000000006,0.301065,-0.24806,0.6704199999999999,1816,3,0.00845671001822357,0.0025231300181216554
46,2017-06-08,BMW,50,0.0849865492063492,0.2588087582743293,-0.04495892857142855,0.10822,0.2887575,-0.58135,0.5289,146,1,-0.005808800637831625,0.0037973227070624564
47,2017-06-08,Airbus,50,0.16110105793650792,0.175642962151732,0.022050000000000004,0.21702,0.28259,-0.16404000000000002,0.53237,91,3,0.0029883206155627558,0.02239750301235155
48,2017-06-08,Total,24,0.04375458333333335,0.2431353201136671,-0.0186275,0.059205000000000015,0.24079,-0.6001500000000001,0.35118000000000005,36,0,-0.0003369272269067025,0.002019862662825389
49,2017-06-08,Apple,50,0.12509809523809526,0.15964716092971906,0.0587525,0.13117714285714285,0.208075,-0.49593999999999994,0.4739500000000001,473,2,-0.00244877039494984,-0.039548529960829804
50,2017-06-08,BASF,22,0.3878455808080809,0.21187701804508052,0.19731083333333327,0.349475,0.5241775,0.10626,0.7309899999999999,0,0,0.00428164307770995,0.02727707890883924
51,2017-06-08,Telefonica,7,0.3215485714285714,0.1650923882182914,0.226885,0.34713000000000005,0.461025,0.04864,0.47925,0,1,0.0006990563024982244,-0.031230359241619432
52,2017-06-08,Tesla,50,0.12694320793650793,0.13913303749500808,0.0195,0.0929375,0.27226500000000003,-0.12521000000000002,0.36598,406,3,0.02837166932490476,-0.034871266804631595
53,2017-06-08,Google,50,0.15605396111111106,0.19340392771759085,0.0607625,0.2463633333333333,0.25984,-0.30816,0.59219,53,3,0.005779552041682122,-0.017838463421170125
54,2017-06-08,Allianz,39,0.10843660256410256,0.2488738998287079,-0.037275000000000016,0.12409,0.30045000000000005,-0.30701999999999996,0.5015400000000001,24,2,0.008756623378834759,0.010407726210380552
55,2017-06-09,Google,50,0.06438925396825397,0.17029978014060854,-0.053773214285714285,0.08851500000000001,0.14854,-0.28673000000000004,0.4714666666666666,2222,3,-0.017838463421170125,-0.033675711869768137
56,2017-06-09,Samsung,50,0.19992432619047626,0.1655749065336417,0.08195250000000001,0.17404999999999998,0.31257500000000005,-0.10274999999999998,0.5951,6390,4,0.020601210721141072,-0.01574147065090692
57,2017-06-09,Bayer,50,0.2047058888888889,0.1417170406023009,0.10170499999999999,0.2171,0.3132725,-0.06470000000000001,0.50753,22662,8,0.0025231300181216554,-0.005052642328077893
58,2017-06-09,BMW,50,0.07147047222222222,0.15192399547677082,-0.029622222222222223,0.058355,0.1901125,-0.38106,0.3479,9325,15,0.0037973227070624564,0.00555130463589304
59,2017-06-09,Airbus,50,-0.02149421666666667,0.2067012008655021,-0.16383,-0.01795000000000001,0.10996833333333332,-0.38434,0.4433625,720,4,0.02239750301235155,-0.015638893884454497
60,2017-06-09,Total,16,0.015785486111111108,0.18880886284930465,-0.10181749999999999,0.0011700000000000046,0.08918500000000001,-0.31993000000000005,0.4204500000000001,56,1,0.002019862662825389,-0.0026940578678669174
61,2017-06-09,BASF,26,0.2269992719780219,0.23640713056398005,0.15857249999999998,0.274125,0.3258439285714286,-0.3894700000000001,0.6623625,22,2,0.02727707890883924,-0.006604508104119944
62,2017-06-09,Allianz,27,0.14395195473251024,0.19064778798684645,-0.01171500000000001,0.11206,0.18634,-0.078825,0.5595100000000001,63,0,0.010407726210380552,-0.0014390562276203054
63,2017-06-09,Telefonica,7,0.2677429931972789,0.120839937797681,0.22393333333333326,0.2280142857142857,0.342625,0.08365999999999997,0.42941,7,1,-0.031230359241619432,0.0035984205795331907
64,2017-06-09,Apple,50,0.06248850952380953,0.1472229219166342,-0.040835714285714295,0.07084000000000001,0.14533,-0.31551,0.36865,9970,1,-0.039548529960829804,-0.02418596152621877
65,2017-06-09,Tesla,50,0.0933912,0.18209223574099212,-0.039365,0.07820500000000001,0.2290625,-0.2598300000000001,0.55019,7454,2,-0.034871266804631595,0.004718504419896519
66,2017-06-12,Telefonica,10,0.170592,0.20998937284221472,0.061642499999999996,0.099105,0.30767,-0.17334999999999998,0.47366,570,0,0.0035984205795331907,0.002869442427952951
67,2017-06-12,Apple,50,0.04646737777777777,0.17605222206209908,-0.08825,0.036864999999999995,0.1615775,-0.37946,0.45682,1620,4,-0.02418596152621877,0.008013467080028924
68,2017-06-12,Allianz,25,0.190657,0.2260508700307669,0.0296,0.1903,0.364125,-0.22541,0.6017,1434,0,-0.0014390562276203054,-0.0020181641562375674
69,2017-06-12,Bayer,50,0.179388365079365,0.16703513413155355,0.02969916666666665,0.20573125,0.3082775,-0.16870000000000002,0.6178899999999998,46733,2,-0.005052642328077893,0.012167131428673985
70,2017-06-12,Samsung,50,0.13582406746031744,0.18693983646919315,0.054155000000000016,0.11728999999999998,0.26748229166666665,-0.46688,0.46958,4819,1,-0.01574147065090692,0.00044062569560665565
71,2017-06-12,Google,50,0.018007328571428578,0.19945982708651627,-0.10987249999999998,-0.006825,0.1578525,-0.55907,0.41912,4945,3,-0.033675711869768137,0.017795892338839714
72,2017-06-12,Total,24,-0.05063958333333332,0.2422174364433951,-0.23621,-0.034789999999999995,0.1623675,-0.45546,0.31458,3132,2,-0.0026940578678669174,0.005380877284379082
73,2017-06-12,BMW,50,0.036591066666666665,0.2425707398859865,-0.16429750000000004,0.068885,0.2373482142857143,-0.4441625,0.49381,14168,2,0.00555130463589304,0.0018827965081857914
74,2017-06-12,Airbus,50,0.02886473333333332,0.1982293462368264,-0.12772,-0.05421,0.157275,-0.27080000000000004,0.5925,3145,7,-0.015638893884454497,0.004435789247879463
75,2017-06-12,Tesla,47,0.1605484194528875,0.1360546729061709,0.059454999999999994,0.16477,0.292745,-0.10355999999999999,0.43321000000000004,23506,4,0.004718504419896519,0.046105912570500784
76,2017-06-12,BASF,36,0.24065256172839505,0.1043306777334396,0.191195,0.24094000000000002,0.30025749999999995,0.005979999999999996,0.47325,128,1,-0.006604508104119944,0.003713162771741274
77,2017-06-13,BMW,50,0.16415635873015869,0.18616950597074972,0.042417500000000004,0.16055142857142854,0.30720000000000003,-0.38864,0.5824999999999999,8418,1,0.0018827965081857914,-0.011231423851141287
78,2017-06-13,Tesla,50,0.14297705873015876,0.17280744870258585,0.02048,0.13456,0.2875725,-0.3690250000000001,0.44968,12160,2,0.046105912570500784,0.012450432435602288
79,2017-06-13,Apple,50,0.14322610634920632,0.13915807183830867,0.07979499999999999,0.13643,0.230915,-0.3795000000000001,0.438925,3184,1,0.008013467080028924,-0.009802991957070795
80,2017-06-13,Allianz,26,0.17344840659340655,0.2638706583721799,-0.014180000000000003,0.18942071428571428,0.349865,-0.37413,0.55398,656,0,-0.0020181641562375674,0.004032263527938618
81,2017-06-13,Bayer,50,0.1665211,0.17641508729108268,0.06773000000000001,0.18851,0.295495,-0.34914,0.4453699999999999,19795,5,0.012167131428673985,0.012844593414713223
82,2017-06-13,Samsung,50,0.18619235555555547,0.1672047661739174,0.08884500000000001,0.16419499999999998,0.2770325,-0.24083000000000002,0.5501,5588,4,0.00044062569560665565,-0.0008814456278063432
83,2017-06-13,Google,50,0.10420363968253968,0.17111116282251895,-0.010197499999999995,0.11425071428571427,0.2344300000000001,-0.3795000000000001,0.45566,8113,1,0.017795892338839714,0.0015381326867185408
84,2017-06-13,Airbus,48,0.12007999669312165,0.1980299729211856,-0.02589749999999999,0.12260499999999999,0.2182,-0.18227000000000002,0.6993999999999999,7580,2,0.004435789247879463,0.006417134320633622
85,2017-06-13,Telefonica,10,0.120423,0.314175451691496,-0.0213125,0.16058499999999998,0.28691750000000005,-0.33842000000000005,0.63767,1789,1,0.002869442427952951,0.004288784272217683
86,2017-06-13,BASF,36,0.20626629960317466,0.16903635235697026,0.10965,0.20763,0.32672125,-0.36661,0.6051142857142856,564,0,0.003713162771741274,-0.001854857939639132
87,2017-06-13,Total,43,-0.0807672388335179,0.21540856363593736,-0.1754,-0.11411,-0.01924,-0.32784,0.857,6494,10,0.005380877284379082,-0.006561813735416422
88,2017-06-14,Airbus,50,0.13485310000000006,0.1720627070756888,0.03888749999999999,0.147705,0.24894000000000002,-0.5994,0.45808,5297,3,0.006417134320633622,-0.023051502592260853
89,2017-06-14,Google,50,0.13123419841269846,0.1444575025529968,0.0688275,0.10196,0.178795,-0.15980999999999998,0.7289,12244,9,0.0015381326867185408,-0.014996031448375469
90,2017-06-14,Telefonica,10,0.11830299999999998,0.21822780808900896,-0.103895,0.17634,0.30143000000000003,-0.18425999999999998,0.36274,393,0,0.004288784272217683,-0.010756647279703824
91,2017-06-14,Apple,50,0.12178195079365073,0.13363627908863854,0.06499500000000001,0.12728166666666665,0.1915908333333333,-0.23162500000000005,0.5357,8846,7,-0.009802991957070795,-0.0060114190357047894
92,2017-06-14,Tesla,50,0.11173613333333332,0.20352051473407684,0.02631000000000001,0.113375,0.2307825000000001,-0.5994,0.52856,135067,5,0.012450432435602288,-0.014074306396511638
93,2017-06-14,Bayer,50,0.2975890452380952,0.11565074047022288,0.22122000000000008,0.294835,0.340395625,0.07129999999999999,0.58996,22806,7,0.012844593414713223,0.0012343140838853015
94,2017-06-14,Samsung,50,0.19150540000000008,0.2112999967679008,0.07589000000000001,0.1935838888888889,0.3184241666666666,-0.38700999999999997,0.67024,1831,2,-0.0008814456278063432,0.0070299059282596926
95,2017-06-14,BMW,50,0.16610856190476192,0.2086561869360981,0.061845000000000004,0.18413,0.303195,-0.44591000000000003,0.6544699999999999,2485,1,-0.011231423851141287,-0.00823737720554707
96,2017-06-14,BASF,44,0.1829141477272727,0.17037558381473353,0.04427,0.23565,0.29061000000000003,-0.40284,0.47681,612,13,-0.001854857939639132,-0.014610744395774587
97,2017-06-14,Allianz,19,0.17141052631578946,0.26008145195247506,-0.010085000000000007,0.13294,0.2732,-0.21545,0.8316,1090,2,0.004032263527938618,-0.0054763071001717725
98,2017-06-14,Total,50,0.09948156825396827,0.20284108828298308,-0.007834999999999995,0.10914000000000001,0.17515999999999998,-0.39226,0.5309200000000001,5992,23,-0.006561813735416422,0.002360479936015736
99,2017-06-15,Google,50,0.1354081619047619,0.18941591583458986,0.049955,0.141455,0.2016375,-0.36338000000000004,0.51945,8495,2,-0.014996031448375469,0.0006566989388741008
100,2017-06-15,Allianz,17,0.2223258823529412,0.19166197154948425,0.08932000000000001,0.1905300000000001,0.36673,-0.031010000000000006,0.57548,3,2,-0.0054763071001717725,0.008346573135003865
101,2017-06-15,Total,50,-0.07262239999999999,0.10194942110434076,-0.11191,-0.05392000000000001,-0.03129000000000001,-0.41206,0.28538,2423,26,0.002360479936015736,-0.007267842352233877
102,2017-06-15,BMW,50,0.1226774420634921,0.2098962407525372,-0.008852500000000001,0.16695500000000002,0.2740875,-0.4616142857142857,0.56491,6421,5,-0.00823737720554707,-0.0007195107637425482
103,2017-06-15,Telefonica,19,-0.07060368421052635,0.2075310589662968,-0.22010000000000005,-0.22010000000000005,0.116685,-0.22010000000000005,0.37614000000000003,9954,9,-0.010756647279703824,0.007183938942130208
104,2017-06-15,Bayer,50,0.2257254452380953,0.20992634108444072,0.14687999999999998,0.232075,0.3346892857142857,-0.5994,0.7291000000000001,28705,7,0.0012343140838853015,0.009820046180974984
105,2017-06-15,Tesla,50,0.15313193333333333,0.17860235849702102,0.0522525,0.1964375,0.2608725000000001,-0.5994,0.39279000000000003,35753,1,-0.014074306396511638,-0.010552632944520468
106,2017-06-15,Apple,50,0.12504830476190476,0.18368784892522652,0.027440000000000003,0.1074222222222222,0.26357250000000004,-0.29174999999999995,0.59716,3246,4,-0.0060114190357047894,-0.014098502646088916
107,2017-06-15,Airbus,50,0.09865627698412699,0.17079687643879554,-0.002569999999999993,0.097135,0.197155,-0.37202,0.42914,6735,2,-0.023051502592260853,0.016500239105039505
108,2017-06-15,Samsung,50,0.1770986920634921,0.1754604116285021,0.1006425,0.17134499999999994,0.2732825,-0.29174999999999995,0.5735399999999999,7592,2,0.0070299059282596926,-0.0021915415302178327
109,2017-06-15,BASF,50,0.025998844444444464,0.30205880113472383,-0.2816892857142857,0.09717999999999999,0.25892750000000003,-0.4164000000000001,0.6356700000000001,260,12,-0.014610744395774587,0.001176747605783568
110,2017-06-16,Apple,50,0.1665291285714286,0.16456012113588667,0.07865,0.15827,0.2679375,-0.49387,0.49648000000000003,12210,3,-0.014098502646088916,0.028206020792808317
111,2017-06-16,Total,50,0.002113933333333352,0.17208527727213524,-0.04513,-0.04513,0.1406375,-0.56785,0.34639000000000003,3129,30,-0.007267842352233877,0.002710487852898069
112,2017-06-16,Tesla,42,0.1363124149659864,0.10776905757720512,0.054772500000000016,0.130675,0.22278499999999998,-0.04155,0.35627000000000003,30198,0,-0.010552632944520468,-0.004317329965581429
113,2017-06-16,BMW,50,0.05889063333333335,0.22298914050564625,-0.0912,0.11477000000000001,0.1975975,-0.468175,0.48049,9057,5,-0.0007195107637425482,0.0076482208382566705
114,2017-06-16,Google,50,0.12669404444444446,0.18919922977346693,0.02568874999999999,0.15852500000000005,0.25527749999999994,-0.30654000000000003,0.5987625000000001,26829,2,0.0006566989388741008,0.01069254545152809
115,2017-06-16,Airbus,50,0.1955109333333334,0.1595044320641679,0.078065,0.21405833333333327,0.2884375,-0.05545,0.5957125,6825,13,0.016500239105039505,0.024250840586622857
116,2017-06-16,BASF,39,0.1150275702075702,0.2274284505907926,0.014580000000000003,0.0948,0.223415,-0.30744999999999995,0.7332285714285715,6279,3,0.001176747605783568,0.024282343227003626
117,2017-06-16,Telefonica,9,0.02294846560846561,0.2091527483506201,-0.06052,0.008060000000000001,0.17688999999999994,-0.35275,0.3216333333333334,6100,0,0.007183938942130208,-0.0007160759346440669
118,2017-06-16,Samsung,50,0.1819233785714285,0.160494507222795,0.0925,0.17222500000000002,0.25747,-0.3720500000000001,0.5013,4327,0,-0.0021915415302178327,0.02127277960564556
119,2017-06-16,Allianz,13,0.2644815384615385,0.2386592439318087,0.12513999999999995,0.2544,0.34,-0.0498,0.7906,36,0,0.008346573135003865,0.009981545869296228
120,2017-06-16,Bayer,50,0.19737177142857132,0.15721490476445493,0.10569000000000002,0.21740000000000004,0.2691025,-0.14279000000000006,0.5718571428571428,45154,9,0.009820046180974984,0.004063394457256564
121,2017-06-19,Allianz,28,0.22380142857142865,0.21819373526523328,0.0053125,0.28833000000000003,0.381365,-0.17060999999999998,0.5774100000000001,483,3,0.009981545869296228,-0.0019883545820880144
122,2017-06-19,Total,26,-0.10827807692307696,0.2569753544761712,-0.244025,-0.15228,-0.03250499999999998,-0.51436,0.4835000000000001,33082,1,0.002710487852898069,-0.005428342422113985
123,2017-06-19,Tesla,38,0.09387877192982454,0.18417981101260056,-0.01484999999999999,0.121755,0.2004125,-0.36073,0.46825,6366,0,-0.004317329965581429,0.006576488583369232
124,2017-06-19,Telefonica,10,0.2282190000000001,0.20794357997890786,0.1198475,0.16883499999999999,0.4310675,-0.08177999999999998,0.5050899999999999,47,0,-0.0007160759346440669,-0.021724243191582282
125,2017-06-19,Google,50,0.07348987539682539,0.2413120796196293,-0.05095111111111112,0.12992499999999996,0.2683125,-0.43263,0.42849,11768,26,0.01069254545152809,0.018819705482186144
126,2017-06-19,BMW,50,0.08699948571428569,0.23652747359645165,-0.023235,0.13474999999999998,0.22240000000000004,-0.41244,0.6285499999999999,19668,1,0.0076482208382566705,-0.004175371410480189
127,2017-06-19,Bayer,50,0.1045800666666666,0.14419115617810427,0.02282,0.08801,0.19931500000000002,-0.18805999999999998,0.4367625,26633,6,0.004063394457256564,-0.012240054894501641
128,2017-06-19,Samsung,50,0.1858286,0.15913643145943313,0.08588249999999997,0.188075,0.30509250000000004,-0.2133,0.43933999999999995,4911,1,0.02127277960564556,0.03337162893174295
129,2017-06-19,BASF,18,0.26247714285714285,0.11588110971368625,0.16630750000000002,0.24405500000000002,0.3551,0.09882,0.4762142857142857,26,0,0.024282343227003626,-0.006564197002486338
130,2017-06-19,Airbus,50,0.16469594999999998,0.1759545462047012,-0.010537499999999998,0.20259000000000002,0.2684983333333333,-0.07597000000000001,0.5885699999999999,2150,7,0.024250840586622857,-0.005119129115676913
131,2017-06-19,Apple,50,0.13874680952380952,0.20194162626620246,0.05640999999999999,0.176095,0.2550825,-0.59468,0.47934,4366,17,0.028206020792808317,-0.009129975896080113
132,2017-06-20,Bayer,50,0.2335001357142857,0.1918766204302776,0.099065,0.2695833333333333,0.362145,-0.28637,0.5761,41637,5,-0.012240054894501641,0.0
133,2017-06-20,Apple,50,0.10105725952380956,0.14040190783617892,0.04147000000000002,0.09553,0.16316250000000002,-0.4197800000000001,0.45707,4542,12,-0.009129975896080113,0.00591310853831839
134,2017-06-20,BASF,27,0.2836676851851852,0.2857121631007584,0.09492499999999998,0.2227,0.32741000000000003,-0.10252,0.9618,1222,0,-0.006564197002486338,-0.007654873844084698
135,2017-06-20,Tesla,50,0.053112592857142885,0.26438489657313624,-0.14164000000000002,0.08269357142857145,0.24466666666666664,-0.5820900000000001,0.5068199999999999,26660,0,0.006576488583369232,0.011113600174830651
136,2017-06-20,Google,50,0.10012416428571427,0.18114967016596892,-0.002800000000000002,0.097125,0.2240825,-0.4193400000000001,0.5270100000000001,46634,1,0.018819705482186144,-0.009411538196502534
137,2017-06-20,Total,50,-0.07941555555555556,0.1804028419083433,-0.10476500000000001,-0.058849999999999986,0.013835000000000014,-0.48256000000000004,0.36002,8466,22,-0.005428342422113985,0.0
138,2017-06-20,Telefonica,11,0.15932636363636365,0.18661623757180013,0.03155,0.17470999999999998,0.24460500000000002,-0.1204,0.50153,233,0,-0.021724243191582282,-0.011041702170536905
139,2017-06-20,Airbus,50,0.13268262857142865,0.12270099490754055,0.108545,0.1374,0.1374,-0.19969,0.47481,1429,23,-0.005119129115676913,-0.011914358569900864
140,2017-06-20,BMW,50,0.053561223015873,0.20470979958417607,0.02023,0.08600111111111111,0.1949928571428572,-0.4637200000000001,0.3451375,12124,0,-0.004175371410480189,-0.0005979073421773505
141,2017-06-20,Allianz,25,0.2015011,0.25039602229526664,0.06416999999999999,0.2359600000000001,0.34293,-0.41173000000000004,0.7196800000000001,1029,2,-0.0019883545820880144,-0.004559711519316778
142,2017-06-20,Samsung,50,0.14751622222222222,0.16734424447616075,0.06442499999999997,0.14118999999999998,0.223565,-0.5390900000000001,0.5068199999999999,9350,5,0.03337162893174295,-0.013804862613458369
143,2017-06-21,Samsung,50,0.17498883888888894,0.15435808818350125,0.0621625,0.159555,0.26087,-0.15422,0.5034699999999999,3897,1,-0.013804862613458369,0.010058760417845036
144,2017-06-21,Google,50,0.0987985388888889,0.21211151176790746,-0.03400000000000001,0.12981000000000004,0.25669000000000003,-0.41308,0.5034699999999999,10050,10,-0.009411538196502534,0.00252452942616177
145,2017-06-21,BMW,50,0.1137141333333334,0.17722935000558845,0.014160000000000006,0.11578,0.227965,-0.33161,0.50205,19927,1,-0.0005979073421773505,0.006795043132829193
146,2017-06-21,Airbus,50,0.20399543333333334,0.17173278143115614,0.0789875,0.2460788888888889,0.33778125,-0.32836000000000004,0.45602,6902,2,-0.011914358569900864,-0.0006660894138237339
147,2017-06-21,BASF,45,0.3250431296296296,0.26711488435199965,0.18063,0.28296,0.5888399999999999,-0.35757,0.6982333333333332,117,0,-0.007654873844084698,-0.0038495235639288685
148,2017-06-21,Tesla,50,0.09003147142857143,0.17083638831158562,0.038235000000000005,0.074745,0.153755,-0.31162,0.58938,9657,6,0.011113600174830651,0.01636378591102261
149,2017-06-21,Allianz,24,0.11984656250000005,0.21489353097347047,0.04304250000000001,0.14769000000000002,0.24088437500000004,-0.43566000000000005,0.51276,258,2,-0.004559711519316778,-0.0008572653761182991
150,2017-06-21,Bayer,50,0.1700783611111111,0.19793958281109694,0.0261,0.14228000000000002,0.27269000000000004,-0.20515,0.6666000000000001,36918,5,0.0,0.005730674708985362
151,2017-06-21,Apple,50,0.12316797142857135,0.16726150109822838,0.009329999999999993,0.13964,0.2724975,-0.2686,0.5034699999999999,7659,1,0.00591310853831839,-0.0016466556036327518
152,2017-06-21,Telefonica,10,0.13246999999999998,0.2345843576294985,-0.006822499999999995,0.15891000000000002,0.21433249999999998,-0.2986,0.52045,79,0,-0.011041702170536905,0.000739918642710613
153,2017-06-21,Total,50,-0.15016344285714284,0.16637740479472385,-0.2136125,-0.11138000000000003,-0.052140000000000006,-0.6226499999999999,0.29313,5594,16,0.0,0.0072875502592815175
154,2017-06-22,Telefonica,11,0.3544325974025973,0.2632128388543821,0.19482500000000005,0.4166300000000001,0.56452,-0.26916,0.56452,169,0,0.000739918642710613,0.00810317509362335
155,2017-06-22,BMW,50,0.1065102071428572,0.2522736797589487,-0.042205000000000006,0.103735,0.278869375,-0.5668500000000001,0.9371,5640,1,0.006795043132829193,-0.006795043132829193
156,2017-06-22,Google,50,0.10277225079365078,0.21329346778970326,-0.045339999999999984,0.14723333333333333,0.2582125,-0.47826,0.5259,5601,4,0.00252452942616177,0.006591032901597238
157,2017-06-22,Samsung,50,0.18397564444444445,0.11313859167953265,0.1343975,0.16337000000000002,0.25903000000000004,-0.18181,0.49391,6645,1,0.010058760417845036,-0.007114489100596089
158,2017-06-22,Total,36,-0.07203754629629633,0.2590941481090665,-0.26569000000000004,-0.08306000000000001,0.0006424999999999912,-0.44392,0.7783,34242,3,0.0072875502592815175,-0.007627802048886245
159,2017-06-22,BASF,30,0.2963966111111111,0.2744936603482072,0.15908250000000002,0.27416,0.5028325,-0.38663,0.9884,81,0,-0.0038495235639288685,-0.0068019495275395405
160,2017-06-22,Airbus,50,0.1435079896825396,0.13005496463971936,0.06464,0.13088,0.208125,-0.1073,0.45602,17806,8,-0.0006660894138237339,0.0075672448722095
161,2017-06-22,Bayer,50,0.18569876507936506,0.14370971927718992,0.08573,0.1883427777777778,0.2400710714285715,-0.11694,0.5856700000000001,34163,5,0.005730674708985362,-0.004909993497555831
162,2017-06-22,Allianz,21,0.1925709126984128,0.29038047079649376,-0.11377999999999999,0.33076000000000005,0.41944,-0.27399999999999997,0.59105,188,1,-0.0008572653761182991,-0.005733960664318971
163,2017-06-22,Tesla,50,0.1417001611111111,0.1756077158493052,0.061659999999999986,0.16857,0.225840625,-0.4191,0.7101599999999999,8077,10,0.01636378591102261,0.0021930405886214643
164,2017-06-22,Apple,50,0.10991801904761904,0.14839843696912872,-0.02305249999999999,0.1263,0.2256625,-0.20057,0.4229100000000001,6479,7,-0.0016466556036327518,0.004453434786690913
165,2017-06-23,Google,50,0.09088582777777778,0.1821167344037386,0.0007775000000000039,0.08446000000000001,0.16346,-0.37467,0.5034699999999999,4668,5,0.006591032901597238,0.0019109155457748273
166,2017-06-23,Samsung,50,0.1989207904761904,0.17417092535221068,0.067195,0.166725,0.3346733333333334,-0.1675833333333333,0.5957399999999999,8293,1,-0.007114489100596089,0.01376455517061359
167,2017-06-23,BASF,36,0.1670396527777778,0.20439565510666602,0.12180499999999995,0.197705,0.29922000000000004,-0.35704,0.43758,462,1,-0.0068019495275395405,-0.001059633936788984
168,2017-06-23,Allianz,5,0.185506,0.0996748871582005,0.07794999999999999,0.24389,0.25834,0.07575,0.2716,25,0,-0.005733960664318971,0.0037308121908079532
169,2017-06-23,Apple,50,0.09761613333333337,0.15823826206680194,0.02863249999999998,0.096685,0.1533775,-0.28285000000000005,0.55582,10131,2,0.004453434786690913,-0.003149608902895729
170,2017-06-23,Total,37,-0.06013558558558558,0.2379389891701596,-0.21303000000000002,-0.0434,0.10226,-0.46461,0.34724,7358,2,-0.007627802048886245,-0.0006808510901308296
171,2017-06-23,Airbus,50,0.1871681309523809,0.16458311821762073,0.09757000000000003,0.16824,0.25014000000000003,-0.2988571428571429,0.5689142857142857,7156,4,0.0075672448722095,0.0044866794716034155
172,2017-06-23,BMW,50,0.06168501269841273,0.21489937104060688,-0.10899500000000002,0.118175,0.20243000000000005,-0.4106800000000001,0.41513,21545,0,-0.006795043132829193,-0.0013166558847466092
173,2017-06-23,Telefonica,10,0.22959000000000004,0.13651732165227645,0.12474,0.26317,0.31842000000000004,0.036789999999999996,0.41513,632,0,0.00810317509362335,0.010219067032122277
174,2017-06-23,Tesla,50,0.16152737777777776,0.1185915688327979,0.08529749999999997,0.15582000000000001,0.196355,-0.0637,0.5226500000000001,7595,1,0.0021930405886214643,-0.015665155938881625
175,2017-06-23,Bayer,50,0.2536978952380954,0.13444035693301498,0.16960250000000002,0.24934722222222225,0.35375,-0.045950000000000005,0.54264,44262,4,-0.004909993497555831,0.0020487612165229767
176,2017-06-26,Total,50,-0.08093251111111112,0.13359104390934906,-0.09662000000000001,-0.09662000000000001,-0.04418999999999999,-0.32577,0.42649,23078,18,-0.0006808510901308296,-0.0051212129680831
177,2017-06-26,Samsung,50,0.15459486428571426,0.2090494101330442,0.04187,0.145575,0.25642750000000003,-0.4063,0.843675,4074,1,0.01376455517061359,0.00041416442919661733
178,2017-06-26,Google,50,0.13508746666666666,0.19722004591319955,0.0020875000000000073,0.15001,0.2900400000000001,-0.37942,0.4834,13291,2,0.0019109155457748273,-0.04372630264003874
179,2017-06-26,BMW,50,-0.17199859999999995,0.256972325120025,-0.37622,-0.33218000000000003,-0.09211,-0.37622,0.4579500000000001,10508,15,-0.0013166558847466092,-0.007574427556653163
180,2017-06-26,BASF,32,0.2539748697916666,0.23388813035177594,0.10965499999999999,0.17206,0.428865,-0.33137,0.7097800000000001,871,1,-0.001059633936788984,-0.00590738958000081
181,2017-06-26,Tesla,50,0.12149283333333324,0.14173959007852185,-0.017350000000000008,0.09369000000000002,0.1897075,-0.06514000000000003,0.44297,6718,7,-0.015665155938881625,-0.04087828898668988
182,2017-06-26,Airbus,44,0.14521911616161612,0.14660568388202486,0.060334999999999986,0.135355,0.2630425,-0.2344600000000001,0.4627111111111112,12220,2,0.0044866794716034155,-0.020619287202735315
183,2017-06-26,Telefonica,2,-0.03170999999999999,0.027845865043126236,-0.04155499999999999,-0.03170999999999999,-0.021865,-0.05139999999999998,-0.012019999999999998,125,0,0.010219067032122277,-0.022027322318290743
184,2017-06-26,Allianz,16,0.18556448660714286,0.1705317060477332,0.07208000000000002,0.18045214285714287,0.3352474999999999,-0.07964000000000003,0.48003,309,1,0.0037308121908079532,-0.0011464604293847105
185,2017-06-26,Apple,50,0.16065137857142855,0.13747341479188588,0.06652124999999999,0.14202499999999998,0.245205,-0.11447000000000004,0.5582,7500,1,-0.003149608902895729,-0.014436444815143725
186,2017-06-26,Bayer,50,0.2098309777777778,0.14397111931340167,0.1306877777777778,0.23137,0.29794,-0.13005,0.55905,33012,3,0.0020487612165229767,-0.003280035741050291
187,2017-06-27,Airbus,50,0.13871456666666668,0.16430564866802,0.034559999999999994,0.176555,0.2570175,-0.30243000000000003,0.460925,7607,5,-0.020619287202735315,-0.009588837060138466
188,2017-06-27,Bayer,50,0.15437196904761902,0.16140350019559374,0.07129499999999997,0.16329000000000002,0.2757925,-0.31046250000000003,0.4132,34515,6,-0.003280035741050291,-0.0004107619692170772
189,2017-06-27,Total,50,-0.2494688,0.2637013029729119,-0.48106,-0.48106,0.011344999999999994,-0.5037222222222222,0.35885,16027,30,-0.0051212129680831,0.0056318947393307894
190,2017-06-27,Allianz,14,0.014260416666666663,0.26507603900578164,-0.21288,0.06275,0.2094108333333333,-0.33926,0.4851500000000001,2315,1,-0.0011464604293847105,0.0
191,2017-06-27,Apple,50,0.16035152380952386,0.16385581622705692,0.051983214285714285,0.14551,0.27433,-0.26378,0.6200399999999999,6847,1,-0.014436444815143725,0.014505020162332903
192,2017-06-27,BASF,31,0.15904049155145927,0.20853562806753684,0.02556000000000001,0.18900999999999998,0.27778,-0.4865100000000001,0.6159285714285715,20550,2,-0.00590738958000081,-0.0055849470818341036
193,2017-06-27,Tesla,29,0.1677670689655172,0.14934776618156578,0.04945000000000002,0.13251,0.26997,-0.13199999999999998,0.43756000000000006,7944,0,-0.04087828898668988,0.024182964441894945
194,2017-06-27,Telefonica,18,0.08253238095238091,0.19640266044412896,0.061495000000000015,0.13007,0.23665999999999995,-0.3631700000000001,0.25907142857142856,7251,2,-0.022027322318290743,0.01620064887808459
195,2017-06-27,Google,50,0.08395413888888888,0.2089495649745247,-0.0204875,0.090965,0.2317725,-0.4724666666666668,0.45928,17353,2,-0.04372630264003874,-0.014769904041569859
196,2017-06-27,BMW,50,0.13577571666666666,0.2638448558053026,0.0411525,0.06262500000000001,0.3102575000000001,-0.42125,0.77858,1491,10,-0.007574427556653163,0.009847563667356951
197,2017-06-27,Samsung,50,0.17305430714285716,0.1538504360793345,0.049712499999999986,0.15581,0.27037500000000003,-0.08891,0.6200399999999999,5516,2,0.00041416442919661733,-0.012500162764231606
198,2017-06-28,Allianz,5,0.251934,0.2938490637725429,0.007269999999999999,0.37881,0.39263000000000003,-0.11262999999999998,0.59359,4,0,0.0,-0.0071953109394966575
199,2017-06-28,Telefonica,11,-0.09085077922077923,0.1830794766085223,-0.24506,-0.13072857142857142,0.04239,-0.31406,0.21772,909,1,0.01620064887808459,-0.014716969080692975
200,2017-06-28,Airbus,31,0.1306217511520737,0.22194330894733252,0.051965,0.13932,0.26679,-0.50271,0.44882,12142,5,-0.009588837060138466,-0.022229235842558204
201,2017-06-28,Total,22,-0.028842792207792206,0.20519994504139305,-0.11812285714285715,-0.03017500000000001,0.08894250000000001,-0.48106,0.32336,6386,3,0.0056318947393307894,-0.012673572612418305
202,2017-06-28,Tesla,20,0.1520463888888889,0.15504345300737982,0.07152249999999999,0.1296638888888889,0.24924,-0.20644,0.42774,2504,0,0.024182964441894945,-0.028663556073211364
203,2017-06-28,BMW,50,0.09174404999999998,0.15782901354327525,0.0001924999999999926,0.10662125,0.16646,-0.4381600000000001,0.43841,2594,3,0.009847563667356951,-0.011538589556494115
204,2017-06-28,Google,50,0.1487994166666667,0.17339622341886646,0.03242249999999998,0.146625,0.2755,-0.16953,0.5815600000000001,12281,8,-0.014769904041569859,-0.015040250496235252
205,2017-06-28,Bayer,49,0.1890853498542274,0.14894560545829993,0.11835999999999999,0.2053875,0.30239,-0.22302000000000005,0.374375,38932,6,-0.0004107619692170772,-0.03002727679016548
206,2017-06-28,BASF,6,0.29188833333333336,0.11778335254468975,0.28899,0.3019350000000001,0.354645,0.07396999999999998,0.4166,7,1,-0.0055849470818341036,-0.019979001285763687
207,2017-06-28,Apple,50,0.1515849714285714,0.16880011723483865,0.03147,0.16493000000000002,0.25938666666666665,-0.32421,0.57724,173710,3,0.014505020162332903,-0.014852955171583915
208,2017-06-28,Samsung,50,0.14486638888888895,0.14688380203130538,0.091215,0.16646,0.2145225,-0.21020000000000005,0.53486,4952,7,-0.012500162764231606,0.005018831111943456
209,2017-06-29,Airbus,50,0.15862081349206347,0.2251666233673561,0.02661,0.17818499999999998,0.24367250000000004,-0.50271,0.6993999999999999,5241,4,-0.022229235842558204,-0.0015274598540173654
210,2017-06-29,Apple,50,0.13027855555555554,0.13844863008258154,0.03974,0.103495,0.20762750000000002,-0.13759000000000002,0.43173,6165,2,-0.014852955171583915,0.0023635742668313147
211,2017-06-29,Allianz,16,0.04495711309523809,0.17721946709690056,-0.05778500000000001,0.12015333333333332,0.14084000000000002,-0.3798,0.32384,77,4,-0.0071953109394966575,-0.004052103952570718
212,2017-06-29,Total,31,-0.10210983870967744,0.2147036879922493,-0.21198000000000003,-0.09221,-0.0038650000000000047,-0.5584899999999999,0.52617,4320,3,-0.012673572612418305,0.003956313752552454
213,2017-06-29,Bayer,50,0.2164075563492064,0.16598726118570892,0.10164178571428573,0.196475,0.3499025,-0.08837,0.5025888888888889,31254,4,-0.03002727679016548,-0.04237555743423371
214,2017-06-29,Google,50,0.11390191111111107,0.1595723448127117,0.02807749999999999,0.08189500000000001,0.2065275,-0.27221,0.4869700000000001,9036,9,-0.015040250496235252,0.00278473462400175
215,2017-06-29,BASF,49,0.2384792176870748,0.1550321975709961,0.14665999999999998,0.24131,0.36582,-0.21173000000000008,0.51561,664,4,-0.019979001285763687,-0.014325313845811928
216,2017-06-29,Tesla,49,0.13894789358600587,0.14961241539500889,0.06934285714285716,0.11749000000000001,0.22671,-0.18939,0.5548142857142857,11549,3,-0.028663556073211364,0.002381085348909018
217,2017-06-29,Telefonica,9,0.04212000000000002,0.31379297462658395,-0.19434,0.11023,0.37428,-0.38955,0.39019000000000004,83,0,-0.014716969080692975,0.0
218,2017-06-29,Samsung,50,0.14099922777777776,0.17975763720432214,-0.0006999999999999895,0.14111,0.2385,-0.15145999999999998,0.6056900000000001,5328,2,0.005018831111943456,-0.008378767074191273
219,2017-06-29,BMW,50,0.0163385,0.2047799872990871,-0.0859375,0.025710000000000004,0.14995000000000006,-0.4411600000000001,0.39933,5151,1,-0.011538589556494115,-0.01756142692994711
220,2017-06-30,Bayer,50,0.19654079444444444,0.16099134876192678,0.0976175,0.2023083333333333,0.3173499999999999,-0.2939166666666667,0.56875,34378,3,-0.04237555743423371,
221,2017-06-30,Tesla,50,0.11345680396825394,0.15186592120657175,0.002880555555555545,0.09196,0.206835,-0.20826000000000008,0.4785900000000001,9039,4,0.002381085348909018,
222,2017-06-30,Allianz,30,-0.00793039682539682,0.1992475572919928,-0.19202,-0.037464285714285714,0.139765,-0.25326,0.48857,652,7,-0.004052103952570718,
223,2017-06-30,Apple,50,0.18841323333333326,0.1823910943708233,0.07509249999999999,0.162995,0.31164375,-0.26111,0.6036666666666667,14831,2,0.0023635742668313147,
224,2017-06-30,Telefonica,8,0.08709083333333334,0.16290630496095526,0.00024500000000001257,0.08160500000000001,0.17791500000000002,-0.15283333333333335,0.31329,408,0,0.0,
225,2017-06-30,Airbus,50,0.1857670142857143,0.18174566497036568,0.0990475,0.22265000000000007,0.34094,-0.30849000000000004,0.51344,1973,8,-0.0015274598540173654,
226,2017-06-30,BASF,29,0.21776068965517234,0.2383684027618209,0.09330999999999998,0.21284,0.3348,-0.29146,0.6951999999999998,3773,0,-0.014325313845811928,
227,2017-06-30,Google,50,0.0794855619047619,0.20421429235410668,-0.05497964285714285,0.08218999999999999,0.20480749999999998,-0.29712,0.6221,2978,0,0.00278473462400175,
228,2017-06-30,Samsung,50,0.17808635873015874,0.16222187475344813,0.08404999999999999,0.15281,0.2697625,-0.28641,0.6036666666666667,4046,1,-0.008378767074191273,
229,2017-06-30,BMW,50,-0.29395309999999986,0.3870391097899935,-0.59663,-0.59663,0.074275,-0.70026,0.6176250000000001,1605,18,-0.01756142692994711,
230,2017-06-30,Total,40,-0.05940119444444445,0.14159322208282366,-0.1230575,-0.04011000000000002,-0.028075000000000003,-0.38103,0.2831375,67058,13,0.003956313752552454,
