,25quantileSentiment,50quantileSentiment,75quantileSentiment,ID,Timestamp,analytical_count,anger_count,articleCount,avgSentiment,confident_count,fear_count,ibm_articleCount,joy_count,maxSentiment,minSentiment,nbOfDuplicates,sadness_count,socialScore,stdSentiment,tentative_count
0,0.08482999999999999,0.18218,0.2674725,Samsung,2017-06-01,,,50,0.1656176166666667,,,,,-0.3926111111111111,0.46335,2.0,,1922.0,0.17187920337717333,
1,0.09341249999999998,0.279715,0.3860525,Bayer,2017-06-01,,,50,0.2791707222222222,,,,,-0.03114000000000001,0.71335,7.0,,8477.0,0.181637681027196,
2,0.18142,0.23628000000000002,0.3877,BASF,2017-06-01,,,29,0.2718039176245211,,,,,-0.3906875,0.67285,3.0,,152.0,0.22075509651230504,
3,-0.14143000000000006,0.00995,0.26681,Total,2017-06-01,,,27,0.015326625514403284,,,,,-0.5402399999999999,0.3702,2.0,,2918.0,0.2717020606439439,
4,0.0970325,0.23961,0.35972857142857145,Allianz,2017-06-01,,,50,0.1885093444444445,,,,,-0.26026000000000005,0.71335,25.0,,942.0,0.26054294940673345,
5,0.0321125,0.14000666666666667,0.25425,Tesla,2017-06-01,,,50,0.1588122674603174,,,,,-0.15153,0.55448,1.0,,31675.0,0.1685438143471979,
6,0.0769175,0.16320999999999994,0.3011225,Airbus,2017-06-01,,,50,0.1752515936507936,,,,,-0.12865,0.467,5.0,,1218.0,0.16345974027433727,
7,0.0381525,0.11188,0.21066999999999997,BMW,2017-06-01,,,50,0.07908368333333332,,,,,-0.5376888888888889,0.35647,1.0,,3539.0,0.205927521347719,
8,-0.07244,0.054975,0.18565750000000006,Telefonica,2017-06-01,,,10,0.08213855555555556,,,,,-0.37301999999999996,0.5720888888888889,0.0,,508.0,0.2767473493292788,
9,0.04530250000000001,0.205475,0.304395,Apple,2017-06-01,,,50,0.1603812,,,,,-0.48691999999999996,0.48226,4.0,,14547.0,0.20460637822381905,
10,0.016465,0.15523499999999998,0.2556275,Google,2017-06-01,,,50,0.13287641428571428,,,,,-0.32526,0.5859,3.0,,5591.0,0.1892256432343127,
11,0.024440000000000003,0.18825,0.1955025,BMW,2017-06-02,,,50,0.12489426666666667,,,,,-0.4082,0.48371000000000003,7.0,,383.0,0.1799958393258614,
12,0.038167500000000014,0.14544999999999994,0.2579,Google,2017-06-02,,,50,0.13542122857142855,,,,,-0.32182999999999995,0.49327,5.0,,1923.0,0.18614788215328945,
13,0.20474750000000005,0.33311375,0.429415,Bayer,2017-06-02,,,50,0.3167888500000001,,,,,-0.08474999999999999,0.6471800000000001,6.0,,910.0,0.1832717387314684,
14,0.031555,0.187165,0.26408250000000005,Apple,2017-06-02,,,50,0.13994304999999996,,,,,-0.52599,0.6751,12.0,,642.0,0.23773969250349344,
15,0.11109000000000001,0.30241999999999997,0.30241999999999997,Telefonica,2017-06-02,,,16,0.23188277777777774,,,,,-0.0019299999999999983,0.5630299999999999,2.0,,0.0,0.14822035710803885,
16,0.169945,0.21893,0.43390500000000004,Allianz,2017-06-02,,,23,0.2902286335403727,,,,,0.0296,0.6329600000000001,0.0,,33.0,0.16309786545307228,
17,0.21207,0.26837999999999995,0.30907,BASF,2017-06-02,,,33,0.27485764790764794,,,,,0.05968571428571427,0.6395000000000001,4.0,,0.0,0.11502160675569788,
18,-0.03612999999999999,0.115495,0.1893175,Tesla,2017-06-02,,,50,0.10303521666666664,,,,,-0.30058,0.48371000000000003,2.0,,1825.0,0.17013545026648982,
19,-0.048137500000000014,0.1425575,0.234675625,Samsung,2017-06-02,,,50,0.09595038174603174,,,,,-0.4730875,0.5412888888888889,0.0,,989.0,0.2339670684325285,
20,0.029911666666666663,0.13054000000000002,0.2602975,Airbus,2017-06-02,,,40,0.14013921031746032,,,,,-0.23364,0.52564,2.0,,1376.0,0.18159015791019206,
21,-0.07403000000000001,-0.07403000000000001,0.048825,Total,2017-06-02,,,34,-0.03753450980392156,,,,,-0.5402399999999999,0.30223000000000005,9.0,,308.0,0.15121520933400684,
22,-0.03933888888888888,0.097125,0.1905175,BMW,2017-06-05,,,50,0.07050695793650794,,,,,-0.42845,0.5101000000000001,3.0,,2028.0,0.1846308038156141,
23,0.22754,0.28051,0.30191,Samsung,2017-06-05,,,50,0.2531984222222222,,,,,-0.034910000000000004,0.6839,5.0,,121.0,0.12212382147490583,
24,0.19972,0.2596,0.41513,Telefonica,2017-06-05,,,13,0.2529776923076923,,,,,-0.11408,0.45288,0.0,,7.0,0.1734970412405663,
25,0.026739999999999996,0.12076500000000001,0.21876750000000003,Tesla,2017-06-05,,,50,0.14168009682539684,,,,,-0.10046666666666666,0.5377700000000001,5.0,,395.0,0.14554126236597092,
26,0.11431,0.1966,0.26381,Allianz,2017-06-05,,,17,0.2044814379084967,,,,,-0.05184,0.55053,0.0,,55.0,0.14192200513695302,
27,0.14550499999999994,0.20872,0.30191,Google,2017-06-05,,,50,0.22003285714285706,,,,,-0.10344,0.5374399999999999,3.0,,1618.0,0.1393667821746792,
28,0.12778625,0.19314,0.2888000000000001,Apple,2017-06-05,,,50,0.20164194523809525,,,,,-0.22075999999999996,0.5374399999999999,3.0,,472.0,0.15642384083951535,
29,0.20825,0.28611,0.38464,BASF,2017-06-05,,,29,0.3272106321839081,,,,,-0.22162,0.69516,3.0,,0.0,0.2299499458622816,
30,0.1485175,0.23927500000000004,0.37011,Bayer,2017-06-05,,,50,0.2655887222222223,,,,,0.017899999999999982,0.622325,4.0,,942.0,0.14463009014582318,
31,-0.20377,-0.06457499999999998,0.05400999999999999,Total,2017-06-05,,,30,-0.08384533333333334,,,,,-0.51978,0.4541200000000001,1.0,,71.0,0.21705709267591225,
32,0.0459175,0.136915,0.17959999999999998,Airbus,2017-06-05,,,50,0.08796426587301588,,,,,-0.6486,0.4283222222222223,10.0,,883.0,0.21915165092688427,
33,0.07992,0.13048499999999996,0.2376575,Airbus,2017-06-06,,,50,0.12175684285714278,,,,,-0.50134,0.5497571428571428,5.0,,9629.0,0.21534859123073272,
34,-0.035664999999999995,0.14847500000000002,0.2658508333333333,BMW,2017-06-06,,,50,0.11063294999999998,,,,,-0.50871,0.5482499999999999,0.0,,499.0,0.22200298361589574,
35,0.06251,0.086325,0.16027,Apple,2017-06-06,,,50,0.1056756444444444,,,,,-0.21699,0.4441,29.0,,47.0,0.15134889790278955,
36,0.061640000000000014,0.14691500000000002,0.2440325,Samsung,2017-06-06,,,50,0.1360219611111111,,,,,-0.9747,0.6219300000000001,2.0,,436.0,0.2131650544261942,
37,-0.090455,0.146175,0.28801,Google,2017-06-06,,,50,0.09275730000000004,,,,,-0.32697,0.4776375000000001,18.0,,272.0,0.20243380245636672,
38,0.1776,0.2940833333333333,0.3777400000000001,Telefonica,2017-06-06,,,5,0.2588040952380953,,,,,0.06685714285714286,0.3777400000000001,1.0,,0.0,0.13506837262606994,
39,0.039368928571428576,0.135105,0.2095,Tesla,2017-06-06,,,50,0.12265157142857147,,,,,-0.12474,0.402,18.0,,378.0,0.11050893971924497,
40,0.1662475,0.26210500000000003,0.3833214285714287,BASF,2017-06-06,,,14,0.2836826530612245,,,,,0.053170000000000016,0.6950285714285714,0.0,,4.0,0.17307371922115009,
41,-0.019220000000000004,0.10840999999999998,0.16345,Total,2017-06-06,,,25,0.0544668,,,,,-0.5462,0.43984,4.0,,289.0,0.2018552913954285,
42,0.20647750000000006,0.40048,0.45586750000000004,Bayer,2017-06-06,,,50,0.3196143166666666,,,,,-0.22607000000000005,0.6208899999999999,6.0,,555.0,0.20473721495088645,
43,0.17310250000000002,0.375745,0.49332,Allianz,2017-06-06,,,10,0.30056700000000003,,,,,-0.0888,0.53964,0.0,,33.0,0.2297187804952443,
44,0.013129999999999994,0.090365,0.2402325,Apple,2017-06-07,,,50,0.12343037777777785,,,,,-0.19117,0.6655,6.0,,233.0,0.15942996695602238,
45,0.107585625,0.258245,0.3398311111111111,Bayer,2017-06-07,,,50,0.2479255444444445,,,,,-0.14354,0.6281700000000001,1.0,,829.0,0.17805210490438209,
46,0.08734,0.16578000000000004,0.3214425,Airbus,2017-06-07,,,50,0.1880348666666667,,,,,-0.1934,0.47497,5.0,,14.0,0.14034722025786206,
47,-0.04128250000000002,0.226275,0.25885249999999993,Telefonica,2017-06-07,,,10,0.118586,,,,,-0.37835,0.32935,0.0,,17.0,0.2422601364557437,
48,0.050487500000000005,0.14238499999999998,0.25842625,Samsung,2017-06-07,,,50,0.15867942539682545,,,,,-0.27039,0.47496000000000005,0.0,,769.0,0.15696419296838088,
49,0.1080625,0.3002599999999999,0.3002599999999999,Tesla,2017-06-07,,,50,0.22481553333333326,,,,,-0.06569,0.4846,19.0,,175.0,0.13214288784145506,
50,-0.18254750000000006,0.0092,0.16341250000000002,Total,2017-06-07,,,20,-0.005632999999999997,,,,,-0.33971999999999997,0.34989000000000003,1.0,,2563.0,0.2117418864934132,
51,0.013129999999999994,0.09905499999999999,0.21955,Google,2017-06-07,,,50,0.11652253333333334,,,,,-0.4194699999999999,0.66385,11.0,,4094.0,0.19547741697622428,
52,0.06449055555555555,0.27137,0.4071150000000001,Allianz,2017-06-07,,,23,0.27306657004830914,,,,,-0.04249999999999999,0.6214099999999999,0.0,,39.0,0.2128597784806409,
53,0.2274,0.30600000000000005,0.39495,BASF,2017-06-07,,,22,0.2949256818181818,,,,,0.06949999999999999,0.4875600000000001,0.0,,0.0,0.13549465392981602,
54,-0.016840833333333336,0.133415,0.2537849999999999,BMW,2017-06-07,,,50,0.07903110158730159,,,,,-0.62142,0.6506700000000001,1.0,,108.0,0.25233491611467745,
55,-0.04495892857142855,0.10822000000000001,0.2887575,BMW,2017-06-08,,,50,0.0849865492063492,,,,,-0.58135,0.5289,1.0,,146.0,0.2588087582743293,
56,0.0448775,0.16359,0.24885250000000006,Samsung,2017-06-08,,,50,0.1338742880952381,,,,,-0.44882,0.6287666666666666,2.0,,447.0,0.23062314111843765,
57,-0.0186275,0.059205000000000015,0.24079,Total,2017-06-08,,,24,0.04375458333333335,,,,,-0.6001500000000001,0.35118000000000005,0.0,,36.0,0.2431353201136671,
58,-0.037275000000000016,0.12409,0.30045000000000005,Allianz,2017-06-08,,,39,0.10843660256410256,,,,,-0.30702,0.5015400000000001,2.0,,24.0,0.2488738998287079,
59,0.022050000000000004,0.21702,0.28259,Airbus,2017-06-08,,,50,0.16110105793650792,,,,,-0.16404000000000002,0.53237,3.0,,91.0,0.175642962151732,
60,0.0195,0.0929375,0.27226500000000003,Tesla,2017-06-08,,,50,0.12694320793650793,,,,,-0.12521000000000002,0.36598,3.0,,406.0,0.13913303749500808,
61,0.19731083333333327,0.349475,0.5241775,BASF,2017-06-08,,,22,0.3878455808080809,,,,,0.10626,0.7309899999999999,0.0,,0.0,0.21187701804508055,
62,0.09045,0.20169000000000006,0.301065,Bayer,2017-06-08,,,50,0.18945714285714288,,,,,-0.24806,0.6704199999999999,3.0,,1816.0,0.15242530799826956,
63,0.226885,0.34713000000000005,0.461025,Telefonica,2017-06-08,,,7,0.3215485714285714,,,,,0.048639999999999996,0.47925,1.0,,0.0,0.1650923882182914,
64,0.0587525,0.13117714285714285,0.208075,Apple,2017-06-08,,,50,0.12509809523809526,,,,,-0.49594,0.4739500000000001,2.0,,473.0,0.15964716092971906,
65,0.0607625,0.2463633333333333,0.25984,Google,2017-06-08,,,50,0.15605396111111106,,,,,-0.30816,0.59219,3.0,,53.0,0.19340392771759085,
66,-0.053773214285714285,0.08851500000000001,0.14854,Google,2017-06-09,,,50,0.06438925396825397,,,,,-0.28673000000000004,0.4714666666666666,3.0,,2222.0,0.17029978014060854,
67,0.22393333333333326,0.2280142857142857,0.342625,Telefonica,2017-06-09,,,7,0.2677429931972789,,,,,0.08365999999999997,0.42941,1.0,,7.0,0.120839937797681,
68,-0.01171500000000001,0.11205999999999999,0.18634,Allianz,2017-06-09,,,27,0.14395195473251024,,,,,-0.078825,0.5595100000000001,0.0,,63.0,0.19064778798684645,
69,0.101705,0.2171,0.3132725,Bayer,2017-06-09,,,50,0.2047058888888889,,,,,-0.06470000000000001,0.50753,8.0,,22662.0,0.1417170406023009,
70,-0.1018175,0.0011700000000000046,0.08918500000000001,Total,2017-06-09,,,16,0.015785486111111108,,,,,-0.31993000000000005,0.4204500000000001,1.0,,56.0,0.18880886284930465,
71,-0.16383,-0.01795000000000001,0.10996833333333332,Airbus,2017-06-09,,,50,-0.02149421666666667,,,,,-0.38434,0.4433625,4.0,,720.0,0.2067012008655021,
72,-0.029622222222222223,0.058355,0.1901125,BMW,2017-06-09,,,50,0.07147047222222222,,,,,-0.38106,0.3479,15.0,,9325.0,0.15192399547677082,
73,-0.039365,0.07820500000000001,0.2290625,Tesla,2017-06-09,,,50,0.0933912,,,,,-0.2598300000000001,0.55019,2.0,,7454.0,0.18209223574099215,
74,-0.040835714285714295,0.07084000000000001,0.14533,Apple,2017-06-09,,,50,0.062488509523809514,,,,,-0.31551,0.36865,1.0,,9970.0,0.1472229219166342,
75,0.15857249999999998,0.274125,0.3258439285714286,BASF,2017-06-09,,,26,0.2269992719780219,,,,,-0.3894700000000001,0.6623625,2.0,,22.0,0.23640713056398005,
76,0.08195250000000001,0.17404999999999998,0.31257500000000005,Samsung,2017-06-09,,,50,0.19992432619047626,,,,,-0.10274999999999998,0.5951,4.0,,6390.0,0.1655749065336417,
77,0.059455,0.16477,0.292745,Tesla,2017-06-12,,,47,0.1605484194528875,,,,,-0.10356,0.43321,4.0,,23506.0,0.1360546729061709,
78,-0.23621,-0.034789999999999995,0.1623675,Total,2017-06-12,,,24,-0.05063958333333332,,,,,-0.45546000000000003,0.31458,2.0,,3132.0,0.2422174364433951,
79,0.02969916666666665,0.20573125,0.3082775,Bayer,2017-06-12,,,50,0.179388365079365,,,,,-0.16870000000000002,0.6178899999999998,2.0,,46733.0,0.16703513413155355,
80,0.191195,0.24094,0.30025749999999995,BASF,2017-06-12,,,36,0.24065256172839505,,,,,0.005979999999999996,0.47325,1.0,,128.0,0.1043306777334396,
81,-0.12772,-0.05421,0.157275,Airbus,2017-06-12,,,50,0.02886473333333332,,,,,-0.27080000000000004,0.5925,7.0,,3145.0,0.1982293462368264,
82,0.054155000000000016,0.11728999999999998,0.26748229166666665,Samsung,2017-06-12,,,50,0.13582406746031744,,,,,-0.46688,0.46958,1.0,,4819.0,0.18693983646919315,
83,0.0296,0.1903,0.364125,Allianz,2017-06-12,,,25,0.190657,,,,,-0.22541,0.6017,0.0,,1434.0,0.2260508700307669,
84,-0.1098725,-0.006825,0.1578525,Google,2017-06-12,,,50,0.018007328571428578,,,,,-0.55907,0.41912,3.0,,4945.0,0.19945982708651627,
85,0.0616425,0.099105,0.30767,Telefonica,2017-06-12,,,10,0.170592,,,,,-0.17334999999999998,0.47366,0.0,,570.0,0.20998937284221472,
86,-0.16429750000000004,0.068885,0.2373482142857143,BMW,2017-06-12,,,50,0.036591066666666665,,,,,-0.4441625,0.49381,2.0,,14168.0,0.24257073988598654,
87,-0.08825,0.036865,0.1615775,Apple,2017-06-12,,,50,0.04646737777777777,,,,,-0.37945999999999996,0.45682,4.0,,1620.0,0.17605222206209908,
88,0.0424175,0.16055142857142854,0.30720000000000003,BMW,2017-06-13,,,50,0.16415635873015869,,,,,-0.38864,0.5824999999999999,1.0,,8418.0,0.18616950597074974,
89,0.06773000000000001,0.18850999999999998,0.295495,Bayer,2017-06-13,,,50,0.1665211,,,,,-0.34914,0.4453699999999999,5.0,,19795.0,0.17641508729108268,
90,-0.014180000000000003,0.18942071428571428,0.349865,Allianz,2017-06-13,,,26,0.17344840659340655,,,,,-0.37413,0.55398,0.0,,656.0,0.2638706583721799,
91,-0.02589749999999999,0.122605,0.2182,Airbus,2017-06-13,,,48,0.12007999669312165,,,,,-0.18227,0.6993999999999999,2.0,,7580.0,0.1980299729211856,
92,0.02048,0.13455999999999999,0.2875725,Tesla,2017-06-13,,,50,0.14297705873015876,,,,,-0.3690250000000001,0.44968,2.0,,12160.0,0.17280744870258585,
93,-0.010197499999999995,0.11425071428571427,0.23443000000000006,Google,2017-06-13,,,50,0.10420363968253968,,,,,-0.3795000000000001,0.45566,1.0,,8113.0,0.17111116282251895,
94,0.07979499999999999,0.13643,0.230915,Apple,2017-06-13,,,50,0.14322610634920632,,,,,-0.3795000000000001,0.438925,1.0,,3184.0,0.13915807183830867,
95,-0.1754,-0.11410999999999999,-0.01924,Total,2017-06-13,,,43,-0.0807672388335179,,,,,-0.32784,0.857,10.0,,6494.0,0.21540856363593736,
96,0.08884500000000001,0.16419499999999998,0.27703249999999996,Samsung,2017-06-13,,,50,0.18619235555555547,,,,,-0.24083,0.5501,4.0,,5588.0,0.1672047661739174,
97,-0.021312499999999998,0.16058499999999998,0.28691750000000005,Telefonica,2017-06-13,,,10,0.120423,,,,,-0.33842000000000005,0.63767,1.0,,1789.0,0.314175451691496,
98,0.10965,0.20763,0.32672125,BASF,2017-06-13,,,36,0.20626629960317466,,,,,-0.36661,0.6051142857142856,0.0,,564.0,0.16903635235697026,
99,0.02631000000000001,0.113375,0.23078250000000006,Tesla,2017-06-14,,,50,0.11173613333333332,,,,,-0.5994,0.52856,5.0,,135067.0,0.20352051473407684,
100,0.06499500000000001,0.12728166666666665,0.1915908333333333,Apple,2017-06-14,,,50,0.12178195079365073,,,,,-0.23162500000000005,0.5357,7.0,,8846.0,0.13363627908863854,
101,0.04427,0.23565,0.29061000000000003,BASF,2017-06-14,,,44,0.1829141477272727,,,,,-0.40284000000000003,0.47681,13.0,,612.0,0.17037558381473353,
102,-0.103895,0.17634,0.30143000000000003,Telefonica,2017-06-14,,,10,0.11830299999999998,,,,,-0.18426,0.36274,0.0,,393.0,0.21822780808900896,
103,0.07589000000000001,0.1935838888888889,0.3184241666666666,Samsung,2017-06-14,,,50,0.19150540000000008,,,,,-0.38701,0.67024,2.0,,1831.0,0.2112999967679008,
104,0.061845,0.18413,0.303195,BMW,2017-06-14,,,50,0.16610856190476192,,,,,-0.44591,0.6544699999999999,1.0,,2485.0,0.2086561869360981,
105,-0.010085000000000007,0.13294,0.2732,Allianz,2017-06-14,,,19,0.17141052631578946,,,,,-0.21545,0.8316,2.0,,1090.0,0.26008145195247506,
106,0.0688275,0.10196000000000001,0.178795,Google,2017-06-14,,,50,0.13123419841269846,,,,,-0.15980999999999998,0.7289,9.0,,12244.0,0.1444575025529968,
107,-0.007834999999999995,0.10914,0.17515999999999998,Total,2017-06-14,,,50,0.09948156825396827,,,,,-0.39226,0.5309200000000001,23.0,,5992.0,0.20284108828298308,
108,0.038887499999999985,0.147705,0.24894,Airbus,2017-06-14,,,50,0.13485310000000006,,,,,-0.5994,0.45808000000000004,3.0,,5297.0,0.1720627070756888,
109,0.22122000000000006,0.294835,0.340395625,Bayer,2017-06-14,,,50,0.2975890452380952,,,,,0.07129999999999999,0.58996,7.0,,22806.0,0.11565074047022288,
110,-0.008852500000000001,0.16695500000000002,0.2740875,BMW,2017-06-15,,,50,0.1226774420634921,,,,,-0.4616142857142857,0.56491,5.0,,6421.0,0.2098962407525372,
111,0.14687999999999998,0.232075,0.3346892857142857,Bayer,2017-06-15,,,50,0.2257254452380953,,,,,-0.5994,0.7291000000000001,7.0,,28705.0,0.20992634108444072,
112,0.027440000000000003,0.1074222222222222,0.26357250000000004,Apple,2017-06-15,,,50,0.12504830476190476,,,,,-0.29174999999999995,0.59716,4.0,,3246.0,0.18368784892522655,
113,-0.2816892857142857,0.09718,0.25892750000000003,BASF,2017-06-15,,,50,0.025998844444444464,,,,,-0.4164000000000001,0.6356700000000001,12.0,,260.0,0.30205880113472383,
114,-0.22010000000000005,-0.22010000000000005,0.116685,Telefonica,2017-06-15,,,19,-0.07060368421052635,,,,,-0.22010000000000005,0.37614,9.0,,9954.0,0.20753105896629676,
115,0.0522525,0.1964375,0.2608725000000001,Tesla,2017-06-15,,,50,0.15313193333333333,,,,,-0.5994,0.39279,1.0,,35753.0,0.17860235849702102,
116,0.1006425,0.17134499999999994,0.2732825,Samsung,2017-06-15,,,50,0.1770986920634921,,,,,-0.29174999999999995,0.5735399999999999,2.0,,7592.0,0.1754604116285021,
117,0.08932000000000001,0.19053000000000006,0.36673,Allianz,2017-06-15,,,17,0.2223258823529412,,,,,-0.031010000000000003,0.57548,2.0,,3.0,0.19166197154948425,
118,0.049955,0.141455,0.2016375,Google,2017-06-15,,,50,0.1354081619047619,,,,,-0.36338,0.51945,2.0,,8495.0,0.18941591583458986,
119,-0.11191,-0.05392000000000001,-0.03129000000000001,Total,2017-06-15,,,50,-0.07262239999999999,,,,,-0.41206000000000004,0.28538,26.0,,2423.0,0.10194942110434076,
120,-0.002569999999999993,0.097135,0.197155,Airbus,2017-06-15,,,50,0.098656276984127,,,,,-0.37201999999999996,0.42913999999999997,2.0,,6735.0,0.17079687643879554,
121,0.078065,0.21405833333333332,0.2884375,Airbus,2017-06-16,,,50,0.1955109333333334,,,,,-0.05545,0.5957125,13.0,,6825.0,0.1595044320641679,
122,-0.060520000000000004,0.008060000000000001,0.17688999999999994,Telefonica,2017-06-16,,,9,0.02294846560846561,,,,,-0.35275,0.3216333333333334,0.0,,6100.0,0.20915274835062006,
123,0.054772500000000016,0.130675,0.222785,Tesla,2017-06-16,,,42,0.1363124149659864,,,,,-0.04155,0.35627000000000003,0.0,,30198.0,0.10776905757720512,
124,0.12513999999999995,0.2544,0.34,Allianz,2017-06-16,,,13,0.2644815384615385,,,,,-0.0498,0.7906,0.0,,36.0,0.2386592439318087,
125,-0.04513,-0.04513,0.1406375,Total,2017-06-16,,,50,0.002113933333333352,,,,,-0.56785,0.34639000000000003,30.0,,3129.0,0.17208527727213524,
126,-0.0912,0.11477,0.19759749999999998,BMW,2017-06-16,,,50,0.05889063333333335,,,,,-0.468175,0.48049,5.0,,9057.0,0.22298914050564625,
127,0.07865,0.15827,0.2679375,Apple,2017-06-16,,,50,0.1665291285714286,,,,,-0.49387,0.49648,3.0,,12210.0,0.16456012113588667,
128,0.02568874999999999,0.15852500000000005,0.25527749999999994,Google,2017-06-16,,,50,0.12669404444444446,,,,,-0.30654000000000003,0.5987625000000001,2.0,,26829.0,0.18919922977346693,
129,0.014580000000000003,0.0948,0.223415,BASF,2017-06-16,,,39,0.1150275702075702,,,,,-0.30744999999999995,0.7332285714285715,3.0,,6279.0,0.2274284505907926,
130,0.10569000000000002,0.21740000000000004,0.2691025,Bayer,2017-06-16,,,50,0.19737177142857135,,,,,-0.14279000000000006,0.5718571428571428,9.0,,45154.0,0.15721490476445493,
131,0.0925,0.17222500000000002,0.25747,Samsung,2017-06-16,,,50,0.18192337857142854,,,,,-0.3720500000000001,0.5013,0.0,,4327.0,0.160494507222795,
132,-0.023235,0.13474999999999998,0.22240000000000004,BMW,2017-06-19,,,50,0.08699948571428569,,,,,-0.41244,0.6285499999999999,1.0,,19668.0,0.23652747359645165,
133,0.16630750000000002,0.244055,0.3551,BASF,2017-06-19,,,18,0.26247714285714285,,,,,0.09882,0.4762142857142857,0.0,,26.0,0.11588110971368625,
134,0.0053125,0.28833000000000003,0.381365,Allianz,2017-06-19,,,28,0.22380142857142865,,,,,-0.17060999999999998,0.5774100000000001,3.0,,483.0,0.21819373526523328,
135,0.1198475,0.168835,0.4310675,Telefonica,2017-06-19,,,10,0.22821900000000006,,,,,-0.08177999999999998,0.5050899999999999,0.0,,47.0,0.20794357997890786,
136,-0.05095111111111112,0.12992499999999996,0.2683125,Google,2017-06-19,,,50,0.07348987539682539,,,,,-0.43263,0.42849,26.0,,11768.0,0.2413120796196293,
137,0.08588249999999997,0.188075,0.30509250000000004,Samsung,2017-06-19,,,50,0.1858286,,,,,-0.2133,0.43934,1.0,,4911.0,0.15913643145943313,
138,0.02282,0.08801,0.199315,Bayer,2017-06-19,,,50,0.1045800666666666,,,,,-0.18806,0.4367625,6.0,,26633.0,0.14419115617810427,
139,-0.244025,-0.15228,-0.032504999999999985,Total,2017-06-19,,,26,-0.10827807692307696,,,,,-0.51436,0.4835000000000001,1.0,,33082.0,0.2569753544761712,
140,-0.01484999999999999,0.121755,0.2004125,Tesla,2017-06-19,,,38,0.09387877192982454,,,,,-0.36073,0.46825,0.0,,6366.0,0.18417981101260056,
141,0.05640999999999999,0.176095,0.2550825,Apple,2017-06-19,,,50,0.13874680952380952,,,,,-0.59468,0.47934,17.0,,4366.0,0.20194162626620252,
142,-0.010537499999999998,0.20259,0.2684983333333333,Airbus,2017-06-19,,,50,0.16469594999999998,,,,,-0.07597000000000001,0.5885699999999999,7.0,,2150.0,0.1759545462047012,
143,0.09492499999999998,0.2227,0.32741000000000003,BASF,2017-06-20,,,27,0.2836676851851852,,,,,-0.10252,0.9618,0.0,,1222.0,0.2857121631007584,
144,0.041470000000000014,0.09552999999999999,0.16316250000000002,Apple,2017-06-20,,,50,0.10105725952380956,,,,,-0.4197800000000001,0.45707,12.0,,4542.0,0.14040190783617892,
145,0.03155,0.17470999999999998,0.244605,Telefonica,2017-06-20,,,11,0.15932636363636365,,,,,-0.1204,0.50153,0.0,,233.0,0.18661623757180013,
146,-0.002800000000000002,0.097125,0.2240825,Google,2017-06-20,,,50,0.10012416428571427,,,,,-0.4193400000000001,0.5270100000000001,1.0,,46634.0,0.18114967016596895,
147,0.099065,0.2695833333333333,0.362145,Bayer,2017-06-20,,,50,0.2335001357142857,,,,,-0.28636999999999996,0.5761,5.0,,41637.0,0.19187662043027756,
148,0.108545,0.1374,0.1374,Airbus,2017-06-20,,,50,0.13268262857142865,,,,,-0.19969,0.47481,23.0,,1429.0,0.12270099490754055,
149,0.06442499999999997,0.14118999999999998,0.223565,Samsung,2017-06-20,,,50,0.14751622222222222,,,,,-0.5390900000000001,0.5068199999999999,5.0,,9350.0,0.16734424447616075,
150,0.02023,0.08600111111111111,0.19499285714285716,BMW,2017-06-20,,,50,0.053561223015873,,,,,-0.4637200000000001,0.3451375,0.0,,12124.0,0.20470979958417607,
151,-0.14164000000000002,0.08269357142857145,0.24466666666666664,Tesla,2017-06-20,,,50,0.053112592857142885,,,,,-0.5820900000000001,0.5068199999999999,0.0,,26660.0,0.26438489657313624,
152,0.06416999999999999,0.23596000000000006,0.34293,Allianz,2017-06-20,,,25,0.2015011,,,,,-0.41173,0.7196800000000001,2.0,,1029.0,0.25039602229526664,
153,-0.104765,-0.058849999999999986,0.013835000000000014,Total,2017-06-20,,,50,-0.07941555555555556,,,,,-0.48256,0.36002,22.0,,8466.0,0.1804028419083433,
154,0.038235000000000005,0.074745,0.153755,Tesla,2017-06-21,,,50,0.09003147142857143,,,,,-0.31162,0.58938,6.0,,9657.0,0.17083638831158562,
155,0.0789875,0.2460788888888889,0.33778125,Airbus,2017-06-21,,,50,0.20399543333333334,,,,,-0.32836000000000004,0.45602,2.0,,6902.0,0.17173278143115614,
156,-0.006822499999999995,0.15891000000000002,0.2143325,Telefonica,2017-06-21,,,10,0.13246999999999998,,,,,-0.2986,0.52045,0.0,,79.0,0.2345843576294985,
157,0.009329999999999991,0.13964000000000001,0.2724975,Apple,2017-06-21,,,50,0.12316797142857135,,,,,-0.2686,0.5034699999999999,1.0,,7659.0,0.16726150109822838,
158,0.04304250000000001,0.14769000000000002,0.24088437500000004,Allianz,2017-06-21,,,24,0.11984656250000005,,,,,-0.43566,0.51276,2.0,,258.0,0.21489353097347047,
159,0.0621625,0.159555,0.26087,Samsung,2017-06-21,,,50,0.17498883888888894,,,,,-0.15422,0.5034699999999999,1.0,,3897.0,0.15435808818350125,
160,-0.03400000000000001,0.12981000000000004,0.25669000000000003,Google,2017-06-21,,,50,0.0987985388888889,,,,,-0.41308,0.5034699999999999,10.0,,10050.0,0.21211151176790746,
161,0.014160000000000006,0.11578,0.227965,BMW,2017-06-21,,,50,0.1137141333333334,,,,,-0.33161,0.50205,1.0,,19927.0,0.17722935000558845,
162,-0.2136125,-0.11138000000000003,-0.052140000000000006,Total,2017-06-21,,,50,-0.15016344285714284,,,,,-0.6226499999999999,0.29313,16.0,,5594.0,0.16637740479472385,
163,0.0261,0.14228000000000002,0.27269000000000004,Bayer,2017-06-21,,,50,0.1700783611111111,,,,,-0.20515,0.6666000000000001,5.0,,36918.0,0.19793958281109697,
164,0.18062999999999999,0.28296,0.5888399999999999,BASF,2017-06-21,,,45,0.3250431296296296,,,,,-0.35757,0.6982333333333332,0.0,,117.0,0.26711488435199965,
165,0.15908250000000002,0.27416,0.5028325,BASF,2017-06-22,,,30,0.2963966111111111,,,,,-0.38663000000000003,0.9884,0.0,,81.0,0.2744936603482072,
166,-0.11378,0.33076000000000005,0.41944,Allianz,2017-06-22,,,21,0.1925709126984128,,,,,-0.274,0.59105,1.0,,188.0,0.29038047079649376,
167,0.061659999999999986,0.16857,0.225840625,Tesla,2017-06-22,,,50,0.1417001611111111,,,,,-0.4191,0.7101599999999999,10.0,,8077.0,0.1756077158493052,
168,-0.042205000000000006,0.103735,0.278869375,BMW,2017-06-22,,,50,0.1065102071428572,,,,,-0.5668500000000001,0.9371,1.0,,5640.0,0.2522736797589487,
169,0.1343975,0.16337000000000002,0.25903000000000004,Samsung,2017-06-22,,,50,0.18397564444444445,,,,,-0.18181,0.49391,1.0,,6645.0,0.11313859167953265,
170,-0.02305249999999999,0.1263,0.2256625,Apple,2017-06-22,,,50,0.10991801904761904,,,,,-0.20057,0.42291000000000006,7.0,,6479.0,0.14839843696912872,
171,0.08573,0.1883427777777778,0.2400710714285715,Bayer,2017-06-22,,,50,0.18569876507936506,,,,,-0.11694,0.5856700000000001,5.0,,34163.0,0.14370971927718992,
172,0.06464,0.13088,0.208125,Airbus,2017-06-22,,,50,0.1435079896825396,,,,,-0.1073,0.45602,8.0,,17806.0,0.13005496463971936,
173,-0.045339999999999984,0.14723333333333333,0.2582125,Google,2017-06-22,,,50,0.10277225079365078,,,,,-0.47826,0.5259,4.0,,5601.0,0.21329346778970326,
174,0.19482500000000005,0.4166300000000001,0.56452,Telefonica,2017-06-22,,,11,0.3544325974025973,,,,,-0.26916,0.56452,0.0,,169.0,0.2632128388543821,
175,-0.26569000000000004,-0.08306000000000001,0.0006424999999999912,Total,2017-06-22,,,36,-0.07203754629629633,,,,,-0.44392,0.7783,3.0,,34242.0,0.2590941481090665,
176,0.07794999999999999,0.24389,0.25834,Allianz,2017-06-23,,,5,0.185506,,,,,0.07575,0.2716,0.0,,25.0,0.0996748871582005,
177,0.067195,0.166725,0.3346733333333334,Samsung,2017-06-23,,,50,0.1989207904761904,,,,,-0.1675833333333333,0.5957399999999999,1.0,,8293.0,0.17417092535221068,
178,0.16960250000000002,0.24934722222222225,0.35375,Bayer,2017-06-23,,,50,0.2536978952380954,,,,,-0.045950000000000005,0.54264,4.0,,44262.0,0.13444035693301498,
179,0.12474,0.26316999999999996,0.31842000000000004,Telefonica,2017-06-23,,,10,0.22959000000000004,,,,,0.03679,0.41513,0.0,,632.0,0.13651732165227645,
180,0.0007775000000000039,0.08446000000000001,0.16346,Google,2017-06-23,,,50,0.09088582777777778,,,,,-0.37467,0.5034699999999999,5.0,,4668.0,0.1821167344037386,
181,-0.10899500000000002,0.118175,0.20243000000000005,BMW,2017-06-23,,,50,0.06168501269841273,,,,,-0.41068000000000005,0.41513,0.0,,21545.0,0.21489937104060688,
182,0.08529749999999997,0.15582,0.196355,Tesla,2017-06-23,,,50,0.16152737777777776,,,,,-0.0637,0.5226500000000001,1.0,,7595.0,0.1185915688327979,
183,0.09757000000000003,0.16824,0.25014000000000003,Airbus,2017-06-23,,,50,0.1871681309523809,,,,,-0.2988571428571429,0.5689142857142857,4.0,,7156.0,0.16458311821762073,
184,-0.21303,-0.0434,0.10226,Total,2017-06-23,,,37,-0.06013558558558558,,,,,-0.46461,0.34724,2.0,,7358.0,0.2379389891701596,
185,0.12180499999999995,0.197705,0.29922000000000004,BASF,2017-06-23,,,36,0.1670396527777778,,,,,-0.35704,0.43758,1.0,,462.0,0.204395655106666,
186,0.02863249999999998,0.09668500000000001,0.1533775,Apple,2017-06-23,,,50,0.09761613333333337,,,,,-0.28285000000000005,0.55582,2.0,,10131.0,0.15823826206680194,
187,-0.017350000000000008,0.09369000000000002,0.1897075,Tesla,2017-06-26,,,50,0.12149283333333323,,,,,-0.06514000000000003,0.44297,7.0,,6718.0,0.14173959007852185,
188,0.109655,0.17206,0.42886499999999994,BASF,2017-06-26,,,32,0.2539748697916666,,,,,-0.33137,0.7097800000000001,1.0,,871.0,0.23388813035177594,
189,0.04187,0.145575,0.25642750000000003,Samsung,2017-06-26,,,50,0.15459486428571426,,,,,-0.4063,0.843675,1.0,,4074.0,0.2090494101330442,
190,0.07208000000000002,0.18045214285714287,0.3352474999999999,Allianz,2017-06-26,,,16,0.18556448660714286,,,,,-0.07964000000000003,0.48003,1.0,,309.0,0.1705317060477332,
191,0.0020875000000000073,0.15001,0.2900400000000001,Google,2017-06-26,,,50,0.13508746666666666,,,,,-0.37942,0.4834,2.0,,13291.0,0.19722004591319955,
192,0.1306877777777778,0.23137,0.29794,Bayer,2017-06-26,,,50,0.2098309777777778,,,,,-0.13005,0.55905,3.0,,33012.0,0.14397111931340167,
193,0.060334999999999986,0.135355,0.2630425,Airbus,2017-06-26,,,44,0.14521911616161612,,,,,-0.23446000000000006,0.4627111111111112,2.0,,12220.0,0.14660568388202486,
194,-0.04155499999999999,-0.03170999999999999,-0.021865,Telefonica,2017-06-26,,,2,-0.03170999999999999,,,,,-0.05139999999999998,-0.012019999999999998,0.0,,125.0,0.027845865043126233,
195,-0.09662,-0.09662,-0.044189999999999986,Total,2017-06-26,,,50,-0.08093251111111112,,,,,-0.32577,0.42649,18.0,,23078.0,0.13359104390934906,
196,-0.37622,-0.33218000000000003,-0.09211,BMW,2017-06-26,,,50,-0.17199859999999995,,,,,-0.37622,0.4579500000000001,15.0,,10508.0,0.256972325120025,
197,0.06652124999999999,0.14202499999999998,0.245205,Apple,2017-06-26,,,50,0.16065137857142855,,,,,-0.11447000000000004,0.5582,1.0,,7500.0,0.13747341479188588,
198,0.041152499999999995,0.06262500000000001,0.3102575000000001,BMW,2017-06-27,,,50,0.13577571666666666,,,,,-0.42125,0.77858,10.0,,1491.0,0.2638448558053026,
199,0.06149500000000001,0.13007,0.23665999999999995,Telefonica,2017-06-27,,,18,0.08253238095238091,,,,,-0.3631700000000001,0.25907142857142856,2.0,,7251.0,0.19640266044412896,
200,0.049450000000000015,0.13251,0.26997,Tesla,2017-06-27,,,29,0.1677670689655172,,,,,-0.13199999999999998,0.43756,0.0,,7944.0,0.14934776618156578,
201,0.07129499999999997,0.16329000000000002,0.2757925,Bayer,2017-06-27,,,50,0.15437196904761902,,,,,-0.31046250000000003,0.4132,6.0,,34515.0,0.16140350019559374,
202,0.02556000000000001,0.18901,0.27778,BASF,2017-06-27,,,31,0.15904049155145927,,,,,-0.48651000000000005,0.6159285714285715,2.0,,20550.0,0.20853562806753684,
203,0.051983214285714285,0.14551,0.27433,Apple,2017-06-27,,,50,0.16035152380952386,,,,,-0.26378,0.6200399999999999,1.0,,6847.0,0.16385581622705692,
204,0.04971249999999999,0.15581,0.27037500000000003,Samsung,2017-06-27,,,50,0.17305430714285716,,,,,-0.08891,0.6200399999999999,2.0,,5516.0,0.1538504360793345,
205,-0.48106000000000004,-0.48106000000000004,0.011344999999999994,Total,2017-06-27,,,50,-0.24946879999999996,,,,,-0.5037222222222222,0.35885,30.0,,16027.0,0.2637013029729119,
206,-0.21288,0.06275,0.2094108333333333,Allianz,2017-06-27,,,14,0.014260416666666663,,,,,-0.33926,0.4851500000000001,1.0,,2315.0,0.26507603900578164,
207,-0.0204875,0.090965,0.2317725,Google,2017-06-27,,,50,0.08395413888888888,,,,,-0.4724666666666668,0.45928,2.0,,17353.0,0.2089495649745247,
208,0.034559999999999994,0.176555,0.2570175,Airbus,2017-06-27,,,50,0.13871456666666668,,,,,-0.30243000000000003,0.460925,5.0,,7607.0,0.16430564866802,
209,0.11836,0.2053875,0.30239,Bayer,2017-06-28,,,49,0.1890853498542274,,,,,-0.22302000000000005,0.374375,6.0,,38932.0,0.14894560545829993,
210,0.007269999999999999,0.37881,0.39263,Allianz,2017-06-28,,,5,0.251934,,,,,-0.11262999999999998,0.59359,0.0,,4.0,0.2938490637725429,
211,0.07152249999999999,0.1296638888888889,0.24924000000000002,Tesla,2017-06-28,,,20,0.1520463888888889,,,,,-0.20644,0.42773999999999995,0.0,,2504.0,0.15504345300737982,
212,0.091215,0.16646,0.21452249999999998,Samsung,2017-06-28,,,50,0.14486638888888895,,,,,-0.21020000000000005,0.53486,7.0,,4952.0,0.14688380203130538,
213,-0.24506,-0.13072857142857142,0.04239,Telefonica,2017-06-28,,,11,-0.09085077922077923,,,,,-0.31406,0.21771999999999997,1.0,,909.0,0.1830794766085223,
214,0.032422499999999986,0.146625,0.2755,Google,2017-06-28,,,50,0.1487994166666667,,,,,-0.16953,0.5815600000000001,8.0,,12281.0,0.17339622341886646,
215,-0.11812285714285715,-0.03017500000000001,0.08894250000000001,Total,2017-06-28,,,22,-0.028842792207792206,,,,,-0.48106000000000004,0.32336,3.0,,6386.0,0.20519994504139305,
216,0.03147,0.16493000000000002,0.25938666666666665,Apple,2017-06-28,,,50,0.1515849714285714,,,,,-0.32421,0.57724,3.0,,173710.0,0.16880011723483865,
217,0.0001924999999999926,0.10662125,0.16646,BMW,2017-06-28,,,50,0.09174404999999998,,,,,-0.43816000000000005,0.43841,3.0,,2594.0,0.15782901354327525,
218,0.051965,0.13932,0.26679,Airbus,2017-06-28,,,31,0.1306217511520737,,,,,-0.50271,0.44882,5.0,,12142.0,0.22194330894733255,
219,0.28899,0.3019350000000001,0.354645,BASF,2017-06-28,,,6,0.29188833333333336,,,,,0.07396999999999998,0.4166,1.0,,7.0,0.11778335254468975,
220,-0.21198,-0.09221,-0.0038650000000000047,Total,2017-06-29,,,31,-0.10210983870967744,,,,,-0.5584899999999999,0.52617,3.0,,4320.0,0.2147036879922493,
221,-0.19434,0.11023,0.37428,Telefonica,2017-06-29,,,9,0.04212000000000002,,,,,-0.38955,0.39019,0.0,,83.0,0.31379297462658395,
222,-0.057785000000000024,0.12015333333333332,0.14084000000000002,Allianz,2017-06-29,,,16,0.04495711309523809,,,,,-0.3798,0.32384,4.0,,77.0,0.17721946709690056,
223,0.02807749999999999,0.08189500000000001,0.2065275,Google,2017-06-29,,,50,0.11390191111111107,,,,,-0.27221,0.4869700000000001,9.0,,9036.0,0.1595723448127117,
224,-0.0006999999999999895,0.14110999999999999,0.2385,Samsung,2017-06-29,,,50,0.14099922777777776,,,,,-0.15145999999999998,0.6056900000000001,2.0,,5328.0,0.17975763720432214,
225,0.06934285714285716,0.11749,0.22671,Tesla,2017-06-29,,,49,0.13894789358600587,,,,,-0.18939,0.5548142857142857,3.0,,11549.0,0.14961241539500889,
226,-0.0859375,0.025710000000000004,0.14995000000000006,BMW,2017-06-29,,,50,0.0163385,,,,,-0.44116000000000005,0.39933,1.0,,5151.0,0.2047799872990871,
227,0.14665999999999998,0.24131,0.36582,BASF,2017-06-29,,,49,0.2384792176870748,,,,,-0.21173000000000006,0.51561,4.0,,664.0,0.1550321975709961,
228,0.03974,0.103495,0.2076275,Apple,2017-06-29,,,50,0.13027855555555554,,,,,-0.13759000000000002,0.43173,2.0,,6165.0,0.13844863008258154,
229,0.02661,0.17818499999999998,0.24367250000000004,Airbus,2017-06-29,,,50,0.15862081349206347,,,,,-0.50271,0.6993999999999999,4.0,,5241.0,0.2251666233673561,
230,0.10164178571428573,0.196475,0.3499025,Bayer,2017-06-29,,,50,0.2164075563492064,,,,,-0.08837,0.5025888888888889,4.0,,31254.0,0.16598726118570892,
231,-0.19202,-0.037464285714285714,0.139765,Allianz,2017-06-30,,,30,-0.00793039682539682,,,,,-0.25326,0.48857,7.0,,652.0,0.19924755729199276,
232,-0.1230575,-0.04011000000000002,-0.028075000000000003,Total,2017-06-30,,,40,-0.05940119444444445,,,,,-0.38103000000000004,0.2831375,13.0,,67058.0,0.14159322208282366,
233,0.002880555555555545,0.09196,0.206835,Tesla,2017-06-30,,,50,0.11345680396825394,,,,,-0.20826000000000006,0.4785900000000001,4.0,,9039.0,0.15186592120657175,
234,0.07509249999999999,0.162995,0.31164375,Apple,2017-06-30,,,50,0.18841323333333332,,,,,-0.26111,0.6036666666666667,2.0,,14831.0,0.1823910943708233,
235,0.0976175,0.2023083333333333,0.3173499999999999,Bayer,2017-06-30,,,50,0.19654079444444444,,,,,-0.2939166666666667,0.56875,3.0,,34378.0,0.16099134876192678,
236,0.09330999999999998,0.21284,0.3348,BASF,2017-06-30,,,29,0.21776068965517234,,,,,-0.29146,0.6951999999999998,0.0,,3773.0,0.2383684027618209,
237,-0.59663,-0.59663,0.074275,BMW,2017-06-30,,,50,-0.29395309999999986,,,,,-0.70026,0.6176250000000001,18.0,,1605.0,0.3870391097899935,
238,0.00024500000000001257,0.08160500000000001,0.17791500000000002,Telefonica,2017-06-30,,,8,0.08709083333333334,,,,,-0.15283333333333335,0.31329,0.0,,408.0,0.16290630496095526,
239,0.08404999999999999,0.15281,0.2697625,Samsung,2017-06-30,,,50,0.17808635873015874,,,,,-0.28641,0.6036666666666667,1.0,,4046.0,0.16222187475344813,
240,-0.05497964285714285,0.08218999999999999,0.2048075,Google,2017-06-30,,,50,0.0794855619047619,,,,,-0.29712,0.6221,0.0,,2978.0,0.20421429235410668,
241,0.0990475,0.22265000000000007,0.34094,Airbus,2017-06-30,,,50,0.1857670142857143,,,,,-0.30849000000000004,0.51344,8.0,,1973.0,0.18174566497036568,
242,-0.020069999999999998,0.08134999999999999,0.22828,Tesla,2018-05-01,,,185,0.08936611454311455,,,,,0.47651,-0.4803100000000001,,,,0.1808470171651405,
243,-0.19155999999999998,0.08064,0.21995,Allianz,2018-05-01,,,101,0.03873663366336635,,,,,0.55697,-0.49743999999999994,,,,0.2220544811314432,
244,-0.20223,0.169125,0.27056,BASF,2018-05-01,,,102,0.04446846405228757,,,,,0.70577,-0.4785100000000001,,,,0.3100820765293601,
245,0.0,0.17937999999999998,0.2414,Airbus,2018-05-01,,,77,0.13643272727272732,,,,,0.5592300000000001,-0.48197,,,,0.19884208065325792,
246,-0.01827,0.057139999999999996,0.21281999999999998,Apple,2018-05-01,,,2021,0.0834542923902202,,,,,0.7430666666666667,-0.7155,,,,0.19966104852527736,
247,-0.119315,0.0,0.050695,BMW,2018-05-01,,,379,-0.01299998680738785,,,,,0.7439999999999999,-0.7944599999999999,,,,0.2245117980982201,
248,0.0,0.1088,0.23748,Google,2018-05-01,,,1731,0.1164947116081166,,,,,0.96615,-0.7964,,,,0.19210823574203595,
249,-0.19658,0.0,0.053635,Telefonica,2018-05-01,,,47,-0.05333202127659575,,,,,0.4584600000000001,-0.48924,,,,0.277543088669324,
250,-0.03356999999999999,0.08415,0.21730500000000005,Samsung,2018-05-01,,,538,0.06654528839912656,,,,,0.70496,-0.5282,,,,0.22281104999630147,
251,-0.043792500000000005,0.0,0.10573749999999996,Bayer,2018-05-01,,,3584,0.03205238428509428,,,,,0.9274,-0.75041,,,,0.1664441289467551,
252,-0.0208125,0.06884,0.21170999999999998,Samsung,2018-05-02,,,896,0.0813467171999008,,,,,0.9477,-0.5626800000000001,,,,0.20466133140937454,
253,-0.0050875000000000035,0.06969,0.2481,Google,2018-05-02,,,1901,0.10641426296101468,,,,,0.9877,-0.55366,,,,0.19299328084970635,
254,0.11993,0.2368,0.32337000000000005,BASF,2018-05-02,,,156,0.19001211233211235,,,,,0.6525,-0.63234,,,,0.2365791376051359,
255,0.0,0.0979,0.44782,Telefonica,2018-05-02,,,67,0.17337059701492533,,,,,0.49836,-0.2862,,,,0.247799325364605,
256,-0.014179999999999988,0.03078,0.19538000000000005,Airbus,2018-05-02,,,250,0.05532746952380947,,,,,0.6025600000000001,-0.57493,,,,0.23070680706314345,
257,-0.05671583333333334,0.0298,0.20575,Apple,2018-05-02,,,3116,0.050277002783890336,,,,,0.9259999999999999,-0.8862666666666668,,,,0.21731717677838885,
258,-0.07031499999999999,0.07262666666666667,0.2024858333333333,Tesla,2018-05-02,,,510,0.06893203750389043,,,,,0.6457200000000001,-0.5029999999999999,,,,0.17356478828639466,
259,-0.23023,-0.09485,0.09192,Allianz,2018-05-02,,,121,-0.052264793388429764,,,,,0.5821500000000002,-0.66297,,,,0.2646379067553097,
260,-0.05574,0.0,0.10361928571428572,Bayer,2018-05-02,,,3035,0.0240291295075966,,,,,0.6846899999999999,-0.51246,,,,0.1664938805753093,
261,-0.189105,0.0,0.13449,BMW,2018-05-02,,,500,-0.01335405269841271,,,,,0.9341,-0.6768000000000001,,,,0.2332976667076807,
262,-0.06563,0.03286,0.21521,Telefonica,2018-05-03,,,93,0.027206434118450244,,,,,0.6012299999999999,-0.7155,,,,0.2497969853438626,
263,0.01651000000000001,0.20038,0.2729111111111111,BASF,2018-05-03,,,217,0.14642036994367633,,,,,0.6622100000000001,-0.38286,,,,0.2107086569595487,
264,-0.035227499999999995,0.0,0.14164000000000002,Bayer,2018-05-03,,,1051,0.05112752121939797,,,,,0.6744125000000001,-0.6065699999999999,,,,0.18497861012534936,
265,0.0,0.10574125,0.24514,Samsung,2018-05-03,,,874,0.11372173781373722,,,,,0.67499,-0.6023000000000001,,,,0.2036547202669381,
266,-0.26298000000000005,0.0,0.13609000000000002,Airbus,2018-05-03,,,248,-0.0469633906169995,,,,,0.5112700000000001,-0.5259600000000001,,,,0.24361616753831944,
267,0.0,0.06990500000000002,0.245809375,Google,2018-05-03,,,2172,0.11391007063199755,,,,,0.7438600000000001,-0.5350666666666667,,,,0.18998150078346712,
268,-0.013170000000000005,0.049400000000000006,0.217635,Apple,2018-05-03,,,2027,0.0756169261008135,,,,,0.7717,-0.5975900000000001,,,,0.20819789709316447,
269,-0.07952000000000001,0.0,0.12079000000000001,Tesla,2018-05-03,,,916,0.01820865768177725,,,,,0.63083,-0.6866333333333333,,,,0.1598713132578809,
270,-0.26298,0.0,0.183455,Allianz,2018-05-03,,,83,0.007554031841652306,,,,,0.6012299999999999,-0.5153300000000001,,,,0.30127285541202026,
271,-0.11941250000000002,0.0,0.1302,BMW,2018-05-03,,,542,-0.0028545051396942586,,,,,0.6056666666666666,-0.7155,,,,0.2255362861455841,
272,-0.23892250000000004,-0.018669999999999992,0.08782428571428573,BMW,2018-05-04,,,774,-0.04184778582707865,,,,,0.8689,-0.51246,,,,0.2293014512964564,
273,-0.026230000000000017,0.03966999999999999,0.21074,Apple,2018-05-04,,,2049,0.07037805950637943,,,,,0.72887,-0.9917,,,,0.21355265922492908,
274,-0.37756,-0.23711,0.0,Allianz,2018-05-04,,,250,-0.16390126825396822,,,,,0.6502100000000002,-0.70516,,,,0.2654959515452052,
275,-0.18192000000000005,-0.0394,0.21988000000000002,BASF,2018-05-04,,,351,-6.380059241171913e-05,,,,,0.61798,-0.6996333333333333,,,,0.2541835951480895,
276,0.0,0.06897,0.22350749999999997,Google,2018-05-04,,,1930,0.10184081968089473,,,,,0.8957,-0.6475500000000001,,,,0.17613678544923844,
277,-0.010144999999999998,0.04145999999999998,0.213785,Samsung,2018-05-04,,,551,0.08219148265779389,,,,,0.72443,-0.63234,,,,0.20679313985423306,
278,-0.10687000000000002,-0.021375,0.1347475,Telefonica,2018-05-04,,,86,-0.004100009228497618,,,,,0.6222200000000001,-0.63234,,,,0.21495227233740488,
279,-0.11988,0.0,0.10663749999999997,Bayer,2018-05-04,,,650,-0.006251138583638607,,,,,0.6178600000000001,-0.56481,,,,0.2096254917858571,
280,-0.12883999999999998,0.0,0.09496666666666666,Airbus,2018-05-04,,,187,-0.03751463542992956,,,,,0.57048,-0.6423000000000001,,,,0.2593203651305414,
281,-0.09108,-0.011770000000000013,0.12355250000000002,Tesla,2018-05-04,,,472,0.014566100433817612,,,,,0.7124,-0.38904,,,,0.16403286245869944,
282,-0.0129725,0.017860000000000004,0.16433499999999998,Google,2018-05-05,,,836,0.0618290838364851,,,,,0.7783,-0.624,,,,0.17894129187804664,
283,-0.2897775000000001,-0.17347500000000002,-0.057172500000000015,Airbus,2018-05-05,,,2,-0.17347500000000002,,,,,0.05913,-0.4060800000000001,,,,0.3289531456757938,
284,-0.015579999999999988,0.09607,0.16897,Tesla,2018-05-05,,,123,0.07137104110207766,,,,,0.54814,-0.34,,,,0.15569652443385168,
285,0.04296250000000002,0.120805,0.1986475,Telefonica,2018-05-05,,,2,0.120805,,,,,0.27649,-0.034879999999999994,,,,0.22017183845805527,
286,-0.099565,0.0,0.10824500000000002,BMW,2018-05-05,,,138,-0.032690217966413616,,,,,0.5725899999999999,-0.6873099999999999,,,,0.2274958427012617,
287,-0.20304000000000005,-0.058329999999999986,0.03612,Bayer,2018-05-05,,,668,-0.066181389423534,,,,,0.8689,-0.5259600000000001,,,,0.195642685871196,
288,0.0,0.04166666666666666,0.1582375,Samsung,2018-05-05,,,253,0.07473914941338852,,,,,0.9698,-0.4795200000000001,,,,0.19017617462636552,
289,-0.2147300000000001,0.011719999999999998,0.16291428571428573,Allianz,2018-05-05,,,45,-0.005778904761904776,,,,,0.7097,-0.66074,,,,0.2689113011927435,
290,-0.03708625000000002,0.01715,0.19246250000000004,Apple,2018-05-05,,,770,0.04509233245722534,,,,,0.9698,-0.9981,,,,0.22984436072968026,
291,-0.139855,0.13532000000000002,0.28885,BASF,2018-05-05,,,27,0.07381037037037037,,,,,0.44496,-0.3910600000000001,,,,0.2722926025645868,
292,-0.01027,0.0,0.13072,BMW,2018-05-06,,,93,0.03006351766513057,,,,,0.39638,-0.4254,,,,0.17854284146001284,
293,0.0,0.04553999999999999,0.2319050000000001,Apple,2018-05-06,,,507,0.0959373217807834,,,,,0.96615,-0.5848399999999999,,,,0.20225329097965086,
294,-0.035177500000000014,0.13382,0.2427325,BASF,2018-05-06,,,6,0.05206111111111112,,,,,0.28650000000000003,-0.4293,,,,0.2714253277190753,
295,-0.02735,0.0,0.040435000000000006,Telefonica,2018-05-06,,,14,0.008162857142857144,,,,,0.32215000000000005,-0.33111999999999997,,,,0.14444895922774253,
296,-0.256365,-0.038999999999999986,0.0781675,Allianz,2018-05-06,,,90,-0.06487057760141095,,,,,0.5531,-0.5763100000000001,,,,0.2469292223742741,
297,-0.056605,0.0,0.12193666666666668,Samsung,2018-05-06,,,100,0.029729297222222218,,,,,0.5126200000000001,-0.3818,,,,0.16237878911208334,
298,0.0,0.016080000000000004,0.22315,Google,2018-05-06,,,548,0.08530219383617205,,,,,0.96615,-0.8316,,,,0.1916234985731245,
299,0.05496499999999999,0.16124999999999998,0.233055,Tesla,2018-05-06,,,147,0.15593253212396066,,,,,0.5819500000000001,-0.3362,,,,0.1609572569747635,
300,-0.20304000000000005,0.0,0.13335999999999998,Bayer,2018-05-06,,,389,-0.0038302023911535475,,,,,0.6498,-0.54798,,,,0.2451506116858173,
301,-0.06566999999999999,-0.02444,0.034,Airbus,2018-05-06,,,123,0.006123847270615554,,,,,0.7049857142857142,-0.32292000000000004,,,,0.15468206044457472,
302,-0.12028875000000006,0.0,0.13939000000000001,BMW,2018-05-07,,,398,0.002893036811039327,,,,,0.7097,-0.5275000000000001,,,,0.21403140431717424,
303,-0.3910600000000001,-0.17982,0.0,Allianz,2018-05-07,,,270,-0.16058924911816588,,,,,0.5928800000000001,-0.5399,,,,0.25894918623444874,
304,-0.016984999999999986,0.05428,0.19845875,Apple,2018-05-07,,,1943,0.06702612816459592,,,,,0.9681,-0.998,,,,0.216334559317906,
305,0.025914999999999997,0.10382999999999999,0.19379583333333333,Tesla,2018-05-07,,,206,0.10384725150254276,,,,,0.52761,-0.4203333333333334,,,,0.14683919993986772,
306,0.0,0.1022,0.23775,Samsung,2018-05-07,,,381,0.10533392117651966,,,,,0.6668999999999999,-0.5806,,,,0.20870608628819995,
307,-0.06552250000000001,0.15134999999999998,0.2998725,BASF,2018-05-07,,,156,0.12065572649572645,,,,,0.7486,-0.4383000000000001,,,,0.274524041974298,
308,-0.07962857142857142,0.045895,0.1176,Telefonica,2018-05-07,,,86,0.03239268964562568,,,,,0.4908,-0.34614,,,,0.1778425813380494,
309,0.0,0.10459,0.24913500000000005,Google,2018-05-07,,,1968,0.1280496135993354,,,,,0.9681,-0.5428,,,,0.19028685953269395,
310,-0.2862,-0.02157,0.028426111111111117,Airbus,2018-05-07,,,247,-0.06465925486793908,,,,,0.54079,-0.5737800000000001,,,,0.217825754996902,
