,Timestamp,005930.KS
0,2000-01-04,6110
1,2000-01-05,5580
2,2000-01-06,5620
3,2000-01-07,5540
4,2000-01-10,5770
5,2000-01-11,5770
6,2000-01-12,5720
7,2000-01-13,5710
8,2000-01-14,5830
9,2000-01-17,6100
10,2000-01-18,6100
11,2000-01-19,5960
12,2000-01-20,6040
13,2000-01-21,5880
14,2000-01-24,5700
15,2000-01-25,5440
16,2000-01-26,5480
17,2000-01-27,5520
18,2000-01-28,5820
19,2000-01-31,5580
20,2000-02-01,5320
21,2000-02-02,5250
22,2000-02-03,5130
23,2000-02-04,5130
24,2000-02-07,5240
25,2000-02-08,5430
26,2000-02-09,5720
27,2000-02-10,5760
28,2000-02-11,5700
29,2000-02-14,5380
30,2000-02-15,5200
31,2000-02-16,5000
32,2000-02-17,5080
33,2000-02-18,5300
34,2000-02-21,5070
35,2000-02-22,5120
36,2000-02-23,5140
37,2000-02-24,5070
38,2000-02-25,5120
39,2000-02-28,4800
40,2000-02-29,5120
41,2000-03-01,5120
42,2000-03-02,5880
43,2000-03-03,6000
44,2000-03-06,5640
45,2000-03-07,5620
46,2000-03-08,5920
47,2000-03-09,5620
48,2000-03-10,5540
49,2000-03-13,5180
50,2000-03-14,5210
51,2000-03-15,5400
52,2000-03-16,5400
53,2000-03-17,5480
54,2000-03-20,5660
55,2000-03-21,5880
56,2000-03-22,6200
57,2000-03-23,6200
58,2000-03-24,6800
59,2000-03-27,6800
60,2000-03-28,7030
61,2000-03-29,7660
62,2000-03-30,7050
63,2000-03-31,6700
64,2000-04-03,7100
65,2000-04-04,6800
66,2000-04-05,6800
67,2000-04-06,6680
68,2000-04-07,7200
69,2000-04-10,7300
70,2000-04-11,7100
71,2000-04-12,6910
72,2000-04-13,6910
73,2000-04-14,6260
74,2000-04-17,5520
75,2000-04-18,6040
76,2000-04-19,6000
77,2000-04-20,6020
78,2000-04-21,6050
79,2000-04-24,5800
80,2000-04-25,5640
81,2000-04-26,5600
82,2000-04-27,5400
83,2000-04-28,6000
84,2000-05-01,6000
85,2000-05-02,6280
86,2000-05-03,6180
87,2000-05-04,6180
88,2000-05-05,6180
89,2000-05-08,6560
90,2000-05-09,6560
91,2000-05-10,6350
92,2000-05-11,6350
93,2000-05-12,6160
94,2000-05-15,6440
95,2000-05-16,6800
96,2000-05-17,6920
97,2000-05-18,6800
98,2000-05-19,6900
99,2000-05-22,6670
100,2000-05-23,6380
101,2000-05-24,6200
102,2000-05-25,6000
103,2000-05-26,5600
104,2000-05-29,5460
105,2000-05-30,5460
106,2000-05-31,6160
107,2000-06-01,6300
108,2000-06-02,6620
109,2000-06-05,6740
110,2000-06-06,6740
111,2000-06-07,6800
112,2000-06-08,6530
113,2000-06-09,7020
114,2000-06-12,7190
115,2000-06-13,7060
116,2000-06-14,7640
117,2000-06-15,7000
118,2000-06-16,6740
119,2000-06-19,6700
120,2000-06-20,7140
121,2000-06-21,7080
122,2000-06-22,7040
123,2000-06-23,7000
124,2000-06-26,7210
125,2000-06-27,7310
126,2000-06-28,7520
127,2000-06-29,7490
128,2000-06-30,7380
129,2000-07-03,7500
130,2000-07-04,7350
131,2000-07-05,7430
132,2000-07-06,7300
133,2000-07-07,7360
134,2000-07-10,7600
135,2000-07-11,7450
136,2000-07-12,7640
137,2000-07-13,7760
138,2000-07-14,7550
139,2000-07-17,7550
140,2000-07-18,7460
141,2000-07-19,7460
142,2000-07-20,6900
143,2000-07-21,6920
144,2000-07-24,6380
145,2000-07-25,6280
146,2000-07-26,6550
147,2000-07-27,6230
148,2000-07-28,5730
149,2000-07-31,5900
150,2000-08-01,6220
151,2000-08-02,6070
152,2000-08-03,6030
153,2000-08-04,5920
154,2000-08-07,5580
155,2000-08-08,5580
156,2000-08-09,6000
157,2000-08-10,6160
158,2000-08-11,5960
159,2000-08-14,6020
160,2000-08-15,6020
161,2000-08-16,6420
162,2000-08-17,6440
163,2000-08-18,6200
164,2000-08-21,6270
165,2000-08-22,6460
166,2000-08-23,6190
167,2000-08-24,6220
168,2000-08-25,6400
169,2000-08-28,6330
170,2000-08-29,6220
171,2000-08-30,6030
172,2000-08-31,5470
173,2000-09-01,5540
174,2000-09-04,5340
175,2000-09-05,5150
176,2000-09-06,5150
177,2000-09-07,4790
178,2000-09-08,4880
179,2000-09-11,4880
180,2000-09-12,4880
181,2000-09-13,4880
182,2000-09-14,4710
183,2000-09-15,4350
184,2000-09-18,3970
185,2000-09-19,4160
186,2000-09-20,4600
187,2000-09-21,4400
188,2000-09-22,3800
189,2000-09-25,4090
190,2000-09-26,4000
191,2000-09-27,4030
192,2000-09-28,4060
193,2000-09-29,4040
194,2000-10-02,3810
195,2000-10-03,3810
196,2000-10-04,3890
197,2000-10-05,3940
198,2000-10-06,3900
199,2000-10-09,3690
200,2000-10-10,3660
201,2000-10-11,3220
202,2000-10-12,3140
203,2000-10-13,3030
204,2000-10-16,3030
205,2000-10-17,2740
206,2000-10-18,2730
207,2000-10-19,2900
208,2000-10-20,3330
209,2000-10-23,3200
210,2000-10-24,3340
211,2000-10-25,3210
212,2000-10-26,2890
213,2000-10-27,2890
214,2000-10-30,2750
215,2000-10-31,2850
216,2000-11-01,3260
217,2000-11-02,3320
218,2000-11-03,3440
219,2000-11-06,3510
220,2000-11-07,3440
221,2000-11-08,3410
222,2000-11-09,3400
223,2000-11-10,3380
224,2000-11-13,3150
225,2000-11-14,3290
226,2000-11-15,3390
227,2000-11-16,3280
228,2000-11-17,3220
229,2000-11-20,3100
230,2000-11-21,3160
231,2000-11-22,3140
232,2000-11-23,3210
233,2000-11-24,3400
234,2000-11-27,3780
235,2000-11-28,3520
236,2000-11-29,3220
237,2000-11-30,3240
238,2000-12-01,3180
239,2000-12-04,3100
240,2000-12-05,3240
241,2000-12-06,3210
242,2000-12-07,3260
243,2000-12-08,3370
244,2000-12-11,3580
245,2000-12-12,3500
246,2000-12-13,3780
247,2000-12-14,3620
248,2000-12-15,3490
249,2000-12-18,3560
250,2000-12-19,3530
251,2000-12-20,3340
252,2000-12-21,3240
253,2000-12-22,3140
254,2000-12-25,0
255,2000-12-26,3160
256,2000-12-27,3160
257,2000-12-28,3160
258,2000-12-29,3160
259,2001-01-01,3160
260,2001-01-02,3350
261,2001-01-03,3370
262,2001-01-04,3780
263,2001-01-05,3900
264,2001-01-08,3880
265,2001-01-09,3840
266,2001-01-10,3710
267,2001-01-11,3640
268,2001-01-12,3840
269,2001-01-15,3920
270,2001-01-16,4140
271,2001-01-17,4220
272,2001-01-18,4400
273,2001-01-19,4600
274,2001-01-22,4550
275,2001-01-23,0
276,2001-01-24,0
277,2001-01-25,0
278,2001-01-26,3980
279,2001-01-29,4020
280,2001-01-30,4110
281,2001-01-31,4400
282,2001-02-01,4270
283,2001-02-02,4290
284,2001-02-05,4030
285,2001-02-06,4010
286,2001-02-07,3900
287,2001-02-08,4060
288,2001-02-09,4070
289,2001-02-12,3970
290,2001-02-13,3980
291,2001-02-14,3980
292,2001-02-15,4130
293,2001-02-16,4250
294,2001-02-19,4190
295,2001-02-20,4240
296,2001-02-21,4160
297,2001-02-22,4010
298,2001-02-23,3840
299,2001-02-26,3840
300,2001-02-27,3790
301,2001-02-28,3740
302,2001-03-01,3740
303,2001-03-02,3610
304,2001-03-05,3720
305,2001-03-06,3800
306,2001-03-07,4000
307,2001-03-08,4010
308,2001-03-09,3840
309,2001-03-12,3670
310,2001-03-13,3640
311,2001-03-14,0
312,2001-03-15,3920
313,2001-03-16,3890
314,2001-03-19,3800
315,2001-03-20,3820
316,2001-03-21,3870
317,2001-03-22,3980
318,2001-03-23,4300
319,2001-03-26,4340
320,2001-03-27,4150
321,2001-03-28,4150
322,2001-03-29,4090
323,2001-03-30,4160
324,2001-04-02,3990
325,2001-04-03,3800
326,2001-04-04,3660
327,2001-04-05,3660
328,2001-04-06,3840
329,2001-04-09,3710
330,2001-04-10,3640
331,2001-04-11,3720
332,2001-04-12,4010
333,2001-04-13,4060
334,2001-04-16,3940
335,2001-04-17,3970
336,2001-04-18,4280
337,2001-04-19,4700
338,2001-04-20,4490
339,2001-04-23,4540
340,2001-04-24,4400
341,2001-04-25,4520
342,2001-04-26,4520
343,2001-04-27,4340
344,2001-04-30,4580
345,2001-05-01,4580
346,2001-05-02,4580
347,2001-05-03,4600
348,2001-05-04,4460
349,2001-05-07,4600
350,2001-05-08,4590
351,2001-05-09,4500
352,2001-05-10,4500
353,2001-05-11,4410
354,2001-05-14,4430
355,2001-05-15,4340
356,2001-05-16,4210
357,2001-05-17,4430
358,2001-05-18,4410
359,2001-05-21,4580
360,2001-05-22,4620
361,2001-05-23,4700
362,2001-05-24,4530
363,2001-05-25,4440
364,2001-05-28,4450
365,2001-05-29,4640
366,2001-05-30,4470
367,2001-05-31,4240
368,2001-06-01,4240
369,2001-06-04,4240
370,2001-06-05,4060
371,2001-06-06,4060
372,2001-06-07,4280
373,2001-06-08,4470
374,2001-06-11,4280
375,2001-06-12,4220
376,2001-06-13,4280
377,2001-06-14,4230
378,2001-06-15,4190
379,2001-06-18,4100
380,2001-06-19,4110
381,2001-06-20,4000
382,2001-06-21,3960
383,2001-06-22,3870
384,2001-06-25,3870
385,2001-06-26,3780
386,2001-06-27,3720
387,2001-06-28,3750
388,2001-06-29,3840
389,2001-07-02,3860
390,2001-07-03,3890
391,2001-07-04,3940
392,2001-07-05,3860
393,2001-07-06,3670
394,2001-07-09,3420
395,2001-07-10,3400
396,2001-07-11,3380
397,2001-07-12,3520
398,2001-07-13,3400
399,2001-07-16,3340
400,2001-07-17,3340
401,2001-07-18,3350
402,2001-07-19,3540
403,2001-07-20,3520
404,2001-07-23,3460
405,2001-07-24,3470
406,2001-07-25,3570
407,2001-07-26,3630
408,2001-07-27,3710
409,2001-07-30,3710
410,2001-07-31,3790
411,2001-08-01,3960
412,2001-08-02,3910
413,2001-08-03,3990
414,2001-08-06,3980
415,2001-08-07,3860
416,2001-08-08,3800
417,2001-08-09,3660
418,2001-08-10,3730
419,2001-08-13,3830
420,2001-08-14,3950
421,2001-08-15,3950
422,2001-08-16,3900
423,2001-08-17,3920
424,2001-08-20,3800
425,2001-08-21,3720
426,2001-08-22,3850
427,2001-08-23,3850
428,2001-08-24,3840
429,2001-08-27,3980
430,2001-08-28,3940
431,2001-08-29,3930
432,2001-08-30,3920
433,2001-08-31,3800
434,2001-09-03,3760
435,2001-09-04,3930
436,2001-09-05,3790
437,2001-09-06,3770
438,2001-09-07,3820
439,2001-09-10,3830
440,2001-09-11,3740
441,2001-09-12,3230
442,2001-09-13,3430
443,2001-09-14,3390
444,2001-09-17,3280
445,2001-09-18,3350
446,2001-09-19,3280
447,2001-09-20,3080
448,2001-09-21,2850
449,2001-09-24,2850
450,2001-09-25,2860
451,2001-09-26,2830
452,2001-09-27,2810
453,2001-09-28,2810
454,2001-10-01,2810
455,2001-10-02,2810
456,2001-10-03,2810
457,2001-10-04,2910
458,2001-10-05,2950
459,2001-10-08,2920
460,2001-10-09,3030
461,2001-10-10,2980
462,2001-10-11,3180
463,2001-10-12,3260
464,2001-10-15,3200
465,2001-10-16,3180
466,2001-10-17,3280
467,2001-10-18,3260
468,2001-10-19,3400
469,2001-10-22,3390
470,2001-10-23,3480
471,2001-10-24,3710
472,2001-10-25,3660
473,2001-10-26,3620
474,2001-10-29,3680
475,2001-10-30,3480
476,2001-10-31,3470
477,2001-11-01,3580
478,2001-11-02,3660
479,2001-11-05,3700
480,2001-11-06,3800
481,2001-11-07,3810
482,2001-11-08,3860
483,2001-11-09,3860
484,2001-11-12,4000
485,2001-11-13,4000
486,2001-11-14,4300
487,2001-11-15,4190
488,2001-11-16,4180
489,2001-11-19,4370
490,2001-11-20,4270
491,2001-11-21,4220
492,2001-11-22,4320
493,2001-11-23,4440
494,2001-11-26,4600
495,2001-11-27,4620
496,2001-11-28,4380
497,2001-11-29,4200
498,2001-11-30,4360
499,2001-12-03,4490
500,2001-12-04,4600
501,2001-12-05,5290
502,2001-12-06,5500
503,2001-12-07,5670
504,2001-12-10,5200
505,2001-12-11,5170
506,2001-12-12,5400
507,2001-12-13,5300
508,2001-12-14,5100
509,2001-12-17,5010
510,2001-12-18,5210
511,2001-12-19,5280
512,2001-12-20,5300
513,2001-12-21,5030
514,2001-12-24,5050
515,2001-12-25,5050
516,2001-12-26,5160
517,2001-12-27,5400
518,2001-12-28,5580
519,2001-12-31,5580
520,2002-01-01,5580
521,2002-01-02,6160
522,2002-01-03,6160
523,2002-01-04,6380
524,2002-01-07,6360
525,2002-01-08,6230
526,2002-01-09,6450
527,2002-01-10,6160
528,2002-01-11,6120
529,2002-01-14,6600
530,2002-01-15,6240
531,2002-01-16,6030
532,2002-01-17,6000
533,2002-01-18,5920
534,2002-01-21,5820
535,2002-01-22,6000
536,2002-01-23,6160
537,2002-01-24,6200
538,2002-01-25,6460
539,2002-01-28,6370
540,2002-01-29,6300
541,2002-01-30,6060
542,2002-01-31,6060
543,2002-02-01,6180
544,2002-02-04,6240
545,2002-02-05,6460
546,2002-02-06,6380
547,2002-02-07,6300
548,2002-02-08,6420
549,2002-02-11,6420
550,2002-02-12,6420
551,2002-02-13,6420
552,2002-02-14,7100
553,2002-02-15,6830
554,2002-02-18,6860
555,2002-02-19,6850
556,2002-02-20,6800
557,2002-02-21,6760
558,2002-02-22,6670
559,2002-02-25,6640
560,2002-02-26,6740
561,2002-02-27,7000
562,2002-02-28,6860
563,2002-03-01,6860
564,2002-03-04,7000
565,2002-03-05,7220
566,2002-03-06,7260
567,2002-03-07,7120
568,2002-03-08,6980
569,2002-03-11,6970
570,2002-03-12,7060
571,2002-03-13,6960
572,2002-03-14,6880
573,2002-03-15,6600
574,2002-03-18,6640
575,2002-03-19,6980
576,2002-03-20,6980
577,2002-03-21,6830
578,2002-03-22,7010
579,2002-03-25,6800
580,2002-03-26,6980
581,2002-03-27,7270
582,2002-03-28,7150
583,2002-03-29,7360
584,2002-04-01,7480
585,2002-04-02,7970
586,2002-04-03,8080
587,2002-04-04,7780
588,2002-04-05,7780
589,2002-04-08,7380
590,2002-04-09,7380
591,2002-04-10,7120
592,2002-04-11,7190
593,2002-04-12,7380
594,2002-04-15,7700
595,2002-04-16,7780
596,2002-04-17,8120
597,2002-04-18,8130
598,2002-04-19,7920
599,2002-04-22,8200
600,2002-04-23,8540
601,2002-04-24,8640
602,2002-04-25,8260
603,2002-04-26,8000
604,2002-04-29,7620
605,2002-04-30,7640
606,2002-05-01,7640
607,2002-05-02,7590
608,2002-05-03,7400
609,2002-05-06,6960
610,2002-05-07,7040
611,2002-05-08,7250
612,2002-05-09,7240
613,2002-05-10,6680
614,2002-05-13,6710
615,2002-05-14,7160
616,2002-05-15,7520
617,2002-05-16,7400
618,2002-05-17,7650
619,2002-05-20,7400
620,2002-05-21,7120
621,2002-05-22,7400
622,2002-05-23,7200
623,2002-05-24,7320
624,2002-05-27,7230
625,2002-05-28,7390
626,2002-05-29,7240
627,2002-05-30,7100
628,2002-05-31,6840
629,2002-06-03,7020
630,2002-06-04,7040
631,2002-06-05,7110
632,2002-06-06,7110
633,2002-06-07,6900
634,2002-06-10,7000
635,2002-06-11,7000
636,2002-06-12,7040
637,2002-06-13,7040
638,2002-06-14,7190
639,2002-06-17,7180
640,2002-06-18,7260
641,2002-06-19,6970
642,2002-06-20,6820
643,2002-06-21,6800
644,2002-06-24,6780
645,2002-06-25,6770
646,2002-06-26,6180
647,2002-06-27,6260
648,2002-06-28,6580
649,2002-07-01,6580
650,2002-07-02,6750
651,2002-07-03,6760
652,2002-07-04,7000
653,2002-07-05,7160
654,2002-07-08,7180
655,2002-07-09,7240
656,2002-07-10,6940
657,2002-07-11,6630
658,2002-07-12,7040
659,2002-07-15,7060
660,2002-07-16,7080
661,2002-07-17,7080
662,2002-07-18,7140
663,2002-07-19,6830
664,2002-07-22,6600
665,2002-07-23,6900
666,2002-07-24,6700
667,2002-07-25,6780
668,2002-07-26,6400
669,2002-07-29,6500
670,2002-07-30,6660
671,2002-07-31,6650
672,2002-08-01,6490
673,2002-08-02,6390
674,2002-08-05,6180
675,2002-08-06,6000
676,2002-08-07,6240
677,2002-08-08,6270
678,2002-08-09,6380
679,2002-08-12,6340
680,2002-08-13,6490
681,2002-08-14,6440
682,2002-08-15,6440
683,2002-08-16,6510
684,2002-08-19,6660
685,2002-08-20,6920
686,2002-08-21,7000
687,2002-08-22,6950
688,2002-08-23,6950
689,2002-08-26,6810
690,2002-08-27,6660
691,2002-08-28,6560
692,2002-08-29,6560
693,2002-08-30,6620
694,2002-09-02,6800
695,2002-09-03,6670
696,2002-09-04,6480
697,2002-09-05,6420
698,2002-09-06,6440
699,2002-09-09,6470
700,2002-09-10,6600
701,2002-09-11,6730
702,2002-09-12,6860
703,2002-09-13,6630
704,2002-09-16,6550
705,2002-09-17,6840
706,2002-09-18,6660
707,2002-09-19,6700
708,2002-09-20,6700
709,2002-09-23,6430
710,2002-09-24,6380
711,2002-09-25,6140
712,2002-09-26,6280
713,2002-09-27,6190
714,2002-09-30,5970
715,2002-10-01,5950
716,2002-10-02,5990
717,2002-10-03,5990
718,2002-10-04,6120
719,2002-10-07,5920
720,2002-10-08,6000
721,2002-10-09,5950
722,2002-10-10,5470
723,2002-10-11,5470
724,2002-10-14,5760
725,2002-10-15,6000
726,2002-10-16,6100
727,2002-10-17,6150
728,2002-10-18,6530
729,2002-10-21,6480
730,2002-10-22,6390
731,2002-10-23,6560
732,2002-10-24,6680
733,2002-10-25,6800
734,2002-10-28,7220
735,2002-10-29,7060
736,2002-10-30,6760
737,2002-10-31,6900
738,2002-11-01,6820
739,2002-11-04,7350
740,2002-11-05,7230
741,2002-11-06,7310
742,2002-11-07,7330
743,2002-11-08,7190
744,2002-11-11,6980
745,2002-11-12,6930
746,2002-11-13,6980
747,2002-11-14,6800
748,2002-11-15,7160
749,2002-11-18,7020
750,2002-11-19,7050
751,2002-11-20,7200
752,2002-11-21,7380
753,2002-11-22,7460
754,2002-11-25,7570
755,2002-11-26,7570
756,2002-11-27,7600
757,2002-11-28,7700
758,2002-11-29,7740
759,2002-12-02,7740
760,2002-12-03,7860
761,2002-12-04,7470
762,2002-12-05,7470
763,2002-12-06,7440
764,2002-12-09,7450
765,2002-12-10,7290
766,2002-12-11,7320
767,2002-12-12,7360
768,2002-12-13,7240
769,2002-12-16,6970
770,2002-12-17,7070
771,2002-12-18,7150
772,2002-12-19,7150
773,2002-12-20,7160
774,2002-12-23,6960
775,2002-12-24,6850
776,2002-12-25,6850
777,2002-12-26,6790
778,2002-12-27,6720
779,2002-12-30,6280
780,2002-12-31,6280
781,2003-01-01,6280
782,2003-01-02,6430
783,2003-01-03,6880
784,2003-01-06,6990
785,2003-01-07,6850
786,2003-01-08,6800
787,2003-01-09,6460
788,2003-01-10,6480
789,2003-01-13,6690
790,2003-01-14,6570
791,2003-01-15,6480
792,2003-01-16,6600
793,2003-01-17,6410
794,2003-01-20,6400
795,2003-01-21,6380
796,2003-01-22,6230
797,2003-01-23,6320
798,2003-01-24,6260
799,2003-01-27,5980
800,2003-01-28,6140
801,2003-01-29,5830
802,2003-01-30,5830
803,2003-01-31,5830
804,2003-02-03,5860
805,2003-02-04,5880
806,2003-02-05,5820
807,2003-02-06,5660
808,2003-02-07,5480
809,2003-02-10,5390
810,2003-02-11,5430
811,2003-02-12,5600
812,2003-02-13,5430
813,2003-02-14,5460
814,2003-02-17,5810
815,2003-02-18,5860
816,2003-02-19,5940
817,2003-02-20,6050
818,2003-02-21,6040
819,2003-02-24,6190
820,2003-02-25,5790
821,2003-02-26,5680
822,2003-02-27,5670
823,2003-02-28,5590
824,2003-03-03,5900
825,2003-03-04,5700
826,2003-03-05,5520
827,2003-03-06,5520
828,2003-03-07,5620
829,2003-03-10,5730
830,2003-03-11,5750
831,2003-03-12,5800
832,2003-03-13,5800
833,2003-03-14,5930
834,2003-03-17,5760
835,2003-03-18,5980
836,2003-03-19,5920
837,2003-03-20,6230
838,2003-03-21,6300
839,2003-03-24,6250
840,2003-03-25,6120
841,2003-03-26,6080
842,2003-03-27,5970
843,2003-03-28,6140
844,2003-03-31,5680
845,2003-04-01,5680
846,2003-04-02,5580
847,2003-04-03,5580
848,2003-04-04,5670
849,2003-04-07,5980
850,2003-04-08,5980
851,2003-04-09,5730
852,2003-04-10,5760
853,2003-04-11,5700
854,2003-04-14,5710
855,2003-04-15,5920
856,2003-04-16,6210
857,2003-04-17,6040
858,2003-04-18,6300
859,2003-04-21,6180
860,2003-04-22,5970
861,2003-04-23,6000
862,2003-04-24,5900
863,2003-04-25,5750
864,2003-04-28,5700
865,2003-04-29,6010
866,2003-04-30,6100
867,2003-05-01,6100
868,2003-05-02,6140
869,2003-05-05,6140
870,2003-05-06,6260
871,2003-05-07,6390
872,2003-05-08,6390
873,2003-05-09,6340
874,2003-05-12,6540
875,2003-05-13,6320
876,2003-05-14,6190
877,2003-05-15,6300
878,2003-05-16,6140
879,2003-05-19,6020
880,2003-05-20,6130
881,2003-05-21,6080
882,2003-05-22,6000
883,2003-05-23,6240
884,2003-05-26,6340
885,2003-05-27,6280
886,2003-05-28,6420
887,2003-05-29,6490
888,2003-05-30,6480
889,2003-06-02,6680
890,2003-06-03,6470
891,2003-06-04,6580
892,2003-06-05,6670
893,2003-06-06,6670
894,2003-06-09,6880
895,2003-06-10,6880
896,2003-06-11,6900
897,2003-06-12,7000
898,2003-06-13,7010
899,2003-06-16,6820
900,2003-06-17,7140
901,2003-06-18,7080
902,2003-06-19,7400
903,2003-06-20,7280
904,2003-06-23,7140
905,2003-06-24,7030
906,2003-06-25,7190
907,2003-06-26,7290
908,2003-06-27,7220
909,2003-06-30,7100
910,2003-07-01,7240
911,2003-07-02,7420
912,2003-07-03,7640
913,2003-07-04,7680
914,2003-07-07,7720
915,2003-07-08,7970
916,2003-07-09,7930
917,2003-07-10,7840
918,2003-07-11,7880
919,2003-07-14,8190
920,2003-07-15,8160
921,2003-07-16,8360
922,2003-07-17,8360
923,2003-07-18,8080
924,2003-07-21,8140
925,2003-07-22,8240
926,2003-07-23,8070
927,2003-07-24,8130
928,2003-07-25,8160
929,2003-07-28,8360
930,2003-07-29,8470
931,2003-07-30,8430
932,2003-07-31,8320
933,2003-08-01,8520
934,2003-08-04,8430
935,2003-08-05,8560
936,2003-08-06,8260
937,2003-08-07,8200
938,2003-08-08,8120
939,2003-08-11,8160
940,2003-08-12,8000
941,2003-08-13,8250
942,2003-08-14,8500
943,2003-08-15,8500
944,2003-08-18,8380
945,2003-08-19,8600
946,2003-08-20,8700
947,2003-08-21,8830
948,2003-08-22,8920
949,2003-08-25,8860
950,2003-08-26,8910
951,2003-08-27,8860
952,2003-08-28,8760
953,2003-08-29,8700
954,2003-09-01,8740
955,2003-09-02,8610
956,2003-09-03,8650
957,2003-09-04,8720
958,2003-09-05,8860
959,2003-09-08,9030
960,2003-09-09,9240
961,2003-09-10,9240
962,2003-09-11,9240
963,2003-09-12,9240
964,2003-09-15,8750
965,2003-09-16,8890
966,2003-09-17,8990
967,2003-09-18,8880
968,2003-09-19,8600
969,2003-09-22,8060
970,2003-09-23,7950
971,2003-09-24,8100
972,2003-09-25,8020
973,2003-09-26,7760
974,2003-09-29,7730
975,2003-09-30,7840
976,2003-10-01,8000
977,2003-10-02,8170
978,2003-10-03,8170
979,2003-10-06,8420
980,2003-10-07,8520
981,2003-10-08,8480
982,2003-10-09,8570
983,2003-10-10,8900
984,2003-10-13,8900
985,2003-10-14,9060
986,2003-10-15,9020
987,2003-10-16,9190
988,2003-10-17,9040
989,2003-10-20,9160
990,2003-10-21,9240
991,2003-10-22,9400
992,2003-10-23,8950
993,2003-10-24,8740
994,2003-10-27,8960
995,2003-10-28,9240
996,2003-10-29,9340
997,2003-10-30,9420
998,2003-10-31,9400
999,2003-11-03,9490
1000,2003-11-04,9580
1001,2003-11-05,9600
1002,2003-11-06,9300
1003,2003-11-07,9540
1004,2003-11-10,9320
1005,2003-11-11,9220
1006,2003-11-12,9400
1007,2003-11-13,9540
1008,2003-11-14,9380
1009,2003-11-17,9220
1010,2003-11-18,9330
1011,2003-11-19,9130
1012,2003-11-20,8980
1013,2003-11-21,9120
1014,2003-11-24,8870
1015,2003-11-25,9030
1016,2003-11-26,9100
1017,2003-11-27,9110
1018,2003-11-28,9300
1019,2003-12-01,9320
1020,2003-12-02,9370
1021,2003-12-03,9420
1022,2003-12-04,9220
1023,2003-12-05,9030
1024,2003-12-08,9000
1025,2003-12-09,8900
1026,2003-12-10,9060
1027,2003-12-11,9050
1028,2003-12-12,9100
1029,2003-12-15,9220
1030,2003-12-16,9080
1031,2003-12-17,8850
1032,2003-12-18,8850
1033,2003-12-19,8970
1034,2003-12-22,8840
1035,2003-12-23,8840
1036,2003-12-24,8780
1037,2003-12-25,8780
1038,2003-12-26,8830
1039,2003-12-29,8800
1040,2003-12-30,9020
1041,2003-12-31,9020
1042,2004-01-01,9020
1043,2004-01-02,8980
1044,2004-01-05,9150
1045,2004-01-06,9200
1046,2004-01-07,9300
1047,2004-01-08,9380
1048,2004-01-09,10160
1049,2004-01-12,10100
1050,2004-01-13,10060
1051,2004-01-14,9890
1052,2004-01-15,9930
1053,2004-01-16,10120
1054,2004-01-19,10420
1055,2004-01-20,10520
1056,2004-01-21,10520
1057,2004-01-22,10520
1058,2004-01-23,10520
1059,2004-01-26,10900
1060,2004-01-27,10700
1061,2004-01-28,10760
1062,2004-01-29,10660
1063,2004-01-30,10480
1064,2004-02-02,10600
1065,2004-02-03,10340
1066,2004-02-04,10180
1067,2004-02-05,10240
1068,2004-02-06,10540
1069,2004-02-09,10860
1070,2004-02-10,10920
1071,2004-02-11,11080
1072,2004-02-12,10980
1073,2004-02-13,11100
1074,2004-02-16,11260
1075,2004-02-17,11200
1076,2004-02-18,10980
1077,2004-02-19,11100
1078,2004-02-20,10980
1079,2004-02-23,10940
1080,2004-02-24,10620
1081,2004-02-25,10500
1082,2004-02-26,10520
1083,2004-02-27,10900
1084,2004-03-01,10900
1085,2004-03-02,11080
1086,2004-03-03,11080
1087,2004-03-04,11380
1088,2004-03-05,11280
1089,2004-03-08,10980
1090,2004-03-09,10780
1091,2004-03-10,10620
1092,2004-03-11,10660
1093,2004-03-12,10480
1094,2004-03-15,10500
1095,2004-03-16,10560
1096,2004-03-17,10900
1097,2004-03-18,10880
1098,2004-03-19,11100
1099,2004-03-22,10880
1100,2004-03-23,10820
1101,2004-03-24,10840
1102,2004-03-25,10700
1103,2004-03-26,10900
1104,2004-03-29,11100
1105,2004-03-30,11200
1106,2004-03-31,11440
1107,2004-04-01,11500
1108,2004-04-02,11300
1109,2004-04-05,11300
1110,2004-04-06,11900
1111,2004-04-07,12000
1112,2004-04-08,12100
1113,2004-04-09,11900
1114,2004-04-12,12200
1115,2004-04-13,12320
1116,2004-04-14,12300
1117,2004-04-15,12300
1118,2004-04-16,11880
1119,2004-04-19,11980
1120,2004-04-20,12300
1121,2004-04-21,12500
1122,2004-04-22,12400
1123,2004-04-23,12740
1124,2004-04-26,12520
1125,2004-04-27,12360
1126,2004-04-28,12040
1127,2004-04-29,11520
1128,2004-04-30,11140
1129,2004-05-03,11120
1130,2004-05-04,11100
1131,2004-05-05,11100
1132,2004-05-06,10560
1133,2004-05-07,10800
1134,2004-05-10,10180
1135,2004-05-11,10020
1136,2004-05-12,10500
1137,2004-05-13,10140
1138,2004-05-14,9830
1139,2004-05-17,9160
1140,2004-05-18,9470
1141,2004-05-19,10000
1142,2004-05-20,9890
1143,2004-05-21,10040
1144,2004-05-24,10220
1145,2004-05-25,9840
1146,2004-05-26,9840
1147,2004-05-27,10120
1148,2004-05-28,10400
1149,2004-05-31,10120
1150,2004-06-01,10300
1151,2004-06-02,10040
1152,2004-06-03,9470
1153,2004-06-04,9620
1154,2004-06-07,9920
1155,2004-06-08,9960
1156,2004-06-09,9660
1157,2004-06-10,9360
1158,2004-06-11,8730
1159,2004-06-14,8570
1160,2004-06-15,8770
1161,2004-06-16,8720
1162,2004-06-17,8840
1163,2004-06-18,8710
1164,2004-06-21,8920
1165,2004-06-22,8880
1166,2004-06-23,8980
1167,2004-06-24,9390
1168,2004-06-25,9640
1169,2004-06-28,9360
1170,2004-06-29,9420
1171,2004-06-30,9540
1172,2004-07-01,9300
1173,2004-07-02,8880
1174,2004-07-05,8860
1175,2004-07-06,8820
1176,2004-07-07,8740
1177,2004-07-08,8400
1178,2004-07-09,8480
1179,2004-07-12,8460
1180,2004-07-13,8670
1181,2004-07-14,8360
1182,2004-07-15,8170
1183,2004-07-16,8460
1184,2004-07-19,8530
1185,2004-07-20,8340
1186,2004-07-21,8590
1187,2004-07-22,8350
1188,2004-07-23,8360
1189,2004-07-26,8360
1190,2004-07-27,8400
1191,2004-07-28,8460
1192,2004-07-29,8220
1193,2004-07-30,8340
1194,2004-08-02,8160
1195,2004-08-03,8260
1196,2004-08-04,8260
1197,2004-08-05,8460
1198,2004-08-06,8390
1199,2004-08-09,8380
1200,2004-08-10,8480
1201,2004-08-11,8510
1202,2004-08-12,8620
1203,2004-08-13,8760
1204,2004-08-16,8600
1205,2004-08-17,8510
1206,2004-08-18,8600
1207,2004-08-19,8830
1208,2004-08-20,8680
1209,2004-08-23,8760
1210,2004-08-24,8900
1211,2004-08-25,9020
1212,2004-08-26,9120
1213,2004-08-27,9170
1214,2004-08-30,9160
1215,2004-08-31,9020
1216,2004-09-01,9060
1217,2004-09-02,9040
1218,2004-09-03,8730
1219,2004-09-06,8670
1220,2004-09-07,8680
1221,2004-09-08,8670
1222,2004-09-09,8780
1223,2004-09-10,9150
1224,2004-09-13,9500
1225,2004-09-14,9670
1226,2004-09-15,9560
1227,2004-09-16,9600
1228,2004-09-17,9390
1229,2004-09-20,9380
1230,2004-09-21,9480
1231,2004-09-22,9250
1232,2004-09-23,9200
1233,2004-09-24,9180
1234,2004-09-27,9180
1235,2004-09-28,9180
1236,2004-09-29,9180
1237,2004-09-30,9160
1238,2004-10-01,9220
1239,2004-10-04,9800
1240,2004-10-05,9760
1241,2004-10-06,9890
1242,2004-10-07,9760
1243,2004-10-08,9530
1244,2004-10-11,9330
1245,2004-10-12,8920
1246,2004-10-13,8980
1247,2004-10-14,8880
1248,2004-10-15,8740
1249,2004-10-18,8650
1250,2004-10-19,8770
1251,2004-10-20,8570
1252,2004-10-21,8580
1253,2004-10-22,8750
1254,2004-10-25,8560
1255,2004-10-26,8600
1256,2004-10-27,8580
1257,2004-10-28,8790
1258,2004-10-29,8790
1259,2004-11-01,8790
1260,2004-11-02,8800
1261,2004-11-03,9100
1262,2004-11-04,8960
1263,2004-11-05,9050
1264,2004-11-08,8800
1265,2004-11-09,8620
1266,2004-11-10,8780
1267,2004-11-11,8740
1268,2004-11-12,8970
1269,2004-11-15,9130
1270,2004-11-16,9110
1271,2004-11-17,9230
1272,2004-11-18,9270
1273,2004-11-19,9080
1274,2004-11-22,8800
1275,2004-11-23,8820
1276,2004-11-24,8790
1277,2004-11-25,8820
1278,2004-11-26,8660
1279,2004-11-29,8520
1280,2004-11-30,8690
1281,2004-12-01,8580
1282,2004-12-02,8570
1283,2004-12-03,8520
1284,2004-12-06,8360
1285,2004-12-07,8220
1286,2004-12-08,8390
1287,2004-12-09,8260
1288,2004-12-10,8120
1289,2004-12-13,8040
1290,2004-12-14,8250
1291,2004-12-15,8570
1292,2004-12-16,8800
1293,2004-12-17,8880
1294,2004-12-20,8900
1295,2004-12-21,8920
1296,2004-12-22,8850
1297,2004-12-23,8690
1298,2004-12-24,8660
1299,2004-12-27,8750
1300,2004-12-28,8720
1301,2004-12-29,8890
1302,2004-12-30,9010
1303,2004-12-31,9010
1304,2005-01-03,9020
1305,2005-01-04,8940
1306,2005-01-05,8860
1307,2005-01-06,8700
1308,2005-01-07,8810
1309,2005-01-10,8760
1310,2005-01-11,8840
1311,2005-01-12,8840
1312,2005-01-13,8880
1313,2005-01-14,9430
1314,2005-01-17,9850
1315,2005-01-18,9720
1316,2005-01-19,9600
1317,2005-01-20,9600
1318,2005-01-21,9720
1319,2005-01-24,9760
1320,2005-01-25,9670
1321,2005-01-26,9810
1322,2005-01-27,9840
1323,2005-01-28,9780
1324,2005-01-31,9900
1325,2005-02-01,9830
1326,2005-02-02,9810
1327,2005-02-03,9920
1328,2005-02-04,9910
1329,2005-02-07,10200
1330,2005-02-08,10200
1331,2005-02-09,10200
1332,2005-02-10,10200
1333,2005-02-11,10120
1334,2005-02-14,10340
1335,2005-02-15,10380
1336,2005-02-16,10400
1337,2005-02-17,10340
1338,2005-02-18,10540
1339,2005-02-21,10560
1340,2005-02-22,10440
1341,2005-02-23,10220
1342,2005-02-24,10380
1343,2005-02-25,10440
1344,2005-02-28,10540
1345,2005-03-01,10540
1346,2005-03-02,10340
1347,2005-03-03,10380
1348,2005-03-04,10200
1349,2005-03-07,10140
1350,2005-03-08,10040
1351,2005-03-09,10000
1352,2005-03-10,9990
1353,2005-03-11,10380
1354,2005-03-14,10200
1355,2005-03-15,10040
1356,2005-03-16,10060
1357,2005-03-17,9920
1358,2005-03-18,9900
1359,2005-03-21,9840
1360,2005-03-22,9920
1361,2005-03-23,9970
1362,2005-03-24,10060
1363,2005-03-25,10100
1364,2005-03-28,10200
1365,2005-03-29,10040
1366,2005-03-30,9960
1367,2005-03-31,10040
1368,2005-04-01,10240
1369,2005-04-04,10340
1370,2005-04-05,10340
1371,2005-04-06,10360
1372,2005-04-07,10360
1373,2005-04-08,10440
1374,2005-04-11,10340
1375,2005-04-12,10400
1376,2005-04-13,10360
1377,2005-04-14,10040
1378,2005-04-15,9830
1379,2005-04-18,9520
1380,2005-04-19,9480
1381,2005-04-20,9400
1382,2005-04-21,9320
1383,2005-04-22,9340
1384,2005-04-25,9490
1385,2005-04-26,9420
1386,2005-04-27,9280
1387,2005-04-28,9200
1388,2005-04-29,9040
1389,2005-05-02,9110
1390,2005-05-03,9100
1391,2005-05-04,9290
1392,2005-05-05,9290
1393,2005-05-06,9480
1394,2005-05-09,9500
1395,2005-05-10,9540
1396,2005-05-11,9440
1397,2005-05-12,9500
1398,2005-05-13,9630
1399,2005-05-16,9760
1400,2005-05-17,9790
1401,2005-05-18,9790
1402,2005-05-19,9970
1403,2005-05-20,9970
1404,2005-05-23,9960
1405,2005-05-24,9900
1406,2005-05-25,9690
1407,2005-05-26,9640
1408,2005-05-27,9800
1409,2005-05-30,9870
1410,2005-05-31,9780
1411,2005-06-01,9780
1412,2005-06-02,9750
1413,2005-06-03,9760
1414,2005-06-06,9760
1415,2005-06-07,9610
1416,2005-06-08,9550
1417,2005-06-09,9600
1418,2005-06-10,9830
1419,2005-06-13,9960
1420,2005-06-14,9930
1421,2005-06-15,10000
1422,2005-06-16,9970
1423,2005-06-17,9870
1424,2005-06-20,9810
1425,2005-06-21,9760
1426,2005-06-22,9860
1427,2005-06-23,9960
1428,2005-06-24,9820
1429,2005-06-27,9770
1430,2005-06-28,9790
1431,2005-06-29,9800
1432,2005-06-30,9880
1433,2005-07-01,10020
1434,2005-07-04,10060
1435,2005-07-05,10040
1436,2005-07-06,10080
1437,2005-07-07,10320
1438,2005-07-08,10320
1439,2005-07-11,10660
1440,2005-07-12,10820
1441,2005-07-13,10940
1442,2005-07-14,10940
1443,2005-07-15,10840
1444,2005-07-18,10980
1445,2005-07-19,11220
1446,2005-07-20,11160
1447,2005-07-21,11260
1448,2005-07-22,11040
1449,2005-07-25,11100
1450,2005-07-26,11020
1451,2005-07-27,11020
1452,2005-07-28,11200
1453,2005-07-29,11300
1454,2005-08-01,11380
1455,2005-08-02,11360
1456,2005-08-03,11360
1457,2005-08-04,11320
1458,2005-08-05,11060
1459,2005-08-08,11020
1460,2005-08-09,11000
1461,2005-08-10,11100
1462,2005-08-11,11340
1463,2005-08-12,11560
1464,2005-08-15,11560
1465,2005-08-16,11440
1466,2005-08-17,11440
1467,2005-08-18,11100
1468,2005-08-19,11060
1469,2005-08-22,11260
1470,2005-08-23,11240
1471,2005-08-24,11120
1472,2005-08-25,11040
1473,2005-08-26,10980
1474,2005-08-29,10800
1475,2005-08-30,10820
1476,2005-08-31,10880
1477,2005-09-01,10980
1478,2005-09-02,11080
1479,2005-09-05,11220
1480,2005-09-06,11380
1481,2005-09-07,11580
1482,2005-09-08,11740
1483,2005-09-09,11780
1484,2005-09-12,11780
1485,2005-09-13,12120
1486,2005-09-14,12260
1487,2005-09-15,12140
1488,2005-09-16,11860
1489,2005-09-19,11860
1490,2005-09-20,11860
1491,2005-09-21,12020
1492,2005-09-22,12000
1493,2005-09-23,11700
1494,2005-09-26,11940
1495,2005-09-27,11860
1496,2005-09-28,11960
1497,2005-09-29,11860
1498,2005-09-30,11760
1499,2005-10-03,11760
1500,2005-10-04,12060
1501,2005-10-05,12020
1502,2005-10-06,11740
1503,2005-10-07,11660
1504,2005-10-10,11860
1505,2005-10-11,11960
1506,2005-10-12,11560
1507,2005-10-13,11300
1508,2005-10-14,11300
1509,2005-10-17,11260
1510,2005-10-18,11320
1511,2005-10-19,11040
1512,2005-10-20,11120
1513,2005-10-21,11280
1514,2005-10-24,11320
1515,2005-10-25,11300
1516,2005-10-26,11260
1517,2005-10-27,11160
1518,2005-10-28,10920
1519,2005-10-31,11060
1520,2005-11-01,11300
1521,2005-11-02,11500
1522,2005-11-03,11740
1523,2005-11-04,11980
1524,2005-11-07,11960
1525,2005-11-08,12040
1526,2005-11-09,12000
1527,2005-11-10,12100
1528,2005-11-11,12360
1529,2005-11-14,12520
1530,2005-11-15,12400
1531,2005-11-16,12600
1532,2005-11-17,12480
1533,2005-11-18,12520
1534,2005-11-21,12360
1535,2005-11-22,11840
1536,2005-11-23,12140
1537,2005-11-24,12160
1538,2005-11-25,12000
1539,2005-11-28,12020
1540,2005-11-29,11880
1541,2005-11-30,12000
1542,2005-12-01,12100
1543,2005-12-02,12340
1544,2005-12-05,12460
1545,2005-12-06,12600
1546,2005-12-07,12780
1547,2005-12-08,12640
1548,2005-12-09,12420
1549,2005-12-12,12360
1550,2005-12-13,12400
1551,2005-12-14,12220
1552,2005-12-15,12180
1553,2005-12-16,12000
1554,2005-12-19,12180
1555,2005-12-20,12240
1556,2005-12-21,12560
1557,2005-12-22,12680
1558,2005-12-23,12900
1559,2005-12-26,13080
1560,2005-12-27,13220
1561,2005-12-28,13220
1562,2005-12-29,13160
1563,2006-01-02,13200
1564,2006-01-03,13280
1565,2006-01-04,13940
1566,2006-01-05,13580
1567,2006-01-06,13680
1568,2006-01-09,13740
1569,2006-01-10,14020
1570,2006-01-11,13680
1571,2006-01-12,13720
1572,2006-01-13,13840
1573,2006-01-16,14120
1574,2006-01-17,13940
1575,2006-01-18,13600
1576,2006-01-19,13800
1577,2006-01-20,13740
1578,2006-01-23,13700
1579,2006-01-24,13940
1580,2006-01-25,14220
1581,2006-01-26,14340
1582,2006-01-27,14400
1583,2006-01-31,14800
1584,2006-02-01,14580
1585,2006-02-02,14500
1586,2006-02-03,14080
1587,2006-02-06,14120
1588,2006-02-07,14120
1589,2006-02-08,13820
1590,2006-02-09,13860
1591,2006-02-10,13740
1592,2006-02-13,13500
1593,2006-02-14,13460
1594,2006-02-15,13080
1595,2006-02-16,13140
1596,2006-02-17,13460
1597,2006-02-20,13660
1598,2006-02-21,13460
1599,2006-02-22,13400
1600,2006-02-23,13620
1601,2006-02-24,13540
1602,2006-02-27,13820
1603,2006-02-28,13740
1604,2006-03-02,13860
1605,2006-03-03,13080
1606,2006-03-06,13160
1607,2006-03-07,12600
1608,2006-03-08,12460
1609,2006-03-09,12360
1610,2006-03-10,12440
1611,2006-03-13,12640
1612,2006-03-14,12480
1613,2006-03-15,12600
1614,2006-03-16,12640
1615,2006-03-17,12740
1616,2006-03-20,12780
1617,2006-03-21,12680
1618,2006-03-22,12280
1619,2006-03-23,12160
1620,2006-03-24,12180
1621,2006-03-27,12500
1622,2006-03-28,12560
1623,2006-03-29,12520
1624,2006-03-30,12460
1625,2006-03-31,12600
1626,2006-04-03,12880
1627,2006-04-04,13060
1628,2006-04-05,12980
1629,2006-04-06,13160
1630,2006-04-07,13080
1631,2006-04-10,12840
1632,2006-04-11,12700
1633,2006-04-12,12600
1634,2006-04-13,12740
1635,2006-04-14,13120
1636,2006-04-17,12980
1637,2006-04-18,13160
1638,2006-04-19,13300
1639,2006-04-20,13260
1640,2006-04-21,13800
1641,2006-04-24,13460
1642,2006-04-25,13200
1643,2006-04-26,13360
1644,2006-04-27,13280
1645,2006-04-28,12880
1646,2006-05-02,12980
1647,2006-05-03,12780
1648,2006-05-04,12920
1649,2006-05-08,13100
1650,2006-05-09,13220
1651,2006-05-10,13100
1652,2006-05-11,13260
1653,2006-05-12,13080
1654,2006-05-15,13000
1655,2006-05-16,12820
1656,2006-05-17,13100
1657,2006-05-18,12820
1658,2006-05-19,12760
1659,2006-05-22,12760
1660,2006-05-23,12600
1661,2006-05-24,12600
1662,2006-05-25,12300
1663,2006-05-26,12420
1664,2006-05-29,12440
1665,2006-05-30,12260
1666,2006-05-31,12440
1667,2006-06-01,12120
1668,2006-06-02,12280
1669,2006-06-05,12260
1670,2006-06-07,12000
1671,2006-06-08,11540
1672,2006-06-09,11500
1673,2006-06-12,11480
1674,2006-06-13,10980
1675,2006-06-14,11060
1676,2006-06-15,11100
1677,2006-06-16,11420
1678,2006-06-19,11300
1679,2006-06-20,11120
1680,2006-06-21,11140
1681,2006-06-22,11320
1682,2006-06-23,11360
1683,2006-06-26,11640
1684,2006-06-27,11660
1685,2006-06-28,11600
1686,2006-06-29,11800
1687,2006-06-30,12060
1688,2006-07-03,12100
1689,2006-07-04,12020
1690,2006-07-05,12060
1691,2006-07-06,11960
1692,2006-07-07,12020
1693,2006-07-10,12120
1694,2006-07-11,12160
1695,2006-07-12,12160
1696,2006-07-13,12000
1697,2006-07-14,11680
1698,2006-07-18,11640
1699,2006-07-19,11600
1700,2006-07-20,11960
1701,2006-07-21,11880
1702,2006-07-24,11800
1703,2006-07-25,11960
1704,2006-07-26,11980
1705,2006-07-27,12080
1706,2006-07-28,12020
1707,2006-07-31,12160
1708,2006-08-01,12100
1709,2006-08-02,12160
1710,2006-08-03,12200
1711,2006-08-04,12300
1712,2006-08-07,12120
1713,2006-08-08,12300
1714,2006-08-09,12320
1715,2006-08-10,12240
1716,2006-08-11,12140
1717,2006-08-14,12100
1718,2006-08-16,12360
1719,2006-08-17,12880
1720,2006-08-18,13120
1721,2006-08-21,13140
1722,2006-08-22,13160
1723,2006-08-23,12920
1724,2006-08-24,12720
1725,2006-08-25,12920
1726,2006-08-28,12860
1727,2006-08-29,13180
1728,2006-08-30,13100
1729,2006-08-31,13000
1730,2006-09-01,13060
1731,2006-09-04,13160
1732,2006-09-05,13160
1733,2006-09-06,13080
1734,2006-09-07,12980
1735,2006-09-08,12940
1736,2006-09-11,12720
1737,2006-09-12,12640
1738,2006-09-13,12840
1739,2006-09-14,13100
1740,2006-09-15,13120
1741,2006-09-18,13460
1742,2006-09-19,13440
1743,2006-09-20,13340
1744,2006-09-21,13300
1745,2006-09-22,13080
1746,2006-09-25,13060
1747,2006-09-26,13020
1748,2006-09-27,13260
1749,2006-09-28,13360
1750,2006-09-29,13280
1751,2006-10-02,13300
1752,2006-10-04,12960
1753,2006-10-09,12700
1754,2006-10-10,12840
1755,2006-10-11,12820
1756,2006-10-12,12780
1757,2006-10-13,12880
1758,2006-10-16,13000
1759,2006-10-17,12940
1760,2006-10-18,12840
1761,2006-10-19,12720
1762,2006-10-20,12640
1763,2006-10-23,12500
1764,2006-10-24,12540
1765,2006-10-25,12500
1766,2006-10-26,12580
1767,2006-10-27,12400
1768,2006-10-30,12180
1769,2006-10-31,12220
1770,2006-11-01,12300
1771,2006-11-02,12280
1772,2006-11-03,12220
1773,2006-11-06,12100
1774,2006-11-07,12180
1775,2006-11-08,12300
1776,2006-11-09,12620
1777,2006-11-10,12580
1778,2006-11-13,12800
1779,2006-11-14,12940
1780,2006-11-15,13240
1781,2006-11-16,13140
1782,2006-11-17,13140
1783,2006-11-20,13040
1784,2006-11-21,13000
1785,2006-11-22,13200
1786,2006-11-23,13080
1787,2006-11-24,13040
1788,2006-11-27,12840
1789,2006-11-28,12660
1790,2006-11-29,12620
1791,2006-11-30,12800
1792,2006-12-01,12800
1793,2006-12-04,12820
1794,2006-12-05,12760
1795,2006-12-06,12700
1796,2006-12-07,12520
1797,2006-12-08,12240
1798,2006-12-11,12080
1799,2006-12-12,12000
1800,2006-12-13,12100
1801,2006-12-14,12260
1802,2006-12-15,12180
1803,2006-12-18,12200
1804,2006-12-19,12180
1805,2006-12-20,12340
1806,2006-12-21,12340
1807,2006-12-22,12220
1808,2006-12-26,12140
1809,2006-12-27,12280
1810,2006-12-28,12260
1811,2007-01-02,12520
1812,2007-01-03,12280
1813,2007-01-04,12120
1814,2007-01-05,11900
1815,2007-01-08,11680
1816,2007-01-09,11720
1817,2007-01-10,11560
1818,2007-01-11,11660
1819,2007-01-12,12120
1820,2007-01-15,12240
1821,2007-01-16,12260
1822,2007-01-17,12040
1823,2007-01-18,11880
1824,2007-01-19,11700
1825,2007-01-22,11820
1826,2007-01-23,11880
1827,2007-01-24,12040
1828,2007-01-25,12060
1829,2007-01-26,11760
1830,2007-01-29,11560
1831,2007-01-30,11700
1832,2007-01-31,11600
1833,2007-02-01,11580
1834,2007-02-02,11760
1835,2007-02-05,11720
1836,2007-02-06,11740
1837,2007-02-07,11720
1838,2007-02-08,11660
1839,2007-02-09,11660
1840,2007-02-12,11440
1841,2007-02-13,11240
1842,2007-02-14,11340
1843,2007-02-15,11500
1844,2007-02-16,11840
1845,2007-02-20,12000
1846,2007-02-21,12120
1847,2007-02-22,12040
1848,2007-02-23,11840
1849,2007-02-26,11660
1850,2007-02-27,11620
1851,2007-02-28,11400
1852,2007-03-01,11340
1853,2007-03-05,11300
1854,2007-03-06,11420
1855,2007-03-07,11400
1856,2007-03-08,11540
1857,2007-03-09,11740
1858,2007-03-12,12040
1859,2007-03-13,12000
1860,2007-03-14,11680
1861,2007-03-15,11720
1862,2007-03-16,11780
1863,2007-03-19,11740
1864,2007-03-20,11580
1865,2007-03-21,11580
1866,2007-03-22,11640
1867,2007-03-23,11600
1868,2007-03-26,11680
1869,2007-03-27,11600
1870,2007-03-28,11440
1871,2007-03-29,11380
1872,2007-03-30,11260
1873,2007-04-02,11320
1874,2007-04-03,11480
1875,2007-04-04,11900
1876,2007-04-05,11860
1877,2007-04-06,11740
1878,2007-04-09,11680
1879,2007-04-10,11560
1880,2007-04-11,11980
1881,2007-04-12,12080
1882,2007-04-13,12040
1883,2007-04-16,11860
1884,2007-04-17,11860
1885,2007-04-18,11660
1886,2007-04-19,11440
1887,2007-04-20,11460
1888,2007-04-23,11400
1889,2007-04-24,11420
1890,2007-04-25,11280
1891,2007-04-26,11600
1892,2007-04-27,11600
1893,2007-04-30,11480
1894,2007-05-02,11500
1895,2007-05-03,11480
1896,2007-05-04,11520
1897,2007-05-07,11740
1898,2007-05-08,11640
1899,2007-05-09,11600
1900,2007-05-10,11500
1901,2007-05-11,11460
1902,2007-05-14,11480
1903,2007-05-15,11460
1904,2007-05-16,11400
1905,2007-05-17,11320
1906,2007-05-18,11080
1907,2007-05-21,11040
1908,2007-05-22,11300
1909,2007-05-23,11240
1910,2007-05-25,11040
1911,2007-05-28,10960
1912,2007-05-29,10740
1913,2007-05-30,10640
1914,2007-05-31,10700
1915,2007-06-01,11120
1916,2007-06-04,11440
1917,2007-06-05,11420
1918,2007-06-07,11380
1919,2007-06-08,11440
1920,2007-06-11,11560
1921,2007-06-12,11560
1922,2007-06-13,11460
1923,2007-06-14,11620
1924,2007-06-15,11480
1925,2007-06-18,11780
1926,2007-06-19,11700
1927,2007-06-20,11540
1928,2007-06-21,11780
1929,2007-06-22,11820
1930,2007-06-25,11760
1931,2007-06-26,11760
1932,2007-06-27,11620
1933,2007-06-28,11560
1934,2007-06-29,11320
1935,2007-07-02,11320
1936,2007-07-03,11420
1937,2007-07-04,11560
1938,2007-07-05,11820
1939,2007-07-06,12540
1940,2007-07-09,12860
1941,2007-07-10,12580
1942,2007-07-11,12700
1943,2007-07-12,12920
1944,2007-07-13,13740
1945,2007-07-16,13000
1946,2007-07-18,12800
1947,2007-07-19,12720
1948,2007-07-20,13220
1949,2007-07-23,13160
1950,2007-07-24,13080
1951,2007-07-25,12960
1952,2007-07-26,12520
1953,2007-07-27,11920
1954,2007-07-30,12200
1955,2007-07-31,12280
1956,2007-08-01,11620
1957,2007-08-02,11800
1958,2007-08-03,11800
1959,2007-08-06,11680
1960,2007-08-07,11680
1961,2007-08-08,12040
1962,2007-08-09,12420
1963,2007-08-10,12060
1964,2007-08-13,12260
1965,2007-08-14,12240
1966,2007-08-16,11600
1967,2007-08-17,11440
1968,2007-08-20,11800
1969,2007-08-21,11840
1970,2007-08-22,11880
1971,2007-08-23,11980
1972,2007-08-24,11720
1973,2007-08-27,11540
1974,2007-08-28,11520
1975,2007-08-29,11240
1976,2007-08-30,11440
1977,2007-08-31,11820
1978,2007-09-03,11520
1979,2007-09-04,11500
1980,2007-09-05,11380
1981,2007-09-06,11500
1982,2007-09-07,11500
1983,2007-09-10,11260
1984,2007-09-11,11340
1985,2007-09-12,11200
1986,2007-09-13,11240
1987,2007-09-14,11120
1988,2007-09-17,10900
1989,2007-09-18,10840
1990,2007-09-19,11040
1991,2007-09-20,10920
1992,2007-09-21,10680
1993,2007-09-27,11160
1994,2007-09-28,11500
1995,2007-10-01,11460
1996,2007-10-02,11580
1997,2007-10-04,11300
1998,2007-10-05,11060
1999,2007-10-08,11020
2000,2007-10-09,10740
2001,2007-10-10,11040
2002,2007-10-11,11100
2003,2007-10-12,11140
2004,2007-10-15,10840
2005,2007-10-16,10300
2006,2007-10-17,10300
2007,2007-10-18,10440
2008,2007-10-19,10800
2009,2007-10-22,10440
2010,2007-10-23,10440
2011,2007-10-24,10260
2012,2007-10-25,10140
2013,2007-10-26,10640
2014,2007-10-29,10900
2015,2007-10-30,10880
2016,2007-10-31,11000
2017,2007-11-01,10980
2018,2007-11-02,10800
2019,2007-11-05,10560
2020,2007-11-06,10960
2021,2007-11-07,11400
2022,2007-11-08,10720
2023,2007-11-09,10800
2024,2007-11-12,10640
2025,2007-11-13,10640
2026,2007-11-14,10940
2027,2007-11-15,11400
2028,2007-11-16,11140
2029,2007-11-19,10820
2030,2007-11-20,10620
2031,2007-11-21,10300
2032,2007-11-22,10780
2033,2007-11-23,11140
2034,2007-11-26,11260
2035,2007-11-27,10780
2036,2007-11-28,10880
2037,2007-11-29,11340
2038,2007-11-30,11300
2039,2007-12-03,11320
2040,2007-12-04,11500
2041,2007-12-05,11640
2042,2007-12-06,12240
2043,2007-12-07,12160
2044,2007-12-10,12280
2045,2007-12-11,12060
2046,2007-12-12,11960
2047,2007-12-13,11800
2048,2007-12-14,11620
2049,2007-12-17,11200
2050,2007-12-18,11200
2051,2007-12-20,11180
2052,2007-12-21,11200
2053,2007-12-24,11560
2054,2007-12-26,11520
2055,2007-12-27,11400
2056,2007-12-28,11120
2057,2008-01-02,10880
2058,2008-01-03,10920
2059,2008-01-04,10780
2060,2008-01-07,10380
2061,2008-01-08,10320
2062,2008-01-09,10500
2063,2008-01-10,10320
2064,2008-01-11,10320
2065,2008-01-14,10500
2066,2008-01-15,10640
2067,2008-01-16,10600
2068,2008-01-17,11200
2069,2008-01-18,11340
2070,2008-01-21,11280
2071,2008-01-22,10720
2072,2008-01-23,10800
2073,2008-01-24,11120
2074,2008-01-25,11220
2075,2008-01-28,10780
2076,2008-01-29,11160
2077,2008-01-30,11420
2078,2008-01-31,11900
2079,2008-02-01,11720
2080,2008-02-04,12240
2081,2008-02-05,12260
2082,2008-02-11,11680
2083,2008-02-12,11460
2084,2008-02-13,11480
2085,2008-02-14,11860
2086,2008-02-15,11720
2087,2008-02-18,11540
2088,2008-02-19,11740
2089,2008-02-20,11560
2090,2008-02-21,11880
2091,2008-02-22,11640
2092,2008-02-25,11620
2093,2008-02-26,11420
2094,2008-02-27,11560
2095,2008-02-28,11600
2096,2008-02-29,11200
2097,2008-03-03,10980
2098,2008-03-04,11040
2099,2008-03-05,11240
2100,2008-03-06,11240
2101,2008-03-07,11000
2102,2008-03-10,11080
2103,2008-03-11,11100
2104,2008-03-12,11200
2105,2008-03-13,11000
2106,2008-03-14,10940
2107,2008-03-17,11000
2108,2008-03-18,11360
2109,2008-03-19,11820
2110,2008-03-20,12120
2111,2008-03-21,12140
2112,2008-03-24,11980
2113,2008-03-25,12200
2114,2008-03-26,12240
2115,2008-03-27,12100
2116,2008-03-28,12260
2117,2008-03-31,12460
2118,2008-04-01,12720
2119,2008-04-02,13220
2120,2008-04-03,13240
2121,2008-04-04,13000
2122,2008-04-07,13000
2123,2008-04-08,12920
2124,2008-04-10,13120
2125,2008-04-11,13600
2126,2008-04-14,13560
2127,2008-04-15,13160
2128,2008-04-16,13020
2129,2008-04-17,13220
2130,2008-04-18,13300
2131,2008-04-21,13480
2132,2008-04-22,13500
2133,2008-04-23,13060
2134,2008-04-24,13220
2135,2008-04-25,13800
2136,2008-04-28,14320
2137,2008-04-29,14200
2138,2008-04-30,14220
2139,2008-05-01,14220
2140,2008-05-02,14620
2141,2008-05-05,14620
2142,2008-05-06,14900
2143,2008-05-07,14820
2144,2008-05-08,14560
2145,2008-05-09,14180
2146,2008-05-12,14180
2147,2008-05-13,14700
2148,2008-05-14,14760
2149,2008-05-15,15280
2150,2008-05-16,15200
2151,2008-05-19,14560
2152,2008-05-20,14260
2153,2008-05-21,14360
2154,2008-05-22,14260
2155,2008-05-23,14140
2156,2008-05-26,13580
2157,2008-05-27,14040
2158,2008-05-28,13840
2159,2008-05-29,14600
2160,2008-05-30,14820
2161,2008-06-02,14520
2162,2008-06-03,14080
2163,2008-06-04,14260
2164,2008-06-05,14180
2165,2008-06-06,14180
2166,2008-06-09,13720
2167,2008-06-10,13320
2168,2008-06-11,13620
2169,2008-06-12,13260
2170,2008-06-13,13480
2171,2008-06-16,13820
2172,2008-06-17,13760
2173,2008-06-18,14080
2174,2008-06-19,13500
2175,2008-06-20,13360
2176,2008-06-23,13160
2177,2008-06-24,13180
2178,2008-06-25,13100
2179,2008-06-26,13300
2180,2008-06-27,12860
2181,2008-06-30,12500
2182,2008-07-01,12720
2183,2008-07-02,12600
2184,2008-07-03,12660
2185,2008-07-04,12320
2186,2008-07-07,12280
2187,2008-07-08,11860
2188,2008-07-09,11500
2189,2008-07-10,11200
2190,2008-07-11,11360
2191,2008-07-14,11340
2192,2008-07-15,11060
2193,2008-07-16,11220
2194,2008-07-17,11680
2195,2008-07-18,11640
2196,2008-07-21,11980
2197,2008-07-22,11800
2198,2008-07-23,11740
2199,2008-07-24,12280
2200,2008-07-25,11520
2201,2008-07-28,11200
2202,2008-07-29,10880
2203,2008-07-30,10960
2204,2008-07-31,11280
2205,2008-08-01,11300
2206,2008-08-04,11300
2207,2008-08-05,11340
2208,2008-08-06,11740
2209,2008-08-07,11560
2210,2008-08-08,11460
2211,2008-08-11,11700
2212,2008-08-12,11900
2213,2008-08-13,11740
2214,2008-08-14,11600
2215,2008-08-15,11600
2216,2008-08-18,11580
2217,2008-08-19,11280
2218,2008-08-20,11200
2219,2008-08-21,11060
2220,2008-08-22,11140
2221,2008-08-25,11200
2222,2008-08-26,10800
2223,2008-08-27,10600
2224,2008-08-28,10420
2225,2008-08-29,10320
2226,2008-09-01,10120
2227,2008-09-02,10340
2228,2008-09-03,10540
2229,2008-09-04,10280
2230,2008-09-05,10440
2231,2008-09-08,10860
2232,2008-09-09,10720
2233,2008-09-10,10840
2234,2008-09-11,10740
2235,2008-09-12,10860
2236,2008-09-15,10860
2237,2008-09-16,10500
2238,2008-09-17,10500
2239,2008-09-18,10340
2240,2008-09-19,11160
2241,2008-09-22,11160
2242,2008-09-23,11200
2243,2008-09-24,11280
2244,2008-09-25,11340
2245,2008-09-26,11060
2246,2008-09-29,10880
2247,2008-09-30,10780
2248,2008-10-01,10660
2249,2008-10-02,10560
2250,2008-10-03,10560
2251,2008-10-06,10340
2252,2008-10-07,10620
2253,2008-10-08,10560
2254,2008-10-09,10820
2255,2008-10-10,10420
2256,2008-10-13,10480
2257,2008-10-14,11200
2258,2008-10-15,10940
2259,2008-10-16,10080
2260,2008-10-17,10020
2261,2008-10-20,10420
2262,2008-10-21,10380
2263,2008-10-22,10160
2264,2008-10-23,9450
2265,2008-10-24,8040
2266,2008-10-27,8760
2267,2008-10-28,9270
2268,2008-10-29,9500
2269,2008-10-30,10740
2270,2008-10-31,10540
2271,2008-11-03,10320
2272,2008-11-04,10280
2273,2008-11-05,10300
2274,2008-11-06,9830
2275,2008-11-07,9790
2276,2008-11-10,9490
2277,2008-11-11,9410
2278,2008-11-12,9610
2279,2008-11-13,9480
2280,2008-11-14,9260
2281,2008-11-17,9010
2282,2008-11-18,8700
2283,2008-11-19,8760
2284,2008-11-20,8460
2285,2008-11-21,8880
2286,2008-11-24,8800
2287,2008-11-25,9030
2288,2008-11-26,9460
2289,2008-11-27,9700
2290,2008-11-28,9720
2291,2008-12-01,9530
2292,2008-12-02,9080
2293,2008-12-03,8820
2294,2008-12-04,8610
2295,2008-12-05,8540
2296,2008-12-08,9280
2297,2008-12-09,9390
2298,2008-12-10,9620
2299,2008-12-11,9650
2300,2008-12-12,9210
2301,2008-12-15,9440
2302,2008-12-16,9140
2303,2008-12-17,9190
2304,2008-12-18,9360
2305,2008-12-19,9790
2306,2008-12-22,9720
2307,2008-12-23,9130
2308,2008-12-24,9200
2309,2008-12-25,9200
2310,2008-12-26,9120
2311,2008-12-29,9080
2312,2008-12-30,9020
2313,2008-12-31,9020
2314,2009-01-02,9400
2315,2009-01-05,9520
2316,2009-01-06,9960
2317,2009-01-07,10480
2318,2009-01-08,10160
2319,2009-01-09,9860
2320,2009-01-12,9790
2321,2009-01-13,9830
2322,2009-01-14,9790
2323,2009-01-15,9190
2324,2009-01-16,9360
2325,2009-01-19,9500
2326,2009-01-20,9280
2327,2009-01-21,8970
2328,2009-01-22,9220
2329,2009-01-23,8840
2330,2009-01-28,9770
2331,2009-01-29,9970
2332,2009-01-30,9780
2333,2009-02-02,9470
2334,2009-02-03,9800
2335,2009-02-04,10360
2336,2009-02-05,10420
2337,2009-02-06,10900
2338,2009-02-09,10540
2339,2009-02-10,10400
2340,2009-02-11,10260
2341,2009-02-12,10400
2342,2009-02-13,10280
2343,2009-02-16,10080
2344,2009-02-17,9810
2345,2009-02-18,9560
2346,2009-02-19,9610
2347,2009-02-20,9350
2348,2009-02-23,9700
2349,2009-02-24,9350
2350,2009-02-25,9560
2351,2009-02-26,9540
2352,2009-02-27,9540
2353,2009-03-02,9240
2354,2009-03-03,9510
2355,2009-03-04,9780
2356,2009-03-05,10060
2357,2009-03-06,10000
2358,2009-03-09,10300
2359,2009-03-10,10080
2360,2009-03-11,10500
2361,2009-03-12,10720
2362,2009-03-13,10560
2363,2009-03-16,10460
2364,2009-03-17,10680
2365,2009-03-18,10800
2366,2009-03-19,10820
2367,2009-03-20,10840
2368,2009-03-23,11000
2369,2009-03-24,11180
2370,2009-03-25,11120
2371,2009-03-26,11400
2372,2009-03-27,11680
2373,2009-03-30,11340
2374,2009-03-31,11360
2375,2009-04-01,11400
2376,2009-04-02,11820
2377,2009-04-03,11860
2378,2009-04-06,11880
2379,2009-04-07,11680
2380,2009-04-08,11140
2381,2009-04-09,11600
2382,2009-04-10,12060
2383,2009-04-13,11660
2384,2009-04-14,11500
2385,2009-04-15,11700
2386,2009-04-16,11620
2387,2009-04-17,11940
2388,2009-04-20,11840
2389,2009-04-21,11820
2390,2009-04-22,12180
2391,2009-04-23,12540
2392,2009-04-24,11840
2393,2009-04-27,11700
2394,2009-04-28,11500
2395,2009-04-29,11720
2396,2009-04-30,11840
2397,2009-05-04,11640
2398,2009-05-06,11300
2399,2009-05-07,11320
2400,2009-05-08,11380
2401,2009-05-11,11260
2402,2009-05-12,11220
2403,2009-05-13,11200
2404,2009-05-14,11040
2405,2009-05-15,11100
2406,2009-05-18,11120
2407,2009-05-19,11400
2408,2009-05-20,11520
2409,2009-05-21,11260
2410,2009-05-22,11000
2411,2009-05-25,10900
2412,2009-05-26,10760
2413,2009-05-27,10700
2414,2009-05-28,11180
2415,2009-05-29,11160
2416,2009-06-01,11160
2417,2009-06-02,11120
2418,2009-06-03,11040
2419,2009-06-04,11100
2420,2009-06-05,11380
2421,2009-06-08,11500
2422,2009-06-09,11300
2423,2009-06-10,11740
2424,2009-06-11,11700
2425,2009-06-12,11680
2426,2009-06-15,11580
2427,2009-06-16,11300
2428,2009-06-17,11500
2429,2009-06-18,11300
2430,2009-06-19,11240
2431,2009-06-22,11500
2432,2009-06-23,11500
2433,2009-06-24,11600
2434,2009-06-25,11760
2435,2009-06-26,11920
2436,2009-06-29,11960
2437,2009-06-30,11840
2438,2009-07-01,12060
2439,2009-07-02,12040
2440,2009-07-03,12020
2441,2009-07-06,12680
2442,2009-07-07,13000
2443,2009-07-08,13100
2444,2009-07-09,13000
2445,2009-07-10,12900
2446,2009-07-13,12400
2447,2009-07-14,12680
2448,2009-07-15,13320
2449,2009-07-16,13480
2450,2009-07-17,13400
2451,2009-07-20,13800
2452,2009-07-21,13840
2453,2009-07-22,13760
2454,2009-07-23,13560
2455,2009-07-24,13660
2456,2009-07-27,13980
2457,2009-07-28,14000
2458,2009-07-29,13940
2459,2009-07-30,14280
2460,2009-07-31,14480
2461,2009-08-03,14300
2462,2009-08-04,14500
2463,2009-08-05,14660
2464,2009-08-06,14300
2465,2009-08-07,14320
2466,2009-08-10,14200
2467,2009-08-11,14100
2468,2009-08-12,13860
2469,2009-08-13,14040
2470,2009-08-14,14620
2471,2009-08-17,14260
2472,2009-08-18,14600
2473,2009-08-19,14760
2474,2009-08-20,14800
2475,2009-08-21,15140
2476,2009-08-24,15660
2477,2009-08-25,15500
2478,2009-08-26,15540
2479,2009-08-27,15340
2480,2009-08-28,15280
2481,2009-08-31,15420
2482,2009-09-01,15980
2483,2009-09-02,15680
2484,2009-09-03,15500
2485,2009-09-04,15340
2486,2009-09-07,15460
2487,2009-09-08,15620
2488,2009-09-09,15620
2489,2009-09-10,15820
2490,2009-09-11,15860
2491,2009-09-14,15280
2492,2009-09-15,15380
2493,2009-09-16,15900
2494,2009-09-17,16200
2495,2009-09-18,16120
2496,2009-09-21,15960
2497,2009-09-22,16500
2498,2009-09-23,16400
2499,2009-09-24,16060
2500,2009-09-25,15900
2501,2009-09-28,15920
2502,2009-09-29,16240
2503,2009-09-30,16300
2504,2009-10-01,15840
2505,2009-10-05,14940
2506,2009-10-06,14900
2507,2009-10-07,14440
2508,2009-10-08,14400
2509,2009-10-09,15100
2510,2009-10-12,14980
2511,2009-10-13,15140
2512,2009-10-14,15380
2513,2009-10-15,15500
2514,2009-10-16,14920
2515,2009-10-19,15020
2516,2009-10-20,15040
2517,2009-10-21,14700
2518,2009-10-22,14520
2519,2009-10-23,14900
2520,2009-10-26,15060
2521,2009-10-27,14840
2522,2009-10-28,14400
2523,2009-10-29,14360
2524,2009-10-30,14460
2525,2009-11-02,14360
2526,2009-11-03,14580
2527,2009-11-04,14660
2528,2009-11-05,14240
2529,2009-11-06,14440
2530,2009-11-09,14480
2531,2009-11-10,14540
2532,2009-11-11,14700
2533,2009-11-12,14400
2534,2009-11-13,14280
2535,2009-11-16,14660
2536,2009-11-17,14560
2537,2009-11-18,15000
2538,2009-11-19,15180
2539,2009-11-20,15100
2540,2009-11-23,15180
2541,2009-11-24,14840
2542,2009-11-25,14980
2543,2009-11-26,14860
2544,2009-11-27,14240
2545,2009-11-30,14400
2546,2009-12-01,14740
2547,2009-12-02,14940
2548,2009-12-03,15180
2549,2009-12-04,15240
2550,2009-12-07,15420
2551,2009-12-08,15440
2552,2009-12-09,15560
2553,2009-12-10,15760
2554,2009-12-11,15700
2555,2009-12-14,15580
2556,2009-12-15,15540
2557,2009-12-16,15600
2558,2009-12-17,15300
2559,2009-12-18,15460
2560,2009-12-21,15420
2561,2009-12-22,15620
2562,2009-12-23,15680
2563,2009-12-24,15800
2564,2009-12-28,15740
2565,2009-12-29,15720
2566,2009-12-30,15980
2567,2010-01-04,16180
2568,2010-01-05,16440
2569,2010-01-06,16820
2570,2010-01-07,16260
2571,2010-01-08,16420
2572,2010-01-11,15940
2573,2010-01-12,16180
2574,2010-01-13,15940
2575,2010-01-14,16540
2576,2010-01-15,16840
2577,2010-01-18,16860
2578,2010-01-19,16460
2579,2010-01-20,16680
2580,2010-01-21,17000
2581,2010-01-22,16500
2582,2010-01-25,16840
2583,2010-01-26,16300
2584,2010-01-27,16000
2585,2010-01-28,16160
2586,2010-01-29,15680
2587,2010-02-01,15540
2588,2010-02-02,15440
2589,2010-02-03,15540
2590,2010-02-04,15520
2591,2010-02-05,15000
2592,2010-02-08,14960
2593,2010-02-09,15220
2594,2010-02-10,15100
2595,2010-02-11,15260
2596,2010-02-12,15000
2597,2010-02-16,15120
2598,2010-02-17,15580
2599,2010-02-18,15500
2600,2010-02-19,15200
2601,2010-02-22,15460
2602,2010-02-23,15340
2603,2010-02-24,15040
2604,2010-02-25,14720
2605,2010-02-26,14880
2606,2010-03-02,15400
2607,2010-03-03,15420
2608,2010-03-04,15220
2609,2010-03-05,15500
2610,2010-03-08,15720
2611,2010-03-09,15720
2612,2010-03-10,15680
2613,2010-03-11,15560
2614,2010-03-12,15560
2615,2010-03-15,15360
2616,2010-03-16,15300
2617,2010-03-17,15960
2618,2010-03-18,15940
2619,2010-03-19,16080
2620,2010-03-22,16020
2621,2010-03-23,16180
2622,2010-03-24,16380
2623,2010-03-25,16380
2624,2010-03-26,16400
2625,2010-03-29,16360
2626,2010-03-30,16280
2627,2010-03-31,16360
2628,2010-04-01,16900
2629,2010-04-02,17140
2630,2010-04-05,17400
2631,2010-04-06,17380
2632,2010-04-07,17180
2633,2010-04-08,17260
2634,2010-04-09,17120
2635,2010-04-12,16600
2636,2010-04-13,16560
2637,2010-04-14,16900
2638,2010-04-15,17100
2639,2010-04-16,16960
2640,2010-04-19,16540
2641,2010-04-20,16560
2642,2010-04-21,17040
2643,2010-04-22,16820
2644,2010-04-23,16600
2645,2010-04-26,16680
2646,2010-04-27,16700
2647,2010-04-28,16500
2648,2010-04-29,16500
2649,2010-04-30,16980
2650,2010-05-03,16580
2651,2010-05-04,16680
2652,2010-05-06,16280
2653,2010-05-07,15880
2654,2010-05-10,16060
2655,2010-05-11,15820
2656,2010-05-12,15780
2657,2010-05-13,16260
2658,2010-05-14,16200
2659,2010-05-17,15680
2660,2010-05-18,15840
2661,2010-05-19,15460
2662,2010-05-20,15120
2663,2010-05-24,15160
2664,2010-05-25,14820
2665,2010-05-26,15000
2666,2010-05-27,15440
2667,2010-05-28,15560
2668,2010-05-31,15520
2669,2010-06-01,15360
2670,2010-06-03,15540
2671,2010-06-04,15860
2672,2010-06-07,15740
2673,2010-06-08,15700
2674,2010-06-09,15400
2675,2010-06-10,15460
2676,2010-06-11,15940
2677,2010-06-14,16140
2678,2010-06-15,15960
2679,2010-06-16,16380
2680,2010-06-17,16340
2681,2010-06-18,16440
2682,2010-06-21,16600
2683,2010-06-22,16320
2684,2010-06-23,16100
2685,2010-06-24,16400
2686,2010-06-25,16100
2687,2010-06-28,15920
2688,2010-06-29,15840
2689,2010-06-30,15480
2690,2010-07-01,15320
2691,2010-07-02,15340
2692,2010-07-05,15340
2693,2010-07-06,15500
2694,2010-07-07,15380
2695,2010-07-08,15500
2696,2010-07-09,15920
2697,2010-07-12,16040
2698,2010-07-13,15920
2699,2010-07-14,16480
2700,2010-07-15,16400
2701,2010-07-16,16040
2702,2010-07-19,15900
2703,2010-07-20,15960
2704,2010-07-21,16340
2705,2010-07-22,16160
2706,2010-07-23,16220
2707,2010-07-26,16360
2708,2010-07-27,16580
2709,2010-07-28,16740
2710,2010-07-29,16540
2711,2010-07-30,16200
2712,2010-08-02,16200
2713,2010-08-03,16300
2714,2010-08-04,16120
2715,2010-08-05,16080
2716,2010-08-06,16020
2717,2010-08-09,16040
2718,2010-08-10,15860
2719,2010-08-11,15580
2720,2010-08-12,15320
2721,2010-08-13,15620
2722,2010-08-16,15640
2723,2010-08-17,15640
2724,2010-08-18,15560
2725,2010-08-19,15780
2726,2010-08-20,15680
2727,2010-08-23,15800
2728,2010-08-24,15660
2729,2010-08-25,15440
2730,2010-08-26,15460
2731,2010-08-27,15320
2732,2010-08-30,15520
2733,2010-08-31,15120
2734,2010-09-01,15040
2735,2010-09-02,15180
2736,2010-09-03,15220
2737,2010-09-06,15600
2738,2010-09-07,15760
2739,2010-09-08,15420
2740,2010-09-09,15120
2741,2010-09-10,15320
2742,2010-09-13,15400
2743,2010-09-14,15200
2744,2010-09-15,15140
2745,2010-09-16,15140
2746,2010-09-17,15460
2747,2010-09-20,15600
2748,2010-09-24,15240
2749,2010-09-27,15100
2750,2010-09-28,14900
2751,2010-09-29,15440
2752,2010-09-30,15540
2753,2010-10-01,15540
2754,2010-10-04,15600
2755,2010-10-05,15460
2756,2010-10-06,15860
2757,2010-10-07,15400
2758,2010-10-08,15160
2759,2010-10-11,15060
2760,2010-10-12,14920
2761,2010-10-13,14880
2762,2010-10-14,15000
2763,2010-10-15,15080
2764,2010-10-18,15020
2765,2010-10-19,14820
2766,2010-10-20,14900
2767,2010-10-21,15300
2768,2010-10-22,15540
2769,2010-10-25,15420
2770,2010-10-26,15260
2771,2010-10-27,15060
2772,2010-10-28,15280
2773,2010-10-29,14900
2774,2010-11-01,14940
2775,2010-11-02,14800
2776,2010-11-03,14800
2777,2010-11-04,15260
2778,2010-11-05,15520
2779,2010-11-08,15560
2780,2010-11-09,15480
2781,2010-11-10,15800
2782,2010-11-11,15340
2783,2010-11-12,15560
2784,2010-11-15,16160
2785,2010-11-16,16220
2786,2010-11-17,15900
2787,2010-11-18,15980
2788,2010-11-19,16360
2789,2010-11-22,16960
2790,2010-11-23,16800
2791,2010-11-24,17020
2792,2010-11-25,16900
2793,2010-11-26,16740
2794,2010-11-29,16720
2795,2010-11-30,16520
2796,2010-12-01,16400
2797,2010-12-02,17180
2798,2010-12-03,17880
2799,2010-12-06,17800
2800,2010-12-07,18020
2801,2010-12-08,17760
2802,2010-12-09,18340
2803,2010-12-10,18380
2804,2010-12-13,18600
2805,2010-12-14,18580
2806,2010-12-15,18320
2807,2010-12-16,18220
2808,2010-12-17,18520
2809,2010-12-20,18640
2810,2010-12-21,18720
2811,2010-12-22,18780
2812,2010-12-23,18720
2813,2010-12-24,18500
2814,2010-12-27,18440
2815,2010-12-28,18760
2816,2010-12-29,18900
2817,2010-12-30,18980
2818,2011-01-03,19160
2819,2011-01-04,19160
2820,2011-01-05,18840
2821,2011-01-06,18600
2822,2011-01-07,18420
2823,2011-01-10,18340
2824,2011-01-11,18260
2825,2011-01-12,18600
2826,2011-01-13,18440
2827,2011-01-14,18660
2828,2011-01-17,18980
2829,2011-01-18,19380
2830,2011-01-19,19940
2831,2011-01-20,19640
2832,2011-01-21,19420
2833,2011-01-24,19420
2834,2011-01-25,19500
2835,2011-01-26,19960
2836,2011-01-27,19880
2837,2011-01-28,20200
2838,2011-01-31,19620
2839,2011-02-01,19660
2840,2011-02-07,19440
2841,2011-02-08,19220
2842,2011-02-09,19200
2843,2011-02-10,18720
2844,2011-02-11,18300
2845,2011-02-14,19060
2846,2011-02-15,19160
2847,2011-02-16,18900
2848,2011-02-17,19080
2849,2011-02-18,19200
2850,2011-02-21,18960
2851,2011-02-22,18760
2852,2011-02-23,18600
2853,2011-02-24,18580
2854,2011-02-25,18520
2855,2011-02-28,18460
2856,2011-03-02,18360
2857,2011-03-03,18460
2858,2011-03-04,18900
2859,2011-03-07,18120
2860,2011-03-08,17980
2861,2011-03-09,17800
2862,2011-03-10,17320
2863,2011-03-11,17240
2864,2011-03-14,18000
2865,2011-03-15,17200
2866,2011-03-16,17720
2867,2011-03-17,17800
2868,2011-03-18,17820
2869,2011-03-21,17800
2870,2011-03-22,17500
2871,2011-03-23,17460
2872,2011-03-24,17600
2873,2011-03-25,18200
2874,2011-03-28,18320
2875,2011-03-29,18320
2876,2011-03-30,18520
2877,2011-03-31,18640
2878,2011-04-01,18800
2879,2011-04-04,18900
2880,2011-04-05,18900
2881,2011-04-06,18460
2882,2011-04-07,18180
2883,2011-04-08,17960
2884,2011-04-11,17880
2885,2011-04-12,17640
2886,2011-04-13,18020
2887,2011-04-14,18000
2888,2011-04-15,17760
2889,2011-04-18,17340
2890,2011-04-19,17500
2891,2011-04-20,18320
2892,2011-04-21,18560
2893,2011-04-22,18080
2894,2011-04-25,17780
2895,2011-04-26,17940
2896,2011-04-27,18480
2897,2011-04-28,18000
2898,2011-04-29,17860
2899,2011-05-02,18640
2900,2011-05-03,18760
2901,2011-05-04,18300
2902,2011-05-06,17980
2903,2011-05-09,17820
2904,2011-05-11,17840
2905,2011-05-12,17700
2906,2011-05-13,18320
2907,2011-05-16,18020
2908,2011-05-17,17800
2909,2011-05-18,17860
2910,2011-05-19,17600
2911,2011-05-20,17640
2912,2011-05-23,17460
2913,2011-05-24,17300
2914,2011-05-25,17120
2915,2011-05-26,17580
2916,2011-05-27,17820
2917,2011-05-30,17680
2918,2011-05-31,18040
2919,2011-06-01,18220
2920,2011-06-02,17660
2921,2011-06-03,17700
2922,2011-06-07,17740
2923,2011-06-08,17540
2924,2011-06-09,17300
2925,2011-06-10,17020
2926,2011-06-13,17060
2927,2011-06-14,17260
2928,2011-06-15,17300
2929,2011-06-16,16960
2930,2011-06-17,16380
2931,2011-06-20,16000
2932,2011-06-21,16280
2933,2011-06-22,16520
2934,2011-06-23,16620
2935,2011-06-24,17040
2936,2011-06-27,16700
2937,2011-06-28,16640
2938,2011-06-29,16660
2939,2011-06-30,16520
2940,2011-07-01,17100
2941,2011-07-04,17560
2942,2011-07-05,17980
2943,2011-07-06,17960
2944,2011-07-07,17600
2945,2011-07-08,17700
2946,2011-07-11,17300
2947,2011-07-12,17000
2948,2011-07-13,16860
2949,2011-07-14,16620
2950,2011-07-15,16640
2951,2011-07-18,16260
2952,2011-07-19,16440
2953,2011-07-20,17020
2954,2011-07-21,16840
2955,2011-07-22,17000
2956,2011-07-25,16940
2957,2011-07-26,17000
2958,2011-07-27,16900
2959,2011-07-28,16740
2960,2011-07-29,16880
2961,2011-08-01,17400
2962,2011-08-02,17040
2963,2011-08-03,16660
2964,2011-08-04,16420
2965,2011-08-05,15780
2966,2011-08-08,15200
2967,2011-08-09,14480
2968,2011-08-10,14400
2969,2011-08-11,14160
2970,2011-08-12,14140
2971,2011-08-16,15000
2972,2011-08-17,15040
2973,2011-08-18,14180
2974,2011-08-19,13600
2975,2011-08-22,13820
2976,2011-08-23,14460
2977,2011-08-24,14160
2978,2011-08-25,14500
2979,2011-08-26,14520
2980,2011-08-29,14660
2981,2011-08-30,14840
2982,2011-08-31,14880
2983,2011-09-01,15420
2984,2011-09-02,15380
2985,2011-09-05,14620
2986,2011-09-06,14540
2987,2011-09-07,15460
2988,2011-09-08,15960
2989,2011-09-09,15600
2990,2011-09-14,15060
2991,2011-09-15,15420
2992,2011-09-16,15960
2993,2011-09-19,16160
2994,2011-09-20,16220
2995,2011-09-21,16260
2996,2011-09-22,15800
2997,2011-09-23,15160
2998,2011-09-26,15500
2999,2011-09-27,16080
3000,2011-09-28,16140
3001,2011-09-29,16740
3002,2011-09-30,16800
3003,2011-10-04,16560
3004,2011-10-05,16840
3005,2011-10-06,17100
3006,2011-10-07,17200
3007,2011-10-10,17480
3008,2011-10-11,17620
3009,2011-10-12,17960
3010,2011-10-13,17800
3011,2011-10-14,17720
3012,2011-10-17,17800
3013,2011-10-18,17660
3014,2011-10-19,17720
3015,2011-10-20,18140
3016,2011-10-21,18340
3017,2011-10-24,18820
3018,2011-10-25,18900
3019,2011-10-26,18680
3020,2011-10-27,18480
3021,2011-10-28,18900
3022,2011-10-31,19360
3023,2011-11-01,19800
3024,2011-11-02,19420
3025,2011-11-03,19340
3026,2011-11-04,20100
3027,2011-11-07,19860
3028,2011-11-08,19400
3029,2011-11-09,19700
3030,2011-11-10,18700
3031,2011-11-11,19660
3032,2011-11-14,19920
3033,2011-11-15,19920
3034,2011-11-16,19500
3035,2011-11-17,19600
3036,2011-11-18,19260
3037,2011-11-21,19000
3038,2011-11-22,19260
3039,2011-11-23,18700
3040,2011-11-24,18860
3041,2011-11-25,18940
3042,2011-11-28,19560
3043,2011-11-29,20100
3044,2011-11-30,20080
3045,2011-12-01,21480
3046,2011-12-02,21000
3047,2011-12-05,21320
3048,2011-12-06,20880
3049,2011-12-07,21120
3050,2011-12-08,21280
3051,2011-12-09,21060
3052,2011-12-12,21680
3053,2011-12-13,21000
3054,2011-12-14,20800
3055,2011-12-15,20300
3056,2011-12-16,20900
3057,2011-12-19,20140
3058,2011-12-20,20240
3059,2011-12-21,21140
3060,2011-12-22,21040
3061,2011-12-23,21360
3062,2011-12-26,21320
3063,2011-12-27,21460
3064,2011-12-28,21220
3065,2011-12-29,21160
3066,2012-01-02,21600
3067,2012-01-03,22100
3068,2012-01-04,21600
3069,2012-01-05,21100
3070,2012-01-06,20800
3071,2012-01-09,20320
3072,2012-01-10,20520
3073,2012-01-11,20420
3074,2012-01-12,20560
3075,2012-01-13,20920
3076,2012-01-16,20600
3077,2012-01-17,20720
3078,2012-01-18,20600
3079,2012-01-19,21440
3080,2012-01-20,22100
3081,2012-01-25,22280
3082,2012-01-26,22260
3083,2012-01-27,22500
3084,2012-01-30,22300
3085,2012-01-31,22140
3086,2012-02-01,21580
3087,2012-02-02,21600
3088,2012-02-03,21320
3089,2012-02-06,21480
3090,2012-02-07,21860
3091,2012-02-08,21840
3092,2012-02-09,21680
3093,2012-02-10,21240
3094,2012-02-13,21660
3095,2012-02-14,21600
3096,2012-02-15,22700
3097,2012-02-16,22700
3098,2012-02-17,23520
3099,2012-02-20,23500
3100,2012-02-21,23600
3101,2012-02-22,23940
3102,2012-02-23,23200
3103,2012-02-24,23600
3104,2012-02-27,23420
3105,2012-02-28,23700
3106,2012-02-29,24120
3107,2012-03-02,23640
3108,2012-03-05,23480
3109,2012-03-06,23600
3110,2012-03-07,23440
3111,2012-03-08,23600
3112,2012-03-09,24600
3113,2012-03-12,24200
3114,2012-03-13,24420
3115,2012-03-14,25000
3116,2012-03-15,25000
3117,2012-03-16,24760
3118,2012-03-19,25200
3119,2012-03-20,25340
3120,2012-03-21,24840
3121,2012-03-22,25160
3122,2012-03-23,25220
3123,2012-03-26,25500
3124,2012-03-27,26220
3125,2012-03-28,26040
3126,2012-03-29,25600
3127,2012-03-30,25500
3128,2012-04-02,25980
3129,2012-04-03,26700
3130,2012-04-04,26400
3131,2012-04-05,26600
3132,2012-04-06,26640
3133,2012-04-09,26340
3134,2012-04-10,26220
3135,2012-04-12,25460
3136,2012-04-13,25360
3137,2012-04-16,25180
3138,2012-04-17,24980
3139,2012-04-18,25860
3140,2012-04-19,26140
3141,2012-04-20,25640
3142,2012-04-23,25580
3143,2012-04-24,25660
3144,2012-04-25,26100
3145,2012-04-26,26800
3146,2012-04-27,27480
3147,2012-04-30,27800
3148,2012-05-02,28200
3149,2012-05-03,28020
3150,2012-05-04,27200
3151,2012-05-07,26840
3152,2012-05-08,26820
3153,2012-05-09,26620
3154,2012-05-10,26540
3155,2012-05-11,26060
3156,2012-05-14,26280
3157,2012-05-15,26220
3158,2012-05-16,24600
3159,2012-05-17,24460
3160,2012-05-18,23320
3161,2012-05-21,24180
3162,2012-05-22,24800
3163,2012-05-23,24420
3164,2012-05-24,24500
3165,2012-05-25,24500
3166,2012-05-29,24760
3167,2012-05-30,24520
3168,2012-05-31,24220
3169,2012-06-01,24660
3170,2012-06-04,23920
3171,2012-06-05,24060
3172,2012-06-07,25300
3173,2012-06-08,24940
3174,2012-06-11,25360
3175,2012-06-12,25100
3176,2012-06-13,25420
3177,2012-06-14,25220
3178,2012-06-15,24340
3179,2012-06-18,24860
3180,2012-06-19,24880
3181,2012-06-20,25040
3182,2012-06-21,24540
3183,2012-06-22,23640
3184,2012-06-25,22640
3185,2012-06-26,22780
3186,2012-06-27,23340
3187,2012-06-28,23360
3188,2012-06-29,24020
3189,2012-07-02,23480
3190,2012-07-03,23500
3191,2012-07-04,23820
3192,2012-07-05,23700
3193,2012-07-06,23220
3194,2012-07-09,22520
3195,2012-07-10,22540
3196,2012-07-11,22360
3197,2012-07-12,21820
3198,2012-07-13,22780
3199,2012-07-16,23040
3200,2012-07-17,23360
3201,2012-07-18,23080
3202,2012-07-19,23900
3203,2012-07-20,23820
3204,2012-07-23,23240
3205,2012-07-24,23400
3206,2012-07-25,23160
3207,2012-07-26,23440
3208,2012-07-27,24660
3209,2012-07-30,25500
3210,2012-07-31,26180
3211,2012-08-01,26000
3212,2012-08-02,25260
3213,2012-08-03,24860
3214,2012-08-06,25960
3215,2012-08-07,25880
3216,2012-08-08,26400
3217,2012-08-09,26800
3218,2012-08-10,26960
3219,2012-08-13,26500
3220,2012-08-14,26900
3221,2012-08-16,26900
3222,2012-08-17,25900
3223,2012-08-20,25660
3224,2012-08-21,25640
3225,2012-08-22,25280
3226,2012-08-23,25740
3227,2012-08-24,25500
3228,2012-08-27,23600
3229,2012-08-28,23900
3230,2012-08-29,24600
3231,2012-08-30,24300
3232,2012-08-31,24660
3233,2012-09-03,24360
3234,2012-09-04,24360
3235,2012-09-05,23780
3236,2012-09-06,23920
3237,2012-09-07,25000
3238,2012-09-10,25000
3239,2012-09-11,25120
3240,2012-09-12,25880
3241,2012-09-13,26020
3242,2012-09-14,26720
3243,2012-09-17,26300
3244,2012-09-18,26300
3245,2012-09-19,26280
3246,2012-09-20,25740
3247,2012-09-21,26040
3248,2012-09-24,26540
3249,2012-09-25,26540
3250,2012-09-26,26500
3251,2012-09-27,26760
3252,2012-09-28,26920
3253,2012-10-02,27380
3254,2012-10-04,27340
3255,2012-10-05,27400
3256,2012-10-08,27460
3257,2012-10-09,27440
3258,2012-10-10,26500
3259,2012-10-11,26080
3260,2012-10-12,25920
3261,2012-10-15,26000
3262,2012-10-16,26600
3263,2012-10-17,26720
3264,2012-10-18,26740
3265,2012-10-19,26040
3266,2012-10-22,26300
3267,2012-10-23,26260
3268,2012-10-24,26000
3269,2012-10-25,26440
3270,2012-10-26,25740
3271,2012-10-29,25980
3272,2012-10-30,25960
3273,2012-10-31,26200
3274,2012-11-01,25940
3275,2012-11-02,26540
3276,2012-11-05,26820
3277,2012-11-06,26980
3278,2012-11-07,27240
3279,2012-11-08,27000
3280,2012-11-09,26820
3281,2012-11-12,26900
3282,2012-11-13,26980
3283,2012-11-14,27100
3284,2012-11-15,26620
3285,2012-11-16,26140
3286,2012-11-19,26640
3287,2012-11-20,27280
3288,2012-11-21,27680
3289,2012-11-22,28340
3290,2012-11-23,28740
3291,2012-11-26,28080
3292,2012-11-27,28320
3293,2012-11-28,28260
3294,2012-11-29,28280
3295,2012-11-30,28120
3296,2012-12-03,28600
3297,2012-12-04,28600
3298,2012-12-05,29100
3299,2012-12-06,29080
3300,2012-12-07,29600
3301,2012-12-10,29820
3302,2012-12-11,29520
3303,2012-12-12,29800
3304,2012-12-13,30660
3305,2012-12-14,30300
3306,2012-12-17,30060
3307,2012-12-18,30300
3308,2012-12-20,30060
3309,2012-12-21,28840
3310,2012-12-24,29480
3311,2012-12-26,29400
3312,2012-12-27,29920
3313,2012-12-28,30440
3314,2013-01-02,31520
3315,2013-01-03,30860
3316,2013-01-04,30500
3317,2013-01-07,30400
3318,2013-01-08,30000
3319,2013-01-09,30000
3320,2013-01-10,30600
3321,2013-01-11,30660
3322,2013-01-14,31040
3323,2013-01-15,30240
3324,2013-01-16,29840
3325,2013-01-17,29380
3326,2013-01-18,29600
3327,2013-01-21,29080
3328,2013-01-22,29600
3329,2013-01-23,29460
3330,2013-01-24,29060
3331,2013-01-25,28340
3332,2013-01-28,27440
3333,2013-01-29,28180
3334,2013-01-30,28800
3335,2013-01-31,28960
3336,2013-02-01,28820
3337,2013-02-04,28740
3338,2013-02-05,28700
3339,2013-02-06,28540
3340,2013-02-07,28400
3341,2013-02-08,29240
3342,2013-02-12,29360
3343,2013-02-13,29740
3344,2013-02-14,29800
3345,2013-02-15,29960
3346,2013-02-18,29800
3347,2013-02-19,29840
3348,2013-02-20,30900
3349,2013-02-21,31000
3350,2013-02-22,30600
3351,2013-02-25,30600
3352,2013-02-26,30540
3353,2013-02-27,30540
3354,2013-02-28,30880
3355,2013-03-04,30780
3356,2013-03-05,31000
3357,2013-03-06,31200
3358,2013-03-07,30400
3359,2013-03-08,29980
3360,2013-03-11,30160
3361,2013-03-12,29880
3362,2013-03-13,30540
3363,2013-03-14,30400
3364,2013-03-15,29600
3365,2013-03-18,28900
3366,2013-03-19,29500
3367,2013-03-20,29200
3368,2013-03-21,29140
3369,2013-03-22,29100
3370,2013-03-25,29900
3371,2013-03-26,30180
3372,2013-03-27,30080
3373,2013-03-28,30200
3374,2013-03-29,30540
3375,2013-04-01,30240
3376,2013-04-02,30500
3377,2013-04-03,30420
3378,2013-04-04,30120
3379,2013-04-05,30100
3380,2013-04-08,30400
3381,2013-04-09,30560
3382,2013-04-10,30420
3383,2013-04-11,30800
3384,2013-04-12,30340
3385,2013-04-15,30460
3386,2013-04-16,30560
3387,2013-04-17,30360
3388,2013-04-18,29660
3389,2013-04-19,29500
3390,2013-04-22,30060
3391,2013-04-23,29660
3392,2013-04-24,29720
3393,2013-04-25,29880
3394,2013-04-26,29720
3395,2013-04-29,29620
3396,2013-04-30,30400
3397,2013-05-02,30560
3398,2013-05-03,30700
3399,2013-05-06,30280
3400,2013-05-07,29860
3401,2013-05-08,29760
3402,2013-05-09,30300
3403,2013-05-10,29520
3404,2013-05-13,29540
3405,2013-05-14,30000
3406,2013-05-15,30000
3407,2013-05-16,30160
3408,2013-05-20,29940
3409,2013-05-21,29840
3410,2013-05-22,30180
3411,2013-05-23,29680
3412,2013-05-24,29720
3413,2013-05-27,29780
3414,2013-05-28,29680
3415,2013-05-29,30240
3416,2013-05-30,30880
3417,2013-05-31,30760
3418,2013-06-03,30640
3419,2013-06-04,30800
3420,2013-06-05,30420
3421,2013-06-07,28540
3422,2013-06-10,28500
3423,2013-06-11,27780
3424,2013-06-12,27700
3425,2013-06-13,27140
3426,2013-06-14,27380
3427,2013-06-17,27320
3428,2013-06-18,27740
3429,2013-06-19,27380
3430,2013-06-20,26580
3431,2013-06-21,26500
3432,2013-06-24,26260
3433,2013-06-25,25940
3434,2013-06-26,25220
3435,2013-06-27,26780
3436,2013-06-28,26840
3437,2013-07-01,26520
3438,2013-07-02,26700
3439,2013-07-03,26020
3440,2013-07-04,26340
3441,2013-07-05,25340
3442,2013-07-08,24520
3443,2013-07-09,24740
3444,2013-07-10,24960
3445,2013-07-11,26240
3446,2013-07-12,26240
3447,2013-07-15,26260
3448,2013-07-16,25960
3449,2013-07-17,26400
3450,2013-07-18,25840
3451,2013-07-19,25460
3452,2013-07-22,25460
3453,2013-07-23,26140
3454,2013-07-24,26300
3455,2013-07-25,26300
3456,2013-07-26,26060
3457,2013-07-29,25660
3458,2013-07-30,25800
3459,2013-07-31,25600
3460,2013-08-01,25600
3461,2013-08-02,25720
3462,2013-08-05,25480
3463,2013-08-06,25080
3464,2013-08-07,24440
3465,2013-08-08,24340
3466,2013-08-09,24600
3467,2013-08-12,24640
3468,2013-08-13,25800
3469,2013-08-14,26000
3470,2013-08-16,25900
3471,2013-08-19,25720
3472,2013-08-20,25380
3473,2013-08-21,25120
3474,2013-08-22,25100
3475,2013-08-23,25900
3476,2013-08-26,26000
3477,2013-08-27,26080
3478,2013-08-28,26180
3479,2013-08-29,26880
3480,2013-08-30,27360
3481,2013-09-02,27020
3482,2013-09-03,26740
3483,2013-09-04,26800
3484,2013-09-05,27300
3485,2013-09-06,27380
3486,2013-09-09,27460
3487,2013-09-10,27920
3488,2013-09-11,28040
3489,2013-09-12,28200
3490,2013-09-13,28120
3491,2013-09-16,28500
3492,2013-09-17,27720
3493,2013-09-23,27200
3494,2013-09-24,27460
3495,2013-09-25,27280
3496,2013-09-26,27440
3497,2013-09-27,27320
3498,2013-09-30,27340
3499,2013-10-01,27640
3500,2013-10-02,28360
3501,2013-10-04,28360
3502,2013-10-07,28720
3503,2013-10-08,28600
3504,2013-10-10,28600
3505,2013-10-11,28860
3506,2013-10-14,28760
3507,2013-10-15,29140
3508,2013-10-16,29000
3509,2013-10-17,29260
3510,2013-10-18,29440
3511,2013-10-21,29280
3512,2013-10-22,29100
3513,2013-10-23,28840
3514,2013-10-24,28980
3515,2013-10-25,28980
3516,2013-10-28,29640
3517,2013-10-29,29800
3518,2013-10-30,30000
3519,2013-10-31,29300
3520,2013-11-01,30000
3521,2013-11-04,29980
3522,2013-11-05,29700
3523,2013-11-06,29020
3524,2013-11-07,28740
3525,2013-11-08,28200
3526,2013-11-11,28560
3527,2013-11-12,29120
3528,2013-11-13,28380
3529,2013-11-14,28480
3530,2013-11-15,29240
3531,2013-11-18,29480
3532,2013-11-19,29780
3533,2013-11-20,29400
3534,2013-11-21,28800
3535,2013-11-22,29000
3536,2013-11-25,29300
3537,2013-11-26,29580
3538,2013-11-27,29400
3539,2013-11-28,29880
3540,2013-11-29,29880
3541,2013-12-02,29340
3542,2013-12-03,29220
3543,2013-12-04,28640
3544,2013-12-05,28800
3545,2013-12-06,28560
3546,2013-12-09,29080
3547,2013-12-10,28800
3548,2013-12-11,28400
3549,2013-12-12,28200
3550,2013-12-13,27800
3551,2013-12-16,28000
3552,2013-12-17,27900
3553,2013-12-18,28020
3554,2013-12-19,28540
3555,2013-12-20,28540
3556,2013-12-23,28660
3557,2013-12-24,28300
3558,2013-12-26,28160
3559,2013-12-27,27920
3560,2013-12-30,27440
3561,2014-01-02,26180
3562,2014-01-03,25920
3563,2014-01-06,26140
3564,2014-01-07,26080
3565,2014-01-08,25820
3566,2014-01-09,25500
3567,2014-01-10,25440
3568,2014-01-13,25900
3569,2014-01-14,26260
3570,2014-01-15,25980
3571,2014-01-16,26020
3572,2014-01-17,25840
3573,2014-01-20,26320
3574,2014-01-21,26480
3575,2014-01-22,26560
3576,2014-01-23,25980
3577,2014-01-24,26140
3578,2014-01-27,25840
3579,2014-01-28,25660
3580,2014-01-29,25600
3581,2014-02-03,25440
3582,2014-02-04,24980
3583,2014-02-05,24740
3584,2014-02-06,25180
3585,2014-02-07,25500
3586,2014-02-10,25540
3587,2014-02-11,26220
3588,2014-02-12,26140
3589,2014-02-13,25960
3590,2014-02-14,26020
3591,2014-02-17,25700
3592,2014-02-18,25900
3593,2014-02-19,25800
3594,2014-02-20,25720
3595,2014-02-21,26600
3596,2014-02-24,26560
3597,2014-02-25,26680
3598,2014-02-26,26840
3599,2014-02-27,26820
3600,2014-02-28,26980
3601,2014-03-03,26500
3602,2014-03-04,26300
3603,2014-03-05,26600
3604,2014-03-06,26520
3605,2014-03-07,26780
3606,2014-03-10,26400
3607,2014-03-11,26440
3608,2014-03-12,25880
3609,2014-03-13,25800
3610,2014-03-14,25500
3611,2014-03-17,25320
3612,2014-03-18,25560
3613,2014-03-19,25380
3614,2014-03-20,25240
3615,2014-03-21,25460
3616,2014-03-24,25460
3617,2014-03-25,24940
3618,2014-03-26,25700
3619,2014-03-27,26660
3620,2014-03-28,26700
3621,2014-03-31,26860
3622,2014-04-01,26780
3623,2014-04-02,27140
3624,2014-04-03,27800
3625,2014-04-04,27600
3626,2014-04-07,27940
3627,2014-04-08,27880
3628,2014-04-09,27420
3629,2014-04-10,27600
3630,2014-04-11,27300
3631,2014-04-14,27400
3632,2014-04-15,27400
3633,2014-04-16,27600
3634,2014-04-17,27400
3635,2014-04-18,27560
3636,2014-04-21,27600
3637,2014-04-22,27500
3638,2014-04-23,27780
3639,2014-04-24,28140
3640,2014-04-25,27980
3641,2014-04-28,27760
3642,2014-04-29,27200
3643,2014-04-30,26860
3644,2014-05-02,26920
3645,2014-05-07,26880
3646,2014-05-08,27000
3647,2014-05-09,26700
3648,2014-05-12,27760
3649,2014-05-13,28000
3650,2014-05-14,28300
3651,2014-05-15,28200
3652,2014-05-16,28560
3653,2014-05-19,28960
3654,2014-05-20,29020
3655,2014-05-21,28820
3656,2014-05-22,28520
3657,2014-05-23,28560
3658,2014-05-26,28440
3659,2014-05-27,28140
3660,2014-05-28,28660
3661,2014-05-29,29200
3662,2014-05-30,28860
3663,2014-06-02,29100
3664,2014-06-03,29400
3665,2014-06-05,29140
3666,2014-06-09,28180
3667,2014-06-10,28720
3668,2014-06-11,28440
3669,2014-06-12,28260
3670,2014-06-13,27340
3671,2014-06-16,27480
3672,2014-06-17,27480
3673,2014-06-18,27160
3674,2014-06-19,26460
3675,2014-06-20,26020
3676,2014-06-23,26440
3677,2014-06-24,26900
3678,2014-06-25,26400
3679,2014-06-26,26500
3680,2014-06-27,26220
3681,2014-06-30,26440
3682,2014-07-01,26200
3683,2014-07-02,26600
3684,2014-07-03,26360
3685,2014-07-04,26120
3686,2014-07-07,25840
3687,2014-07-08,25900
3688,2014-07-09,26160
3689,2014-07-10,26120
3690,2014-07-11,25680
3691,2014-07-14,25720
3692,2014-07-15,26400
3693,2014-07-16,26420
3694,2014-07-17,26600
3695,2014-07-18,26860
3696,2014-07-21,27060
3697,2014-07-22,26960
3698,2014-07-23,26760
3699,2014-07-24,27100
3700,2014-07-25,27100
3701,2014-07-28,27160
3702,2014-07-29,27720
3703,2014-07-30,27900
3704,2014-07-31,26860
3705,2014-08-01,25840
3706,2014-08-04,26340
3707,2014-08-05,26320
3708,2014-08-06,26000
3709,2014-08-07,25800
3710,2014-08-08,25000
3711,2014-08-11,25400
3712,2014-08-12,25320
3713,2014-08-13,25280
3714,2014-08-14,25220
3715,2014-08-18,25000
3716,2014-08-19,25080
3717,2014-08-20,25220
3718,2014-08-21,24700
3719,2014-08-22,24940
3720,2014-08-25,24560
3721,2014-08-26,24440
3722,2014-08-27,24600
3723,2014-08-28,24840
3724,2014-08-29,24680
3725,2014-09-01,24520
3726,2014-09-02,23880
3727,2014-09-03,23780
3728,2014-09-04,24200
3729,2014-09-05,24020
3730,2014-09-11,23840
3731,2014-09-12,24020
3732,2014-09-15,24000
3733,2014-09-16,24120
3734,2014-09-17,24520
3735,2014-09-18,24200
3736,2014-09-19,24200
3737,2014-09-22,23760
3738,2014-09-23,23220
3739,2014-09-24,23000
3740,2014-09-25,23120
3741,2014-09-26,23700
3742,2014-09-29,23900
3743,2014-09-30,23680
3744,2014-10-01,23120
3745,2014-10-02,22820
3746,2014-10-06,23020
3747,2014-10-07,23240
3748,2014-10-08,22600
3749,2014-10-10,22100
3750,2014-10-13,22160
3751,2014-10-14,22540
3752,2014-10-15,22500
3753,2014-10-16,22300
3754,2014-10-17,21780
3755,2014-10-20,22120
3756,2014-10-21,21660
3757,2014-10-22,22080
3758,2014-10-23,21880
3759,2014-10-24,22240
3760,2014-10-27,21900
3761,2014-10-28,21820
3762,2014-10-29,22600
3763,2014-10-30,23620
3764,2014-10-31,24880
3765,2014-11-03,24700
3766,2014-11-04,24340
3767,2014-11-05,24040
3768,2014-11-06,24080
3769,2014-11-07,24120
3770,2014-11-10,25360
3771,2014-11-11,24620
3772,2014-11-12,24600
3773,2014-11-13,24000
3774,2014-11-14,23880
3775,2014-11-17,24100
3776,2014-11-18,24400
3777,2014-11-19,24360
3778,2014-11-20,24200
3779,2014-11-21,24460
3780,2014-11-24,24400
3781,2014-11-25,23800
3782,2014-11-26,24020
3783,2014-11-27,25280
3784,2014-11-28,25740
3785,2014-12-01,25900
3786,2014-12-02,25900
3787,2014-12-03,25960
3788,2014-12-04,26000
3789,2014-12-05,26040
3790,2014-12-08,26380
3791,2014-12-09,26980
3792,2014-12-10,26340
3793,2014-12-11,26100
3794,2014-12-12,25720
3795,2014-12-15,25460
3796,2014-12-16,25580
3797,2014-12-17,25320
3798,2014-12-18,25320
3799,2014-12-19,26560
3800,2014-12-22,26900
3801,2014-12-23,26780
3802,2014-12-24,26860
3803,2014-12-26,27040
3804,2014-12-29,26580
3805,2014-12-30,26540
3806,2015-01-02,26600
3807,2015-01-05,26660
3808,2015-01-06,25900
3809,2015-01-07,26140
3810,2015-01-08,26280
3811,2015-01-09,26280
3812,2015-01-12,26320
3813,2015-01-13,26780
3814,2015-01-14,26900
3815,2015-01-15,26680
3816,2015-01-16,26320
3817,2015-01-19,26860
3818,2015-01-20,27440
3819,2015-01-21,27900
3820,2015-01-22,27560
3821,2015-01-23,27720
3822,2015-01-26,27780
3823,2015-01-27,28000
3824,2015-01-28,27560
3825,2015-01-29,27200
3826,2015-01-30,27300
3827,2015-02-02,27360
3828,2015-02-03,27320
3829,2015-02-04,27180
3830,2015-02-05,27160
3831,2015-02-06,27440
3832,2015-02-09,27900
3833,2015-02-10,27560
3834,2015-02-11,27100
3835,2015-02-12,26880
3836,2015-02-13,27220
3837,2015-02-16,27480
3838,2015-02-17,27540
3839,2015-02-23,27340
3840,2015-02-24,27340
3841,2015-02-25,27580
3842,2015-02-26,27500
3843,2015-02-27,27140
3844,2015-03-02,28460
3845,2015-03-03,28360
3846,2015-03-04,28740
3847,2015-03-05,28440
3848,2015-03-06,28840
3849,2015-03-09,28400
3850,2015-03-10,28420
3851,2015-03-11,29480
3852,2015-03-12,28940
3853,2015-03-13,29140
3854,2015-03-16,29400
3855,2015-03-17,29940
3856,2015-03-18,30060
3857,2015-03-19,29400
3858,2015-03-20,29280
3859,2015-03-23,29340
3860,2015-03-24,29520
3861,2015-03-25,29700
3862,2015-03-26,28420
3863,2015-03-27,28420
3864,2015-03-30,28560
3865,2015-03-31,28820
3866,2015-04-01,28460
3867,2015-04-02,28680
3868,2015-04-03,28680
3869,2015-04-06,29400
3870,2015-04-07,29240
3871,2015-04-08,29580
3872,2015-04-09,29660
3873,2015-04-10,29800
3874,2015-04-13,29580
3875,2015-04-14,29480
3876,2015-04-15,28920
3877,2015-04-16,29540
3878,2015-04-17,29000
3879,2015-04-20,28600
3880,2015-04-21,28880
3881,2015-04-22,29220
3882,2015-04-23,29020
3883,2015-04-24,28200
3884,2015-04-27,27900
3885,2015-04-28,27320
3886,2015-04-29,27700
3887,2015-04-30,28200
3888,2015-05-04,28000
3889,2015-05-06,27240
3890,2015-05-07,27400
3891,2015-05-08,26760
3892,2015-05-11,26720
3893,2015-05-12,26620
3894,2015-05-13,26660
3895,2015-05-14,26800
3896,2015-05-15,26520
3897,2015-05-18,26400
3898,2015-05-19,26760
3899,2015-05-20,27320
3900,2015-05-21,27040
3901,2015-05-22,27000
3902,2015-05-26,27240
3903,2015-05-27,26280
3904,2015-05-28,26180
3905,2015-05-29,26140
3906,2015-06-01,25820
3907,2015-06-02,26060
3908,2015-06-03,25460
3909,2015-06-04,26740
3910,2015-06-05,26820
3911,2015-06-08,26280
3912,2015-06-09,25640
3913,2015-06-10,25240
3914,2015-06-11,25140
3915,2015-06-12,25540
3916,2015-06-15,25400
3917,2015-06-16,25100
3918,2015-06-17,25080
3919,2015-06-18,25300
3920,2015-06-19,25320
3921,2015-06-22,25620
3922,2015-06-23,26420
3923,2015-06-24,26040
3924,2015-06-25,25380
3925,2015-06-26,25560
3926,2015-06-29,25620
3927,2015-06-30,25360
3928,2015-07-01,25900
3929,2015-07-02,25980
3930,2015-07-03,25360
3931,2015-07-06,24600
3932,2015-07-07,24800
3933,2015-07-08,24780
3934,2015-07-09,25300
3935,2015-07-10,25180
3936,2015-07-13,25320
3937,2015-07-14,24500
3938,2015-07-15,24700
3939,2015-07-16,25640
3940,2015-07-17,26100
3941,2015-07-20,25500
3942,2015-07-21,25260
3943,2015-07-22,25060
3944,2015-07-23,24680
3945,2015-07-24,24580
3946,2015-07-27,24600
3947,2015-07-28,24600
3948,2015-07-29,25260
3949,2015-07-30,24300
3950,2015-07-31,23700
3951,2015-08-03,23500
3952,2015-08-04,23640
3953,2015-08-05,23180
3954,2015-08-06,22300
3955,2015-08-07,22720
3956,2015-08-10,22820
3957,2015-08-11,23140
3958,2015-08-12,23080
3959,2015-08-13,22800
3960,2015-08-14,22800
3961,2015-08-17,22080
3962,2015-08-18,22620
3963,2015-08-19,23080
3964,2015-08-20,22780
3965,2015-08-21,22020
3966,2015-08-24,21580
3967,2015-08-25,21580
3968,2015-08-26,21340
3969,2015-08-27,21340
3970,2015-08-28,21620
3971,2015-08-31,21780
3972,2015-09-01,21700
3973,2015-09-02,21800
3974,2015-09-03,22440
3975,2015-09-04,22580
3976,2015-09-07,22240
3977,2015-09-08,22620
3978,2015-09-09,22940
3979,2015-09-10,22680
3980,2015-09-11,22300
3981,2015-09-14,22480
3982,2015-09-15,22460
3983,2015-09-16,23040
3984,2015-09-17,23140
3985,2015-09-18,23800
3986,2015-09-21,23000
3987,2015-09-22,22900
3988,2015-09-23,22620
3989,2015-09-24,22520
3990,2015-09-25,22240
3991,2015-09-30,22680
3992,2015-10-01,22680
3993,2015-10-02,22380
3994,2015-10-05,22300
3995,2015-10-06,23020
3996,2015-10-07,25020
3997,2015-10-08,25400
3998,2015-10-12,25200
3999,2015-10-13,25040
4000,2015-10-14,25080
4001,2015-10-15,25380
4002,2015-10-16,25300
4003,2015-10-19,25120
4004,2015-10-20,25320
4005,2015-10-21,25400
4006,2015-10-22,25600
4007,2015-10-23,25780
4008,2015-10-26,25840
4009,2015-10-27,25960
4010,2015-10-28,26160
4011,2015-10-29,26500
4012,2015-10-30,27440
4013,2015-11-02,27660
4014,2015-11-03,27040
4015,2015-11-04,26600
4016,2015-11-05,26840
4017,2015-11-06,26760
4018,2015-11-09,26880
4019,2015-11-10,26420
4020,2015-11-11,26660
4021,2015-11-12,26340
4022,2015-11-13,26000
4023,2015-11-16,25260
4024,2015-11-17,25400
4025,2015-11-18,25620
4026,2015-11-19,25780
4027,2015-11-20,25700
4028,2015-11-23,25640
4029,2015-11-24,25980
4030,2015-11-25,25980
4031,2015-11-26,26700
4032,2015-11-27,26540
4033,2015-11-30,25680
4034,2015-12-01,26420
4035,2015-12-02,26000
4036,2015-12-03,25800
4037,2015-12-04,25380
4038,2015-12-07,25240
4039,2015-12-08,25240
4040,2015-12-09,25260
4041,2015-12-10,25660
4042,2015-12-11,25680
4043,2015-12-14,25220
4044,2015-12-15,25540
4045,2015-12-16,25980
4046,2015-12-17,25800
4047,2015-12-18,25560
4048,2015-12-21,25600
4049,2015-12-22,25840
4050,2015-12-23,25900
4051,2015-12-24,25700
4052,2015-12-28,25320
4053,2015-12-29,25080
4054,2015-12-30,25200
4055,2016-01-04,24100
4056,2016-01-05,24160
4057,2016-01-06,23500
4058,2016-01-07,23260
4059,2016-01-08,23420
4060,2016-01-11,23040
4061,2016-01-12,22920
4062,2016-01-13,22960
4063,2016-01-14,22760
4064,2016-01-15,22640
4065,2016-01-18,22520
4066,2016-01-19,23420
4067,2016-01-20,22760
4068,2016-01-21,22620
4069,2016-01-22,23360
4070,2016-01-25,23240
4071,2016-01-26,22740
4072,2016-01-27,23500
4073,2016-01-28,22900
4074,2016-01-29,23000
4075,2016-02-01,23260
4076,2016-02-02,23120
4077,2016-02-03,22920
4078,2016-02-04,23120
4079,2016-02-05,23280
4080,2016-02-11,22600
4081,2016-02-12,22600
4082,2016-02-15,23080
4083,2016-02-16,23360
4084,2016-02-17,23700
4085,2016-02-18,23740
4086,2016-02-19,23800
4087,2016-02-22,23500
4088,2016-02-23,23620
4089,2016-02-24,23440
4090,2016-02-25,23580
4091,2016-02-26,23440
4092,2016-02-29,23560
4093,2016-03-02,23940
4094,2016-03-03,24400
4095,2016-03-04,24300
4096,2016-03-07,24460
4097,2016-03-08,23840
4098,2016-03-09,23880
4099,2016-03-10,24500
4100,2016-03-11,24980
4101,2016-03-14,25100
4102,2016-03-15,25060
4103,2016-03-16,25120
4104,2016-03-17,25260
4105,2016-03-18,25460
4106,2016-03-21,25340
4107,2016-03-22,25380
4108,2016-03-23,25580
4109,2016-03-24,25640
4110,2016-03-25,25760
4111,2016-03-28,25880
4112,2016-03-29,25800
4113,2016-03-30,26160
4114,2016-03-31,26240
4115,2016-04-01,25580
4116,2016-04-04,26100
4117,2016-04-05,25200
4118,2016-04-06,25700
4119,2016-04-07,25380
4120,2016-04-08,24920
4121,2016-04-11,25320
4122,2016-04-12,25500
4123,2016-04-14,26000
4124,2016-04-15,26000
4125,2016-04-18,25980
4126,2016-04-19,25760
4127,2016-04-20,25980
4128,2016-04-21,25880
4129,2016-04-22,25600
4130,2016-04-25,25620
4131,2016-04-26,25920
4132,2016-04-27,26000
4133,2016-04-28,25300
4134,2016-04-29,24900
4135,2016-05-02,25000
4136,2016-05-03,25220
4137,2016-05-04,25800
4138,2016-05-09,25980
4139,2016-05-10,25920
4140,2016-05-11,25840
4141,2016-05-12,25620
4142,2016-05-13,25060
4143,2016-05-16,24960
4144,2016-05-17,25280
4145,2016-05-18,25360
4146,2016-05-19,25400
4147,2016-05-20,25380
4148,2016-05-23,25720
4149,2016-05-24,25420
4150,2016-05-25,25900
4151,2016-05-26,25920
4152,2016-05-27,25640
4153,2016-05-30,25600
4154,2016-05-31,25840
4155,2016-06-01,26660
4156,2016-06-02,27300
4157,2016-06-03,27540
4158,2016-06-07,27960
4159,2016-06-08,28120
4160,2016-06-09,28600
4161,2016-06-10,28120
4162,2016-06-13,27420
4163,2016-06-14,27600
4164,2016-06-15,28260
4165,2016-06-16,28180
4166,2016-06-17,28520
4167,2016-06-20,28620
4168,2016-06-21,28960
4169,2016-06-22,28900
4170,2016-06-23,28600
4171,2016-06-24,28000
4172,2016-06-27,27960
4173,2016-06-28,27980
4174,2016-06-29,27920
4175,2016-06-30,28500
4176,2016-07-01,29320
4177,2016-07-04,29320
4178,2016-07-05,29380
4179,2016-07-06,28420
4180,2016-07-07,29000
4181,2016-07-08,29200
4182,2016-07-11,29780
4183,2016-07-12,29280
4184,2016-07-13,29620
4185,2016-07-14,30000
4186,2016-07-15,30360
4187,2016-07-18,30660
4188,2016-07-19,30660
4189,2016-07-20,30800
4190,2016-07-21,30860
4191,2016-07-22,30320
4192,2016-07-25,30040
4193,2016-07-26,30600
4194,2016-07-27,30540
4195,2016-07-28,30140
4196,2016-07-29,30780
4197,2016-08-01,31360
4198,2016-08-02,30960
4199,2016-08-03,30340
4200,2016-08-04,30340
4201,2016-08-05,31220
4202,2016-08-08,31380
4203,2016-08-09,31340
4204,2016-08-10,30820
4205,2016-08-11,31180
4206,2016-08-12,30900
4207,2016-08-16,31360
4208,2016-08-17,31320
4209,2016-08-18,32800
4210,2016-08-19,33500
4211,2016-08-22,33300
4212,2016-08-23,33740
4213,2016-08-24,33060
4214,2016-08-25,32780
4215,2016-08-26,32240
4216,2016-08-29,32800
4217,2016-08-30,32900
4218,2016-08-31,32400
4219,2016-09-01,31740
4220,2016-09-02,31940
4221,2016-09-05,32120
4222,2016-09-06,32860
4223,2016-09-07,32420
4224,2016-09-08,32780
4225,2016-09-09,31500
4226,2016-09-12,29300
4227,2016-09-13,30540
4228,2016-09-19,31160
4229,2016-09-20,31700
4230,2016-09-21,31840
4231,2016-09-22,32360
4232,2016-09-23,31420
4233,2016-09-26,31360
4234,2016-09-27,31380
4235,2016-09-28,31340
4236,2016-09-29,32000
4237,2016-09-30,31960
4238,2016-10-04,32280
4239,2016-10-05,32380
4240,2016-10-06,33820
4241,2016-10-07,34120
4242,2016-10-10,33600
4243,2016-10-11,30900
4244,2016-10-12,30700
4245,2016-10-13,31140
4246,2016-10-14,31540
4247,2016-10-17,31800
4248,2016-10-18,31780
4249,2016-10-19,32500
4250,2016-10-20,32400
4251,2016-10-21,31780
4252,2016-10-24,32160
4253,2016-10-25,31940
4254,2016-10-26,31340
4255,2016-10-27,31460
4256,2016-10-28,32280
4257,2016-10-31,32780
4258,2016-11-01,33040
4259,2016-11-02,32860
4260,2016-11-03,32320
4261,2016-11-04,32540
4262,2016-11-07,32800
4263,2016-11-08,32880
4264,2016-11-09,31920
4265,2016-11-10,32980
4266,2016-11-11,31960
4267,2016-11-14,31060
4268,2016-11-15,30780
4269,2016-11-16,31160
4270,2016-11-17,31360
4271,2016-11-18,31720
4272,2016-11-21,31860
4273,2016-11-22,32800
4274,2016-11-23,32980
4275,2016-11-24,33000
4276,2016-11-25,33000
4277,2016-11-28,33540
4278,2016-11-29,33540
4279,2016-11-30,34920
4280,2016-12-01,34980
4281,2016-12-02,34540
4282,2016-12-05,34360
4283,2016-12-06,34960
4284,2016-12-07,35440
4285,2016-12-08,35800
4286,2016-12-09,35600
4287,2016-12-12,35040
4288,2016-12-13,35320
4289,2016-12-14,35540
4290,2016-12-15,35180
4291,2016-12-16,35860
4292,2016-12-19,35900
4293,2016-12-20,36240
4294,2016-12-21,36100
4295,2016-12-22,36180
4296,2016-12-23,35640
4297,2016-12-26,35960
4298,2016-12-27,35980
4299,2016-12-28,35760
4300,2016-12-29,36040
4301,2017-01-02,36100
4302,2017-01-03,36480
4303,2017-01-04,36160
4304,2017-01-05,35560
4305,2017-01-06,36200
4306,2017-01-09,37220
4307,2017-01-10,37240
4308,2017-01-11,38280
4309,2017-01-12,38800
4310,2017-01-13,37460
4311,2017-01-16,36660
4312,2017-01-17,36960
4313,2017-01-18,36940
4314,2017-01-19,37480
4315,2017-01-20,37200
4316,2017-01-23,38060
4317,2017-01-24,38160
4318,2017-01-25,39400
4319,2017-01-26,39900
4320,2017-01-31,39460
4321,2017-02-01,39120
4322,2017-02-02,39360
4323,2017-02-03,39460
4324,2017-02-06,39560
4325,2017-02-07,38820
4326,2017-02-08,38400
4327,2017-02-09,38400
4328,2017-02-10,38360
4329,2017-02-13,37960
4330,2017-02-14,37580
4331,2017-02-15,37720
4332,2017-02-16,38020
4333,2017-02-17,37860
4334,2017-02-20,38660
4335,2017-02-21,38940
4336,2017-02-22,39300
4337,2017-02-23,39180
4338,2017-02-24,38220
4339,2017-02-27,38060
4340,2017-02-28,38440
4341,2017-03-02,39720
4342,2017-03-03,39620
4343,2017-03-06,40080
4344,2017-03-07,40200
4345,2017-03-08,40200
4346,2017-03-09,40200
4347,2017-03-10,40180
4348,2017-03-13,40600
4349,2017-03-14,41360
4350,2017-03-15,41400
4351,2017-03-16,41840
4352,2017-03-17,42400
4353,2017-03-20,41900
4354,2017-03-21,42560
4355,2017-03-22,42460
4356,2017-03-23,41800
4357,2017-03-24,41500
4358,2017-03-27,41200
4359,2017-03-28,41480
4360,2017-03-29,41780
4361,2017-03-30,41980
4362,2017-03-31,41200
4363,2017-04-03,41440
4364,2017-04-04,42080
4365,2017-04-05,42140
4366,2017-04-06,41840
4367,2017-04-07,41600
4368,2017-04-10,41940
4369,2017-04-11,41600
4370,2017-04-12,41900
4371,2017-04-13,42420
4372,2017-04-14,42020
4373,2017-04-17,41560
4374,2017-04-18,41500
4375,2017-04-19,40900
4376,2017-04-20,40280
4377,2017-04-21,40760
4378,2017-04-24,41240
4379,2017-04-25,42700
4380,2017-04-26,42800
4381,2017-04-27,43840
4382,2017-04-28,44620
4383,2017-05-02,44900
4384,2017-05-04,45520
4385,2017-05-08,47020
4386,2017-05-10,45600
4387,2017-05-11,45500
4388,2017-05-12,45820
4389,2017-05-15,46100
4390,2017-05-16,46380
4391,2017-05-17,46340
4392,2017-05-18,45940
4393,2017-05-19,44720
4394,2017-05-22,45100
4395,2017-05-23,44920
4396,2017-05-24,44880
4397,2017-05-25,45680
4398,2017-05-26,46080
4399,2017-05-29,45620
4400,2017-05-30,44640
4401,2017-05-31,44700
4402,2017-06-01,44680
4403,2017-06-02,45960
4404,2017-06-05,45940
4405,2017-06-07,45300
4406,2017-06-08,45160
4407,2017-06-09,46100
4408,2017-06-12,45380
4409,2017-06-13,45400
4410,2017-06-14,45360
4411,2017-06-15,45680
4412,2017-06-16,45580
4413,2017-06-19,46560
4414,2017-06-20,48140
4415,2017-06-21,47480
4416,2017-06-22,47960
4417,2017-06-23,47620
4418,2017-06-26,48280
4419,2017-06-27,48300
4420,2017-06-28,47700
4421,2017-06-29,47940
4422,2017-06-30,47540
4423,2017-07-03,47220
4424,2017-07-04,47000
4425,2017-07-05,47580
4426,2017-07-06,48060
4427,2017-07-07,47860
4428,2017-07-10,48660
4429,2017-07-11,49000
4430,2017-07-12,49880
4431,2017-07-13,50560
4432,2017-07-14,50480
4433,2017-07-17,50640
4434,2017-07-18,50840
4435,2017-07-19,50740
4436,2017-07-20,51200
4437,2017-07-21,51080
4438,2017-07-24,50860
4439,2017-07-25,50000
4440,2017-07-26,49840
4441,2017-07-27,49800
4442,2017-07-28,47760
4443,2017-07-31,48200
4444,2017-08-01,48600
4445,2017-08-02,49000
4446,2017-08-03,47780
4447,2017-08-04,47700
4448,2017-08-07,47580
4449,2017-08-08,47720
4450,2017-08-09,46280
4451,2017-08-10,45900
4452,2017-08-11,44620
4453,2017-08-14,45000
4454,2017-08-16,46200
4455,2017-08-17,47040
4456,2017-08-18,46900
4457,2017-08-21,46840
4458,2017-08-22,47000
4459,2017-08-23,47480
4460,2017-08-24,47520
4461,2017-08-25,47020
4462,2017-08-28,46100
4463,2017-08-29,46080
4464,2017-08-30,46200
4465,2017-08-31,46320
4466,2017-09-01,46480
4467,2017-09-04,46040
4468,2017-09-05,46760
4469,2017-09-06,47000
4470,2017-09-07,48120
4471,2017-09-08,49080
4472,2017-09-11,49800
4473,2017-09-12,49600
4474,2017-09-13,49620
4475,2017-09-14,50300
4476,2017-09-15,50400
4477,2017-09-18,52480
4478,2017-09-19,52120
4479,2017-09-20,52220
4480,2017-09-21,52800
4481,2017-09-25,53620
4482,2017-09-26,53620
4483,2017-09-27,51680
4484,2017-09-28,51260
4485,2017-09-29,51280
4486,2017-10-10,52800
4487,2017-10-11,54640
4488,2017-10-12,54800
4489,2017-10-13,54000
4490,2017-10-16,53920
4491,2017-10-17,54800
4492,2017-10-18,54760
4493,2017-10-19,52980
4494,2017-10-20,53840
4495,2017-10-23,54300
4496,2017-10-24,54040
4497,2017-10-25,53900
4498,2017-10-26,52400
4499,2017-10-27,53080
4500,2017-10-30,54040
4501,2017-10-31,55080
4502,2017-11-01,57220
4503,2017-11-02,57060
4504,2017-11-03,56380
4505,2017-11-06,56380
4506,2017-11-07,56100
4507,2017-11-08,56760
4508,2017-11-09,56340
4509,2017-11-10,56400
4510,2017-11-13,56380
4511,2017-11-14,55920
4512,2017-11-15,55340
4513,2017-11-16,55780
4514,2017-11-17,55820
4515,2017-11-20,55200
4516,2017-11-21,55280
4517,2017-11-22,55960
4518,2017-11-23,55300
4519,2017-11-24,55460
4520,2017-11-27,52640
4521,2017-11-28,53280
4522,2017-11-29,52600
4523,2017-11-30,50800
4524,2017-12-01,50840
4525,2017-12-04,51340
4526,2017-12-05,51260
4527,2017-12-06,50020
4528,2017-12-07,50740
4529,2017-12-08,52000
4530,2017-12-11,51780
4531,2017-12-12,52100
4532,2017-12-13,51320
4533,2017-12-14,51060
4534,2017-12-15,50620
4535,2017-12-18,51200
4536,2017-12-19,51560
4537,2017-12-21,49140
4538,2017-12-22,49700
4539,2017-12-26,48200
4540,2017-12-27,49360
4541,2017-12-28,50960
4542,2018-01-02,51020
4543,2018-01-03,51620
4544,2018-01-04,51080
4545,2018-01-05,52120
4546,2018-01-08,52020
4547,2018-01-09,50400
4548,2018-01-10,48840
4549,2018-01-11,48240
4550,2018-01-12,48200
4551,2018-01-15,48540
4552,2018-01-16,50000
4553,2018-01-17,49620
4554,2018-01-18,49900
4555,2018-01-19,49320
4556,2018-01-22,48240
4557,2018-01-23,49160
4558,2018-01-24,49340
4559,2018-01-25,50260
4560,2018-01-26,50780
4561,2018-01-29,51220
4562,2018-01-30,49800
4563,2018-01-31,49900
4564,2018-02-01,49820
4565,2018-02-02,47700
4566,2018-02-05,47920
4567,2018-02-06,47420
4568,2018-02-07,45800
4569,2018-02-08,46000
4570,2018-02-09,44700
4571,2018-02-12,45720
4572,2018-02-13,47540
4573,2018-02-14,49000
4574,2018-02-19,48380
4575,2018-02-20,47400
4576,2018-02-21,47280
4577,2018-02-22,46760
4578,2018-02-23,47220
4579,2018-02-26,47380
4580,2018-02-27,47380
4581,2018-02-28,47060
4582,2018-03-02,46020
4583,2018-03-05,45200
4584,2018-03-06,47020
4585,2018-03-07,48620
4586,2018-03-08,49200
4587,2018-03-09,49740
4588,2018-03-12,49740
4589,2018-03-13,51660
4590,2018-03-14,51760
4591,2018-03-15,51540
4592,2018-03-16,51140
4593,2018-03-19,50740
4594,2018-03-20,51200
4595,2018-03-21,51060
4596,2018-03-22,51780
4597,2018-03-23,49720
4598,2018-03-26,50280
4599,2018-03-27,49980
4600,2018-03-28,48700
4601,2018-03-29,49040
4602,2018-03-30,49220
4603,2018-04-02,48540
4604,2018-04-03,48120
4605,2018-04-04,46920
4606,2018-04-05,48740
4607,2018-04-06,48400
4608,2018-04-09,49200
4609,2018-04-10,48880
4610,2018-04-11,48860
4611,2018-04-12,49000
4612,2018-04-13,49800
4613,2018-04-16,50340
4614,2018-04-17,49980
4615,2018-04-18,51360
4616,2018-04-19,52780
4617,2018-04-20,51620
4618,2018-04-23,51900
4619,2018-04-24,50460
4620,2018-04-25,50400
4621,2018-04-26,52140
4622,2018-04-27,53000
4623,2018-04-30,53000
4624,2018-05-02,53000
4625,2018-05-03,53000
4626,2018-05-04,51900
4627,2018-05-08,52600
4628,2018-05-09,50900
4629,2018-05-10,51600
4630,2018-05-11,51300
