,Timestamp,Tesla
0,2018-06-26,-0.005365695831595296
1,2018-06-25,-0.026638217503022865
2,2018-06-22,0.0018600749392785332
3,2018-06-21,0.04076084707035399
4,2018-06-20,0.041458320467175014
5,2018-06-19,-0.0270593058713402
6,2018-06-18,0.05055128040279211
7,2018-06-15,-0.03473600254243436
8,2018-06-14,-0.0012571765474262975
9,2018-06-13,-0.03684402501114814
10,2018-06-12,-0.005846864158597143
11,2018-06-11,-0.03162353992553424
12,2018-06-08,-0.04445449997569195
13,2018-06-07,-0.004954645244219513
14,2018-06-06,0.010730290654799468
15,2018-06-05,-0.0929873710074558
16,2018-06-04,0.01908643171251434
17,2018-06-01,-0.016719160686771595
18,2018-05-31,-0.024595811025365677
19,2018-05-30,0.024253075305521676
20,2018-05-29,-0.027665627650665492
21,2018-05-25,-0.01745480762980378
22,2018-05-24,-0.0035926031096327193
23,2018-05-23,0.004381246683631268
24,2018-05-22,-0.014655185767767698
25,2018-05-21,0.03389064292195165
26,2018-05-18,-0.02733062809518927
27,2018-05-17,0.027506365754464746
28,2018-05-16,0.006794884467156592
29,2018-05-15,-0.008060885480247748
30,2018-05-14,0.027043217054237623
31,2018-05-11,0.0306585231681904
32,2018-05-10,0.013067767795679863
33,2018-05-09,0.005981680607068718
34,2018-05-08,-0.016031354142901577
35,2018-05-07,0.0026457666655819168
36,2018-05-04,-0.02908759841604258
37,2018-05-03,-0.033328351745087303
38,2018-05-02,0.057050988293073424
39,2018-05-01,-0.004092707062073764
40,2018-04-30,-0.020276199002784878
41,2018-04-27,0.0005952634216335184
42,2018-04-26,-0.029662862743638385
43,2018-04-25,-0.016921116592280683
44,2018-04-24,0.009820162228173501
45,2018-04-23,-0.0003175555307812772
46,2018-04-20,0.023954702718793186
47,2018-04-19,0.033340938846860624
48,2018-04-18,-0.022682670401763083
49,2018-04-17,-0.019482923847373712
50,2018-04-16,0.012161144867749663
51,2018-04-13,0.030870509859889594
52,2018-04-12,-0.0210633270848124
53,2018-04-11,0.023025840396181607
54,2018-04-10,0.012450006428159632
55,2018-04-09,-0.050619864618952626
56,2018-04-06,0.032738593485942324
57,2018-04-05,0.02122323551603067
58,2018-04-04,-0.06339651570444005
59,2018-04-03,-0.07004142508976052
60,2018-04-02,-0.05789967192297407
61,2018-03-29,0.05265287354309578
62,2018-03-28,-0.0318784032239714
63,2018-03-27,0.07975022710797841
64,2018-03-26,0.08576289635961132
65,2018-03-23,-0.008716954093450191
66,2018-03-22,0.024762171787298115
67,2018-03-21,0.023753174684038925
68,2018-03-20,-0.01907310481679758
69,2018-03-19,0.009645810315208614
70,2018-03-16,0.024540142496774386
71,2018-03-15,0.013138762311089458
72,2018-03-14,0.003158397670233626
73,2018-03-13,0.04551475953715123
74,2018-03-12,0.010678795013156162
75,2018-03-09,-0.05454167286541267
76,2018-03-08,0.0058817424657808814
77,2018-03-07,0.009676519411254247
78,2018-03-06,-0.012414996704557701
79,2018-03-05,0.015569810408078588
80,2018-03-02,0.005295687574710328
81,2018-03-01,-0.012581803989379914
82,2018-02-28,0.03599848633227953
83,2018-02-27,0.0228523740498483
84,2018-02-26,0.018153827837124048
85,2018-02-23,-0.015138349903509152
86,2018-02-22,-0.01684322709045638
87,2018-02-21,-0.037886998560991536
88,2018-02-20,0.0044007435520247995
89,2018-02-16,0.00214842084248712
90,2018-02-15,-0.00425656488728432
91,2018-02-14,-0.03582176948737281
92,2018-02-13,0.004179766755190606
93,2018-02-12,-0.02480616411527059
94,2018-02-09,-0.01696119875043056
95,2018-02-08,0.015376311896553752
96,2018-02-07,0.09024188591176774
97,2018-02-06,-0.032493248448031586
98,2018-02-05,-0.0025183643949961976
99,2018-02-02,0.03138184479244899
100,2018-02-01,0.015873349156289684
101,2018-01-31,0.014384238004407024
102,2018-01-30,-0.024253827664835192
103,2018-01-29,0.010670986423316542
104,2018-01-26,-0.019296361169585552
105,2018-01-25,-0.015312794614854575
106,2018-01-24,0.024140566320077994
107,2018-01-23,0.019752173624119074
108,2018-01-22,-0.003492585363272127
109,2018-01-19,-0.004390097988433261
110,2018-01-18,-0.015693032861824108
111,2018-01-17,0.007488505929857503
112,2018-01-16,-0.020663696146704602
113,2018-01-12,-0.011356365024426829
114,2018-01-11,0.005132247941450174
115,2018-01-10,-0.009364616931042846
116,2018-01-09,-0.003320920343272249
117,2018-01-08,0.008118235900973048
118,2018-01-05,-0.060754679915429044
119,2018-01-04,-0.00621041286323365
120,2018-01-03,0.008324545200138367
121,2018-01-02,0.010285769129820821
122,2017-12-29,-0.029058194405856774
123,2017-12-28,0.012797162085949054
124,2017-12-27,-0.011866167941752437
125,2017-12-26,0.017967506714318127
126,2017-12-22,0.02462419549668038
127,2017-12-21,0.019669970112296653
128,2017-12-20,-0.008113389141940708
129,2017-12-19,0.006423485909189175
130,2017-12-18,0.023196108453714892
131,2017-12-15,0.013424987652975062
132,2017-12-14,-0.01632114193217582
133,2017-12-13,0.003368200312453773
134,2017-12-12,0.005881850913228348
135,2017-12-11,-0.03618629284235908
136,2017-12-08,-0.04279890500927408
137,2017-12-07,-0.012420933353034513
138,2017-12-06,0.006469197901786572
139,2017-12-05,-0.030993144598813416
140,2017-12-04,0.004926927358599009
141,2017-12-01,0.004348330458318728
142,2017-11-30,0.0075400922732873354
143,2017-11-29,-0.00425056205436114
144,2017-11-28,0.03203012616143752
145,2017-11-27,-0.002333061150332938
146,2017-11-24,-0.003985077068402454
147,2017-11-22,-0.009392730042872444
148,2017-11-21,0.01652930195121005
149,2017-11-20,-0.028954221184891438
150,2017-11-17,0.020231857634369632
151,2017-11-16,-0.008126887211608036
152,2017-11-15,-0.003847391728894145
153,2017-11-14,-0.008387145939448892
154,2017-11-13,0.02147174302082444
155,2017-11-10,-0.040141872864519534
156,2017-11-09,0.0
157,2017-11-08,0.004609972272319851
158,2017-11-07,0.005438713360340408
159,2017-11-06,-0.010742018113345964
160,2017-11-03,0.010872707171590612
161,2017-11-02,-0.022566415600049794
162,2017-11-01,0.07037755250810207
163,2017-10-31,0.032027990005424556
164,2017-10-30,-0.03514733871982045
165,2017-10-27,0.002465092129020796
166,2017-10-26,0.016382661161866707
167,2017-10-25,-0.00101225449971043
168,2017-10-24,0.034684860489711866
169,2017-10-23,-0.0009490480574720905
170,2017-10-20,0.023691954331560794
171,2017-10-19,0.019257027037125063
172,2017-10-18,0.022040079172282567
173,2017-10-17,-0.01090309934340361
174,2017-10-16,-0.014582264482827512
175,2017-10-13,0.014076163139291609
176,2017-10-12,0.00030931458946081847
177,2017-10-11,-0.003041056575778356
178,2017-10-10,0.0027879881194108336
179,2017-10-09,-0.03622287700881355
180,2017-10-06,0.03984408606930412
181,2017-10-05,-0.004352655669369376
182,2017-10-04,-0.0009009770578787268
183,2017-10-03,-0.019541260368198365
184,2017-10-02,-0.01916917484150371
185,2017-09-29,-0.0012598334584588144
186,2017-09-28,-0.004407234987407804
187,2017-09-27,0.004026042436572119
188,2017-09-26,0.012474295415636938
189,2017-09-25,-0.0007533611853762778
190,2017-09-22,0.01752716975075863
191,2017-09-21,0.04290134872370288
192,2017-09-20,0.020071177165952747
193,2017-09-19,0.0031775303434020685
194,2017-09-18,0.026050677199942918
195,2017-09-15,-0.013572206609035575
196,2017-09-14,-0.005729766814432935
197,2017-09-13,-0.030679809532615288
198,2017-09-12,-0.009547659567403777
199,2017-09-11,0.0025879646623048203
200,2017-09-08,-0.05740590796322653
201,2017-09-07,0.020778546149800015
202,2017-09-06,-0.017493325222350364
203,2017-09-05,0.014579869862456185
204,2017-09-01,0.016482876467269314
205,2017-08-31,0.0014058767955962281
206,2017-08-30,-0.0076719505311686476
207,2017-08-29,-0.01661613585499655
208,2017-08-28,-0.004906073157634694
209,2017-08-25,0.0068905146423290375
210,2017-08-24,0.013923589371233724
211,2017-08-23,-0.0004534504824755814
212,2017-08-22,-0.032907942639144316
213,2017-08-21,-0.010276735369707524
214,2017-08-18,0.028017941971171467
215,2017-08-17,0.01275432657471054
216,2017-08-16,0.03075099259940206
217,2017-08-15,-0.00159947086109824
218,2017-08-14,0.004048867305254333
219,2017-08-11,-0.01643447412205834
220,2017-08-10,-0.006925876241413498
221,2017-08-09,0.022617908796638275
222,2017-08-08,0.00463808721669956
223,2017-08-07,-0.02790336364223389
224,2017-08-04,0.004887101064889876
225,2017-08-03,-0.02789953684499391
226,2017-08-02,-0.06302421119778145
227,2017-08-01,-0.019583558961630665
228,2017-07-31,0.012130031785350326
229,2017-07-28,0.03523309128335672
230,2017-07-27,-0.0018221742678683484
231,2017-07-26,0.027688224812868256
232,2017-07-25,-0.012437061328652632
233,2017-07-24,0.008561595720798287
234,2017-07-21,-0.04209767257971819
235,2017-07-20,0.004617823250322672
236,2017-07-19,-0.01422533832829398
237,2017-07-18,0.009120185633629596
238,2017-07-17,-0.026768705981792706
239,2017-07-14,0.025366309483542793
240,2017-07-13,-0.013421783511240015
241,2017-07-12,0.01871618200338432
242,2017-07-11,-0.00700432257289485
243,2017-07-10,-0.03473229863662297
244,2017-07-07,-0.008994609880019766
245,2017-07-06,-0.014114855347379773
246,2017-07-05,0.057444398695492005
247,2017-07-03,0.07515562746621374
248,2017-06-30,0.025175293150275557
249,2017-06-29,-0.002381085348909018
250,2017-06-28,0.02866355607321136
251,2017-06-27,-0.02418296444189494
252,2017-06-26,0.04087828898668988
253,2017-06-23,0.015665155938881625
254,2017-06-22,-0.0021930405886214643
255,2017-06-21,-0.01636378591102261
256,2017-06-20,-0.011113600174830651
257,2017-06-19,-0.006576488583369233
258,2017-06-16,0.004317329965581429
259,2017-06-15,0.010552632944520468
260,2017-06-14,0.014074306396511638
261,2017-06-13,-0.012450432435602288
262,2017-06-12,-0.046105912570500784
263,2017-06-09,-0.004718504419896519
264,2017-06-08,0.034871266804631595
265,2017-06-07,-0.028371669324904758
266,2017-06-06,-0.0190882988665253
267,2017-06-05,-0.01579649225439539
268,2017-06-02,-0.02174220139979699
269,2017-06-01,0.0015289174128820804
270,2017-05-31,0.00187854116119901
271,2017-05-30,-0.017482807623463437
272,2017-05-26,-0.03017313593718729
273,2017-05-25,-0.0258905063795849
274,2017-05-24,-0.021083629229887713
275,2017-05-23,-0.020714654180984837
276,2017-05-22,0.02113362384404116
277,2017-05-19,0.0015454460721082697
278,2017-05-18,0.007148726528306781
279,2017-05-17,-0.022450350979934086
280,2017-05-16,0.034988804640907034
281,2017-05-15,-0.0035709244916688476
282,2017-05-12,0.027878001361536064
283,2017-05-11,-0.005278523160463955
284,2017-05-10,0.006540003567123698
285,2017-05-09,-0.01225111226795672
286,2017-05-08,-0.044784315469266645
287,2017-05-05,0.0037690527771490068
288,2017-05-04,-0.04270203754404012
289,2017-05-03,0.0513237548997294
290,2017-05-02,0.02498899693874357
291,2017-05-01,0.012279653148475234
292,2017-04-28,-0.027509977881036818
293,2017-04-27,-0.017472742574213385
294,2017-04-26,0.004977385841551829
295,2017-04-25,0.011603438092958385
296,2017-04-24,-0.018526791532018194
297,2017-04-21,-0.007920123535286372
298,2017-04-20,-0.010162722516628087
299,2017-04-19,0.00990090814152289
300,2017-04-18,-0.017399781957167626
301,2017-04-17,0.003955530427905529
302,2017-04-13,0.008456710018223568
303,2017-04-12,-0.023834428304288835
304,2017-04-11,0.039209051791454286
305,2017-04-10,0.011850082316526844
306,2017-04-07,-0.032038907075860656
307,2017-04-06,-0.012773774911989833
308,2017-04-05,-0.012464368882243448
309,2017-04-04,0.02906501571188258
310,2017-04-03,-0.01720343978851613
311,2017-03-31,-0.07013726373134155
312,2017-03-30,-0.0013663660390506038
313,2017-03-29,-0.0019448952646055062
314,2017-03-28,0.0002523295437208972
315,2017-03-27,-0.026404294740096645
316,2017-03-24,-0.026474229814016148
317,2017-03-23,-0.0323617845361559
318,2017-03-22,0.0009023323941441674
319,2017-03-21,-0.017125534719310664
320,2017-03-20,0.04386188826634996
321,2017-03-17,-0.001604830117846845
322,2017-03-16,0.002101041743197918
323,2017-03-15,-0.024413124842850742
324,2017-03-14,0.008837384516292346
325,2017-03-13,-0.046937230748562264
326,2017-03-10,-0.010125428442083084
327,2017-03-09,0.004953038227149875
328,2017-03-08,0.00801191832760928
329,2017-03-07,0.006943070720358158
330,2017-03-06,0.01048428971279769
331,2017-03-03,0.0014320381141734728
332,2017-03-02,-0.004342203814910128
333,2017-03-01,-0.0018381623557335303
334,2017-02-28,-0.00011999760019154593
335,2017-02-27,-0.015154858582521413
336,2017-02-24,0.042810026415516234
337,2017-02-23,-0.003937703678617233
338,2017-02-22,0.06619980304831863
339,2017-02-21,0.014086273939351912
340,2017-02-17,-0.018777160981303886
341,2017-02-16,-0.012121808503717801
342,2017-02-15,0.03940660403586893
343,2017-02-14,0.004351399668384381
344,2017-02-13,-0.0013533247551444916
345,2017-02-10,-0.04136413479933054
346,2017-02-09,-0.00011143509845723543
347,2017-02-08,-0.026804797105867806
348,2017-02-07,-0.017707753480289412
349,2017-02-06,0.0011256672707311566
350,2017-02-03,-0.025300897802718936
351,2017-02-02,0.0008749602849000837
352,2017-02-01,-0.00922548926130684
353,2017-01-31,0.010734983470231718
354,2017-01-30,-0.00517352315973163
355,2017-01-27,0.009214092751424374
356,2017-01-26,-0.0017409888463513212
357,2017-01-25,0.007732098958268985
358,2017-01-24,0.0005500117998318288
359,2017-01-23,-0.02260140294867785
360,2017-01-20,-0.01697599766610658
361,2017-01-19,-0.003971427357456925
362,2017-01-18,-0.022401998798675216
363,2017-01-17,-0.011731577348140121
364,2017-01-13,0.00916914289486126
365,2017-01-12,-0.0349245919355603
366,2017-01-11,0.0006095968141401897
367,2017-01-10,0.0006092254322460633
368,2017-01-09,0.006115165971765535
369,2017-01-06,-0.009863426985005752
370,2017-01-05,-0.009917581727838964
371,2017-01-04,0.0010578746523641769
372,2017-01-03,-0.045054694118311645
373,2016-12-30,-0.015324902870927026
374,2016-12-29,0.0046221806502559915
375,2016-12-28,0.023296481964107052
376,2016-12-27,-0.0009561318369035732
377,2016-12-23,-0.028601760238494478
378,2016-12-22,-0.023187932870531114
379,2016-12-21,-0.0036044734447386872
380,2016-12-20,0.005234231259216848
381,2016-12-19,-0.029453917661180995
382,2016-12-16,-0.0011845418689251375
383,2016-12-15,-0.024546936994849666
384,2016-12-14,0.005602255548669888
385,2016-12-13,-0.0027215015285539934
386,2016-12-12,-0.029291868403976018
387,2016-12-09,-0.0013000183833460355
388,2016-12-08,0.0005722163133734526
389,2016-12-07,0.004462439949795005
390,2016-12-06,-0.03852719236902935
391,2016-12-05,0.005098629051481396
392,2016-12-02,-0.028948175007809773
393,2016-12-01,0.002256778169877016
394,2016-11-30,0.04051405179516809
395,2016-11-29,0.0008971687014955876
396,2016-11-28,0.033968367329559435
397,2016-11-25,0.002698782094785912
398,2016-11-23,-0.018010184339046553
399,2016-11-22,-0.010252229997845141
400,2016-11-21,-0.03540522585130734
401,2016-11-18,0.00270606865355294
402,2016-11-17,0.019482525878534496
403,2016-11-16,-0.025391202779000643
404,2016-11-15,-0.0008702747353730445
405,2016-11-14,-0.012704842048254505
406,2016-11-11,0.038436124968797
407,2016-11-10,-0.017170329031134912
408,2016-11-09,0.02509388218642794
409,2016-11-08,0.02535200712589525
410,2016-11-07,-0.008914138635772062
411,2016-11-04,-0.013810574666302422
412,2016-11-03,-0.016615017911312258
413,2016-11-02,0.003196252454727322
414,2016-11-01,0.014625006588814493
415,2016-10-31,0.03572911699351877
416,2016-10-28,0.011264891564173318
417,2016-10-27,0.020001656953726688
418,2016-10-26,-0.00871390129214511
419,2016-10-25,0.0004943398192516213
420,2016-10-24,0.0020735628264043626
421,2016-10-21,-0.013255748275747159
422,2016-10-20,-0.004960054258250857
423,2016-10-19,0.022153590650480837
424,2016-10-18,-0.022153590650480837
425,2016-10-17,-0.02615525883299963
426,2016-10-14,0.013061368362524917
427,2016-10-13,0.018803326523842756
428,2016-10-12,0.006322360823364015
429,2016-10-11,-0.007021766357195425
430,2016-10-10,0.00423887930552258
431,2016-10-07,-0.02183404977581027
432,2016-10-06,0.022082836939675943
433,2016-10-05,0.03644226825210062
434,2016-10-04,0.014052199695864687
435,2016-10-03,0.010773786318060807
436,2016-09-30,-0.0463061204694446
437,2016-09-29,-0.016455786053365173
438,2016-09-28,0.0273747344082107
439,2016-09-27,-0.0022325771261337835
440,2016-09-26,0.015332990845791095
441,2016-09-23,-0.007396057151283664
442,2016-09-22,-0.004928974896378335
443,2016-09-21,-0.005878797448435336
444,2016-09-20,-0.0028302366035299897
445,2016-09-19,0.008272955841697183
446,2016-09-16,-0.004565996177771758
447,2016-09-15,-0.024544132864275703
448,2016-09-14,-0.020210853509072813
449,2016-09-13,-0.0018345823827692342
450,2016-09-12,0.011411306787409536
451,2016-09-09,-0.019503126008959093
452,2016-09-08,0.014751562704310217
453,2016-09-07,0.021801550092140687
454,2016-09-06,0.005537167457454473
455,2016-09-02,-0.025212887928851124
456,2016-09-01,0.01500467242364234
457,2016-08-31,0.05447346910538542
458,2016-08-30,-0.003165232357988046
459,2016-08-29,0.018099617274744517
460,2016-08-26,0.022014262486188763
461,2016-08-25,0.0043995988871641245
462,2016-08-24,0.007484592404097157
463,2016-08-23,0.00992275606879467
464,2016-08-22,-0.008531217296386728
465,2016-08-19,0.00924258136693279
466,2016-08-18,-0.0066442464224163444
467,2016-08-17,-0.0012087298617711184
468,2016-08-16,0.0016560370798215374
469,2016-08-15,0.008815729400278194
470,2016-08-12,8.865248232758915e-05
471,2016-08-11,-0.00310752269957959
472,2016-08-10,0.003284804089929594
473,2016-08-09,0.015086161252646946
474,2016-08-08,-0.012828574140321791
475,2016-08-05,0.016967021814592087
476,2016-08-04,0.0025182368292231416
477,2016-08-03,-0.02112260827391399
478,2016-08-02,0.00622532309176016
479,2016-08-01,0.012292099391916445
480,2016-07-29,0.02056871137025329
481,2016-07-28,-0.017963525580015904
482,2016-07-27,-0.009235526328697397
483,2016-07-26,0.004454155835621698
484,2016-07-25,0.002176184702838313
485,2016-07-22,-0.03422992714223749
486,2016-07-21,-0.007995164209774863
487,2016-07-20,0.03502563620915744
488,2016-07-19,-0.013668040476507493
489,2016-07-18,0.004385291960485205
490,2016-07-15,-0.02619650530127604
491,2016-07-14,0.005113943215824257
492,2016-07-13,0.004503903483440652
493,2016-07-12,0.009481711538144033
494,2016-07-11,0.0005785105739519736
495,2016-07-08,-0.03623913170251658
496,2016-07-07,-0.0038824230686094197
497,2016-07-06,-0.006970612359658013
498,2016-07-05,-0.0021474262488760942
499,2016-07-01,0.011707994732083726
500,2016-06-30,-0.01968438948285023
501,2016-06-29,-0.00989427438780588
502,2016-06-28,-0.04078433089409561
503,2016-06-27,-0.016186595100531775
504,2016-06-24,-0.027573868464970452
505,2016-06-23,0.016686306808074924
506,2016-06-22,0.001322953431644791
507,2016-06-21,0.11037689658719163
508,2016-06-20,0.00040973345136308126
509,2016-06-17,-0.019441290674422795
510,2016-06-16,0.01135222159157756
511,2016-06-15,-0.0010559420672180408
512,2016-06-14,-0.012666003933265557
513,2016-06-13,0.01344659033100637
514,2016-06-10,0.00421381102600904
515,2016-06-09,0.04718045591086284
516,2016-06-08,0.02650301396539767
517,2016-06-07,-0.013594019455182682
518,2016-06-06,-0.05148812768109945
519,2016-06-03,-0.007687621730730676
520,2016-06-02,-0.00013700194107535424
521,2016-06-01,0.0027364789492647645
522,2016-05-31,0.016577086395590968
523,2016-05-27,-0.0008515025051201164
524,2016-05-26,0.00928246579391967
525,2016-05-25,-0.024916962559492717
526,2016-05-24,-0.007634497297756226
527,2016-05-23,-0.007785725644204433
528,2016-05-20,0.018603056529655326
529,2016-05-19,-0.02328516878478748
530,2016-05-18,-0.01895079932134358
531,2016-05-17,-0.03131343062954084
532,2016-05-16,0.01758127377468277
533,2016-05-13,-0.003270019744833874
534,2016-05-12,-0.0015907834346036154
535,2016-05-11,0.008072309834211921
536,2016-05-10,-0.0012929488213266893
537,2016-05-09,0.0011015063013584125
538,2016-05-06,0.028360990151086618
539,2016-05-05,-0.01594556132012581
540,2016-05-04,0.050829895776074
541,2016-05-03,0.04291900346129829
542,2016-05-02,0.03999520654426103
543,2016-04-29,-0.004310351501121801
544,2016-04-28,0.028458120417877097
545,2016-04-27,0.01506499103317438
546,2016-04-26,0.008986422581830134
547,2016-04-25,-0.007595574138897554
548,2016-04-22,0.007634983782442539
549,2016-04-21,-0.021752112515152966
550,2016-04-20,0.006743492820826091
551,2016-04-19,-0.010455719171607925
552,2016-04-18,0.025976522948207403
553,2016-04-15,0.002478413511213695
554,2016-04-14,-0.010466750371782574
555,2016-04-13,0.010545329658323332
556,2016-04-12,-0.026716031047676836
557,2016-04-11,0.008438190462974227
558,2016-04-08,0.0006000120182410029
559,2016-04-07,0.02811311369390168
560,2016-04-06,0.03145948464563908
561,2016-04-05,-0.0382084910889855
562,2016-04-04,-0.03375713594167351
563,2016-04-01,-0.03880135091774761
564,2016-03-31,-0.033467690471084666
565,2016-03-30,-0.012613490053563936
566,2016-03-29,0.014179048103266645
567,2016-03-28,0.0005647386062035409
568,2016-03-24,-0.010960569105450624
569,2016-03-23,-0.022961948594788062
570,2016-03-22,0.051059643227667095
571,2016-03-21,0.017268077632079937
572,2016-03-18,-0.02369235772509537
573,2016-03-17,-0.027706947475657273
574,2016-03-16,-0.01985298636963595
575,2016-03-15,-0.016308535982513916
576,2016-03-14,-0.014718021567515116
577,2016-03-11,-0.03620411961385539
578,2016-03-10,-0.011243697011186882
579,2016-03-09,0.017105998168906567
580,2016-03-08,-0.02976004901389029
581,2016-03-07,0.01319002181793305
582,2016-03-04,-0.020919720397179375
583,2016-03-03,-0.026716645237662817
584,2016-03-02,-0.038538407915756245
585,2016-03-01,-0.010622214156650323
586,2016-02-29,0.029504096292519932
587,2016-02-26,-0.008318775573589399
588,2016-02-25,-0.01540650427330359
589,2016-02-24,-0.046019636530139074
590,2016-02-23,-0.010050335853501124
591,2016-02-22,0.002986338323075266
592,2016-02-19,-0.06484613380313498
593,2016-02-18,0.0011399431262937298
594,2016-02-17,0.011387811244871315
595,2016-02-16,-0.08348213878296651
596,2016-02-12,-0.026976587698202437
597,2016-02-11,-0.0037809736264033944
598,2016-02-10,-0.04624472574815908
599,2016-02-09,0.03138103485520727
600,2016-02-08,-0.0017553339640787868
601,2016-02-05,0.09414849319995433
602,2016-02-04,0.07537671536832669
603,2016-02-03,-0.010607593514872171
604,2016-02-02,0.052220924876890784
605,2016-02-01,0.07461586997560055
606,2016-01-29,-0.029579113202355956
607,2016-01-28,-0.007876123676331837
608,2016-01-27,-0.008629642986981878
609,2016-01-26,0.028773307971131423
610,2016-01-25,0.014464015816026077
611,2016-01-22,0.030935211907554994
612,2016-01-21,-0.012819414351787906
613,2016-01-20,-0.006371205739140073
614,2016-01-19,0.02984704229376245
615,2016-01-15,0.0013180056092627623
616,2016-01-14,0.005788376207441992
617,2016-01-13,-0.028883407130351202
618,2016-01-12,0.047098496831671
619,2016-01-11,-0.010147997670912012
620,2016-01-08,0.015041467777420436
621,2016-01-07,0.021798589617785247
622,2016-01-06,0.015597638446286588
623,2016-01-05,0.019843804351256544
624,2016-01-04,-8.951750073116216e-05
625,2015-12-31,0.07167194074996264
626,2015-12-30,-0.008031835689815914
627,2015-12-29,-0.0037872457319556574
628,2015-12-28,-0.0353578686157503
629,2015-12-24,0.007050864865417061
630,2015-12-23,-0.003780394273468879
631,2015-12-22,0.0010877842908803004
632,2015-12-21,0.01128636226468771
633,2015-12-18,-0.009070944664752112
634,2015-12-17,0.012633562447261326
635,2015-12-16,0.004787356867218762
636,2015-12-15,-0.058928372463221024
637,2015-12-14,-0.011417778188600458
638,2015-12-11,-0.007162565056465731
639,2015-12-10,0.04526882479712402
640,2015-12-09,-0.011293549915187384
641,2015-12-08,0.009750985868372197
642,2015-12-07,0.01926454684622758
643,2015-12-04,-0.0032502032902375078
644,2015-12-03,0.010062923672529145
645,2015-12-02,-0.0030987758818357136
646,2015-12-01,0.022167240429801005
647,2015-11-30,-0.029652402473336892
648,2015-11-27,0.0058458174141025054
649,2015-11-25,-0.00854205736018443
650,2015-11-24,-0.05087167057972497
651,2015-11-23,-0.002293578987099032
652,2015-11-20,0.01032538413217754
653,2015-11-19,0.008103075051477227
654,2015-11-18,-0.0032966814692496627
655,2015-11-17,-0.03250337842516604
656,2015-11-16,0.0014475499247330603
657,2015-11-13,-0.03378731827419301
658,2015-11-12,0.02737418921406931
659,2015-11-11,0.028426524029059763
660,2015-11-10,-0.01184641247297602
661,2015-11-09,0.03997544692348587
662,2015-11-06,0.030721898758301336
663,2015-11-05,-0.0025423925098628786
664,2015-11-04,-0.0006042296256341118
665,2015-11-03,-0.10592191312037169
666,2015-11-02,0.02577486694385378
667,2015-10-30,-0.03261365298857921
668,2015-10-29,0.02245889504862486
669,2015-10-28,0.006264887774439565
670,2015-10-27,-0.012331544610272083
671,2015-10-26,0.02307378979962227
672,2015-10-23,-0.029081818552819882
673,2015-10-22,0.012499865706455004
674,2015-10-21,-0.007728636654251275
675,2015-10-20,0.013896990526576225
676,2015-10-19,0.06835112842823055
677,2015-10-16,-0.004790059915802836
678,2015-10-15,-0.02542963581021951
679,2015-10-14,-0.020220228373910132
680,2015-10-13,0.010868426061882097
681,2015-10-12,-0.016880560898809627
682,2015-10-09,0.023426931506586257
683,2015-10-08,0.02695677408230157
684,2015-10-07,0.02284916706586948
685,2015-10-06,0.04013888489600159
686,2015-10-05,0.019237278299968352
687,2015-10-02,0.005752264098984661
688,2015-10-01,-0.031554572002885806
689,2015-09-30,0.03490155175901499
690,2015-09-29,-0.007070022379576102
691,2015-09-28,0.007190788033970996
692,2015-09-25,0.033564713296540205
693,2015-09-24,0.023884372870543125
694,2015-09-23,-0.007859935920158101
695,2015-09-22,-0.0004597701230419915
696,2015-09-21,0.012415896250622893
697,2015-09-18,-0.013642984371465161
698,2015-09-17,0.005548235931819079
699,2015-09-16,0.0006866036278276866
700,2015-09-15,-0.033658328240890434
701,2015-09-14,-0.0014997240161962466
702,2015-09-11,-0.01171973766237322
703,2015-09-10,-0.007058097956569753
704,2015-09-09,0.0017290259439270983
705,2015-09-08,-0.002977390145110448
706,2015-09-04,-0.02546556708349712
707,2015-09-03,0.014933610859258373
708,2015-09-02,0.008595925288375383
709,2015-09-01,-0.037263729058205186
710,2015-08-31,0.04277959608787807
711,2015-08-28,-0.002331471892626169
712,2015-08-27,-0.02234206916998005
713,2015-08-26,-0.07763125209652255
714,2015-08-25,-0.02162513744182437
715,2015-08-24,-0.005285954436056173
716,2015-08-21,0.05294359726049436
717,2015-08-20,0.04825970780973243
718,2015-08-19,0.05256220571855419
719,2015-08-18,0.021203577484532055
720,2015-08-17,-0.022222705826109745
721,2015-08-14,-0.04754579185340191
722,2015-08-13,-0.002635590209081329
723,2015-08-12,-0.018058242235581723
724,2015-08-11,-0.0033645992122712798
725,2015-08-10,0.015757572496304384
726,2015-08-07,0.005665268951548619
727,2015-08-06,0.01481690499288213
728,2015-08-05,0.09304347297124504
729,2015-08-04,-0.014354937872337992
730,2015-08-03,-0.02390521799510026
731,2015-07-31,0.02341689088136345
732,2015-07-30,0.0024017724608924595
733,2015-07-29,-0.011194779658884713
734,2015-07-28,0.0037832974908367234
735,2015-07-27,-0.04562133627351006
736,2015-07-24,0.047846786525304275
737,2015-07-23,0.006721641499085607
738,2015-07-22,0.002504346534744961
739,2015-07-21,-0.0041149242561528965
740,2015-07-20,0.056441768044778406
741,2015-07-17,-0.027294662883725174
742,2015-07-16,-0.029484531352276022
743,2015-07-15,-0.013363227812167366
744,2015-07-14,0.009493442959260356
745,2015-07-13,-0.0132246485063936
746,2015-07-10,-0.011547959754843795
747,2015-07-09,-0.004757585317451962
748,2015-07-08,-0.011542789209181947
749,2015-07-07,0.04943244893276866
750,2015-07-06,0.043249983793816504
751,2015-07-02,0.0010719263541130175
752,2015-07-01,-0.03959218418281285
753,2015-06-30,-0.0033121855330220384
754,2015-06-29,-0.023535822748420365
755,2015-06-26,0.0191648435281655
756,2015-06-25,0.006344725322326994
757,2015-06-24,-0.013559275835050677
758,2015-06-23,0.009383748760268595
759,2015-06-22,-0.02988126615257425
760,2015-06-19,0.010415564195508153
761,2015-06-18,-0.0023646082718826733
762,2015-06-17,-0.00566725621746933
763,2015-06-16,-0.028393627475526984
764,2015-06-15,-0.01088392074777289
765,2015-06-12,0.0012373522244466528
766,2015-06-11,0.002867956556504403
767,2015-06-10,-0.002828067448220395
768,2015-06-09,0.020920439315315065
769,2015-06-08,0.0011321713520748844
770,2015-06-05,-0.028294628373690678
771,2015-06-04,-0.013008707667660602
772,2015-06-03,0.012406455225391078
773,2015-06-02,-0.0025736934623177277
774,2015-06-01,0.004419452753687381
775,2015-05-29,0.005397314451719204
776,2015-05-28,0.0025883538592079702
777,2015-05-27,-0.01611644889551833
778,2015-05-26,0.00010103357354207532
779,2015-05-22,0.0011106961166875706
780,2015-05-21,-0.008553817230446903
781,2015-05-20,-0.005184002466074311
782,2015-05-19,0.011353353959880685
783,2015-05-18,0.006493398362657388
784,2015-05-15,0.0003617436081171377
785,2015-05-14,-0.019232142247904704
786,2015-05-13,-0.003776067530642635
787,2015-05-12,0.006394512689250398
788,2015-05-11,-0.021684760231704736
789,2015-05-08,-0.012098446247808425
790,2015-05-07,0.0008026869318413787
791,2015-05-06,-0.027268774331149714
792,2015-05-05,0.010876709584104916
793,2015-05-04,-0.010529592819219502
794,2015-05-01,-0.019626511618088927
795,2015-04-30,8.847991511728992e-05
796,2015-04-29,0.027918934395978923
797,2015-04-28,-0.008511057360320429
798,2015-04-27,0.004631742150488449
799,2015-04-24,-0.0583531267426034
800,2015-04-23,0.0008008695582804037
801,2015-04-22,0.003835270886909825
802,2015-04-21,-0.04678479384128753
803,2015-04-20,-0.019967867058973354
804,2015-04-17,0.0073775998365830375
805,2015-04-16,-0.00043531887794756585
806,2015-04-15,0.005451971143259016
807,2015-04-14,-0.0017818878272999328
808,2015-04-13,0.011120812529775925
809,2015-04-10,0.005324724951271342
810,2015-04-09,-0.0038480771491933297
811,2015-04-08,-0.011585728980648469
812,2015-04-07,-0.021513532926967116
813,2015-04-06,-0.0007382798415811465
814,2015-04-02,-0.06142504053970921
815,2015-04-01,-0.018014697799313417
816,2015-03-31,0.006270612533326059
817,2015-03-30,0.0094902383596418
818,2015-03-27,-0.029663756061959923
819,2015-03-26,0.028797557438340782
820,2015-03-25,0.02024997386672922
821,2015-03-24,0.03747724082513049
822,2015-03-23,-0.010414944023962924
823,2015-03-20,-0.007794663688330594
824,2015-03-19,-0.0123436408398101
825,2015-03-18,0.025533731514980396
826,2015-03-17,-0.03024709645791468
827,2015-03-16,0.004968890688543226
828,2015-03-13,-0.03653041598596918
829,2015-03-12,0.012587394635323434
830,2015-03-11,0.013877200946854629
831,2015-03-10,-0.017810188003537064
832,2015-03-09,0.0029380923549036098
833,2015-03-06,0.01559445262756931
834,2015-03-05,0.03422300471493411
835,2015-03-04,0.008956431672600296
836,2015-03-03,-0.014303904371872456
837,2015-03-02,-0.01126282739837059
838,2015-02-27,0.030027339252548302
839,2015-02-26,0.018756791825376595
840,2015-02-25,-0.01669341600119001
841,2015-02-24,0.0017162335347498114
842,2015-02-23,0.015676778418018955
843,2015-02-20,0.046068294922176456
844,2015-02-19,-0.02521034135641287
845,2015-02-18,-0.03482143886086586
846,2015-02-17,-0.0005381473185810393
847,2015-02-13,-0.002842303197441609
848,2015-02-12,-0.004377235563984172
849,2015-02-11,0.04773808621862852
850,2015-02-10,0.01626734233772087
851,2015-02-09,0.005486792472509272
852,2015-02-06,-0.0005519271596270414
853,2015-02-05,0.01656248650712122
854,2015-02-04,-0.011102630315890316
855,2015-02-03,-0.0008697443957661477
856,2015-02-02,-0.034571344065088994
857,2015-01-30,-0.03541644817210088
858,2015-01-29,0.00782782862024689
859,2015-01-28,-0.028822718441878337
860,2015-01-27,0.03261668184291988
861,2015-01-26,0.002763437145118175
862,2015-01-23,-0.025795859529833542
863,2015-01-22,0.0016380833128550876
864,2015-01-21,-0.02536613565608814
865,2015-01-20,-0.023887879751920416
866,2015-01-16,0.005922095229938584
867,2015-01-15,-0.006234758077718006
868,2015-01-14,0.004264620567803412
869,2015-01-13,0.05826205380230132
870,2015-01-12,-0.010037972392473726
871,2015-01-09,0.021768169438570517
872,2015-01-08,0.01895689144850632
873,2015-01-07,0.001589316335632418
874,2015-01-06,0.0015631294185292077
875,2015-01-05,-0.005648257653341204
876,2015-01-02,0.04295024368387779
877,2014-12-31,0.014036271374939346
878,2014-12-30,-0.0008096438009754792
879,2014-12-29,0.015538107850288085
880,2014-12-26,0.009304854028099996
881,2014-12-24,-0.024707975714265196
882,2014-12-23,-0.005820922060486566
883,2014-12-22,0.007349493144430674
884,2014-12-19,-0.014981384092499717
885,2014-12-18,-0.004708042064001106
886,2014-12-17,-0.05868501227699774
887,2014-12-16,-0.03969502637996136
888,2014-12-15,0.03100907902674077
889,2014-12-12,0.014402740210643472
890,2014-12-11,0.009041131125504975
891,2014-12-10,0.004585411167744802
892,2014-12-09,0.033044977015896926
893,2014-12-08,-0.011733467947865783
894,2014-12-05,0.042693725597163557
895,2014-12-04,0.020222375444694407
896,2014-12-03,0.004458244195351568
897,2014-12-02,0.009246262127711624
898,2014-12-01,0.0009069903660181566
899,2014-11-28,0.05411266280293603
900,2014-11-26,0.01590426253057675
901,2014-11-25,-0.0014097841337621375
902,2014-11-24,-0.005537493182375286
903,2014-11-21,-0.016098406905307172
904,2014-11-20,0.024131875618591536
905,2014-11-19,-0.003907749962194451
906,2014-11-18,0.03941630853226474
907,2014-11-17,-0.014540593897431897
908,2014-11-14,0.018336252817505283
909,2014-11-13,-0.02735387443712245
910,2014-11-12,-0.010383479873135038
911,2014-11-11,0.00791719118119616
912,2014-11-10,-0.0371231853336349
913,2014-11-07,-0.0071765184698131534
914,2014-11-06,0.004237470509213637
915,2014-11-05,-0.04342154819702859
916,2014-11-04,0.03388279004437145
917,2014-11-03,0.015202153542521302
918,2014-10-31,-0.0036754878355234055
919,2014-10-30,-0.012657342767927737
920,2014-10-29,-0.0023491914486930554
921,2014-10-28,0.01942373957419896
922,2014-10-27,-0.09092470359834959
923,2014-10-24,0.05941648012308942
924,2014-10-23,0.00021252630092938318
925,2014-10-22,-0.01796827861234984
926,2014-10-21,0.018180759755447973
927,2014-10-20,-0.02091057491338333
928,2014-10-17,-0.013058379683800858
929,2014-10-16,-0.004979848556630806
930,2014-10-15,0.014691635813084858
931,2014-10-14,-0.011559809958665568
932,2014-10-13,-0.010937782020755904
933,2014-10-10,0.053403804461967574
934,2014-10-09,0.08143467246646363
935,2014-10-08,0.008793564189229386
936,2014-10-07,0.0011178569150960271
937,2014-10-06,0.004036991968371595
938,2014-10-03,-0.02097667206085685
939,2014-10-02,-0.01496188816921773
940,2014-10-01,-0.045486423811610166
941,2014-09-30,0.010105279399022393
942,2014-09-29,0.010575169259782413
943,2014-09-26,0.005448718396364072
944,2014-09-25,0.001418296256390228
945,2014-09-24,0.02079860181648918
946,2014-09-23,-0.00688491427236837
947,2014-09-22,-0.0015186638679320907
948,2014-09-19,0.03648190964397191
949,2014-09-18,0.017204232113979145
950,2014-09-17,-0.009291765251884243
951,2014-09-16,-0.0024515449342565887
952,2014-09-15,-0.026740808274602124
953,2014-09-12,0.09514543692818656
954,2014-09-11,0.003967762707512534
955,2014-09-10,0.002814344316756312
956,2014-09-09,-0.009364234409302341
957,2014-09-08,0.01295082229903155
958,2014-09-05,-0.016872607597941958
959,2014-09-04,0.030707202975921888
960,2014-09-03,-0.01710106375369147
961,2014-09-02,0.01036608670310546
962,2014-08-29,-0.052086453983925196
963,2014-08-28,-0.02189157069005354
964,2014-08-27,-0.002314508441545904
965,2014-08-26,-0.005752506386749623
966,2014-08-25,0.0030898954565330428
967,2014-08-22,-0.022221852920930374
968,2014-08-21,-0.009547732570337253
969,2014-08-20,0.005372035269903819
970,2014-08-19,0.004097806581072838
971,2014-08-18,0.01230903870986566
972,2014-08-15,0.007931835818208555
973,2014-08-14,-0.002407383802761842
974,2014-08-13,-0.004102058695381494
975,2014-08-12,-0.0013454554473595337
976,2014-08-11,-0.0024649527193538745
977,2014-08-08,-0.04411001793486946
978,2014-08-07,0.017022707858906472
979,2014-08-06,-0.013803376067737183
980,2014-08-05,-0.042844753434906124
981,2014-08-04,0.00012578352671699378
982,2014-08-01,-0.0222565832944408
983,2014-07-31,-0.043680422114352524
984,2014-07-30,0.024856438694789595
985,2014-07-29,-0.017227751879661746
986,2014-07-28,-0.0008447636275885628
987,2014-07-25,-0.005575517911483807
988,2014-07-24,-0.00013419516470225545
989,2014-07-23,-0.004708212181398608
990,2014-07-22,-0.013165525969480285
991,2014-07-21,0.0043624535239459306
992,2014-07-18,-0.0023601785152100874
993,2014-07-17,-0.021222141093033997
994,2014-07-16,0.00813764431496189
995,2014-07-15,0.011082221769336265
996,2014-07-14,0.03191092670689688
997,2014-07-11,-0.0385363421834084
998,2014-07-10,0.006078768232578469
999,2014-07-09,0.016270810003737424
1000,2014-07-08,-0.01804948011898233
1001,2014-07-07,0.01625463085315282
1002,2014-07-03,0.029167166836012726
1003,2014-07-02,0.0007630675685028621
1004,2014-07-01,0.04389539688490807
1005,2014-06-30,0.0014173165072142169
1006,2014-06-27,-0.0041743256473640855
1007,2014-06-26,-0.01457911467240347
1008,2014-06-25,0.005464667952261415
1009,2014-06-24,-0.01870989470228146
1010,2014-06-23,0.020097755573718068
1011,2014-06-20,-0.032692871111190236
1012,2014-06-19,-0.007870957596686878
1013,2014-06-18,-0.0029456397285363423
1014,2014-06-17,0.01983543311766134
1015,2014-06-16,-0.030948380371674133
1016,2014-06-13,-0.08445263677291592
1017,2014-06-12,-0.014148647986029772
1018,2014-06-11,0.004656985303205019
1019,2014-06-10,-0.01066952128126264
1020,2014-06-09,0.014769287870973535
1021,2014-06-06,0.013838825289508527
1022,2014-06-05,-0.00612427258268422
1023,2014-06-04,-0.014164611716624975
1024,2014-06-03,0.004646280336698894
1025,2014-06-02,-0.0011717607043282285
1026,2014-05-30,0.014886205989451007
1027,2014-05-29,0.011818036639551721
1028,2014-05-28,0.0
1029,2014-05-27,0.006258910901532744
1030,2014-05-23,-0.020341626756044562
1031,2014-05-22,-0.011742577550464262
1032,2014-05-21,-0.02686086353985484
1033,2014-05-20,-0.02102674046878228
1034,2014-05-19,0.004036899628792057
1035,2014-05-16,-0.02337266203701649
1036,2014-05-15,-0.01562572895013492
1037,2014-05-14,0.010706570985206554
1038,2014-05-13,-0.00241609445754154
1039,2014-05-12,-0.029295374594157764
1040,2014-05-09,-0.01313620938979998
1041,2014-05-08,-0.020341563234572035
1042,2014-05-07,0.11995201146405421
1043,2014-05-06,0.029025848956391265
1044,2014-05-05,0.04402796529903252
1045,2014-05-02,-0.02666699935536343
1046,2014-05-01,-0.015192342650930613
1047,2014-04-30,0.0007699341124300929
1048,2014-04-29,-0.004676848523708976
1049,2014-04-28,-0.04149276844323602
1050,2014-04-25,0.006727608465254775
1051,2014-04-24,0.039297691002943225
1052,2014-04-23,0.0006252254622332032
1053,2014-04-22,0.04993653999730352
1054,2014-04-21,-0.06744553543574927
1055,2014-04-17,-0.031108098464025957
1056,2014-04-16,0.004984528105905994
1057,2014-04-15,-0.02646330193141644
1058,2014-04-14,0.021327338980063004
1059,2014-04-11,0.028319507671549005
1060,2014-04-10,0.0020099523888044146
1061,2014-04-09,0.060523787920026884
1062,2014-04-08,-0.006799443388923798
1063,2014-04-07,-0.03754755689791267
1064,2014-04-04,0.022419312055897755
1065,2014-04-03,0.060229568981644555
1066,2014-04-02,0.021462782654248613
1067,2014-04-01,-0.059580289124644636
1068,2014-03-31,-0.040059890808474385
1069,2014-03-28,0.018630832127401575
1070,2014-03-27,-0.024066543132701845
1071,2014-03-26,0.026840861325296395
1072,2014-03-25,0.03452119436823242
1073,2014-03-24,-0.0012255737899531383
1074,2014-03-21,0.0388415635794761
1075,2014-03-20,0.025960923261116875
1076,2014-03-19,0.003951146935297523
1077,2014-03-18,0.017651967120340117
1078,2014-03-17,-0.025569934501856295
1079,2014-03-14,-0.01294780966138731
1080,2014-03-13,0.02910009926973789
1081,2014-03-12,0.015440133139997592
1082,2014-03-11,-0.029756345458907596
1083,2014-03-10,0.01872215276989575
1084,2014-03-07,0.03039095863093788
1085,2014-03-06,0.02696747614210082
1086,2014-03-05,-0.0011075950499392917
1087,2014-03-04,0.008591185846396066
1088,2014-03-03,-0.016937484445849194
1089,2014-02-28,-0.023216013325389362
1090,2014-02-27,0.031087252533485987
1091,2014-02-26,0.0018198367169857121
1092,2014-02-25,-0.01996074256253788
1093,2014-02-24,-0.1305404781666759
1094,2014-02-21,-0.03768731555141969
1095,2014-02-20,0.0017637109226713577
1096,2014-02-19,-0.08096389829806494
1097,2014-02-18,0.05064755816126709
1098,2014-02-14,-0.027220350530640758
1099,2014-02-13,0.0070376804824423544
1100,2014-02-12,-0.021826413991102633
1101,2014-02-11,0.0066336927453187755
1102,2014-02-10,-0.00030520372585485234
1103,2014-02-07,-0.05237564415645224
1104,2014-02-06,-0.04467597781841004
1105,2014-02-05,-0.022449922439221837
1106,2014-02-04,0.02441010340344807
1107,2014-02-03,-0.009105278733746225
1108,2014-01-31,0.023988654484690564
1109,2014-01-30,0.007851790510311929
1110,2014-01-29,-0.04251205674321579
1111,2014-01-28,0.017816709517733287
1112,2014-01-27,-0.05035546530450663
1113,2014-01-24,0.028937002471947082
1114,2014-01-23,0.03875801029940362
1115,2014-01-22,-0.016330974511959084
1116,2014-01-21,-0.010584492464619899
1117,2014-01-17,-0.03848292787868868
1118,2014-01-16,0.005630843665380247
1119,2014-01-15,-0.040829305771173274
1120,2014-01-14,-0.017578817751419784
1121,2014-01-13,-0.1461629893904517
1122,2014-01-10,0.04476929629055615
1123,2014-01-09,0.012345259036946388
1124,2014-01-08,0.025100879420726585
1125,2014-01-07,-0.012772925116734335
1126,2014-01-06,-0.015926912454731657
1127,2014-01-03,0.017265063330176744
1128,2014-01-02,0.003604088530503091
1129,2013-12-31,0.002189473438036771
1130,2013-12-30,0.013279863928207014
1131,2013-12-27,-0.008696852812405176
1132,2013-12-26,0.028571508426034065
1133,2013-12-24,-0.026654342599007563
1134,2013-12-23,-0.05330798245320789
1135,2013-12-20,-0.0021618614368410505
1136,2013-12-19,-0.01774944470092965
1137,2013-12-18,0.050305029068102414
1138,2013-12-17,0.029825137062722717
1139,2013-12-16,-0.030095480400405883
1140,2013-12-13,-0.0019350872429440003
1141,2013-12-12,-0.0012469336539284726
1142,2013-12-11,-0.054485472871663276
1143,2013-12-10,0.018024899017096807
1144,2013-12-09,-0.004158010148663571
1145,2013-12-06,-0.030400964670398878
1146,2013-12-05,0.022459913297586453
1147,2013-12-04,-0.010950973698293787
1148,2013-12-03,0.04054847744892509
1149,2013-12-02,-0.1530110392086872
1150,2013-11-29,0.024737789600780324
1151,2013-11-27,-0.0026748501512070533
1152,2013-11-26,-0.052064780947614686
1153,2013-11-25,0.002817603587762285
1154,2013-11-22,0.004458763889237716
1155,2013-11-21,0.005914260708949293
1156,2013-11-20,-0.008141157583699155
1157,2013-11-19,0.040296714152175284
1158,2013-11-18,-0.0364234553645586
1159,2013-11-15,0.1080300862105279
1160,2013-11-14,0.01574835696813892
1161,2013-11-13,0.007962401821543175
1162,2013-11-12,-0.0065099687412280005
1163,2013-11-11,0.04884545326228995
1164,2013-11-08,-0.047757511178553536
1165,2013-11-07,0.013121222953437872
1166,2013-11-06,0.07832635486455608
1167,2013-11-05,0.1567368312087094
1168,2013-11-04,-0.009147531187706726
1169,2013-11-01,-0.07728301077100852
1170,2013-10-31,-0.013846422827539229
1171,2013-10-30,-0.004511851243311327
1172,2013-10-29,0.032441289092745684
1173,2013-10-28,-0.009837246714192283
1174,2013-10-25,0.040905498340602975
1175,2013-10-24,0.020361836468842043
1176,2013-10-23,-0.0512477006430041
1177,2013-10-22,0.041905905356848905
1178,2013-10-21,0.006160303087051844
1179,2013-10-18,0.06069278117303689
1180,2013-10-17,-0.0032659599431283937
1181,2013-10-16,0.004137989647396978
1182,2013-10-15,0.002068027947919049
1183,2013-10-14,-0.023209533272592786
1184,2013-10-11,-0.005691662036576339
1185,2013-10-10,-0.03282153382755215
1186,2013-10-09,-0.024290796608010368
1187,2013-10-08,0.03464583362112705
1188,2013-10-07,0.046626668011976236
1189,2013-10-04,-0.011482065439936129
1190,2013-10-03,-0.043304629461703215
1191,2013-10-02,0.043138851548467194
1192,2013-10-01,0.06446943889513435
1193,2013-09-30,0.0019152631576151435
1194,2013-09-27,-0.012855721330798708
1195,2013-09-26,-0.011909293942641064
1196,2013-09-25,-0.01819895203894184
1197,2013-09-24,-0.015823252699005863
1198,2013-09-23,-0.006713650574668328
1199,2013-09-20,0.012510451232298436
1200,2013-09-19,-0.030281021646525907
1201,2013-09-18,-0.06803383125614548
1202,2013-09-17,7.219174129602379e-05
1203,2013-09-16,0.002103302959826081
1204,2013-09-13,-0.00626281704994458
1205,2013-09-12,-0.0036917159971885383
1206,2013-09-11,-0.008585834444721385
1207,2013-09-10,0.01727891665631187
1208,2013-09-09,-0.034674950928184956
1209,2013-09-06,0.0382748828173991
1210,2013-09-05,0.017572431985148462
1211,2013-09-04,0.004063995821055322
1212,2013-09-03,-0.009906961067718711
1213,2013-08-30,0.00035509262372279693
1214,2013-08-29,-0.017549546089188794
1215,2013-08-28,0.002345795187149058
1216,2013-08-27,0.0033587268424923877
1217,2013-08-26,-0.016846698582883235
1218,2013-08-23,-0.014604978382407374
1219,2013-08-22,-0.029719468636660196
1220,2013-08-21,-0.06061666513262143
1221,2013-08-20,0.011565486634567357
1222,2013-08-19,-0.031787517436884904
1223,2013-08-16,-0.020216791725375494
1224,2013-08-15,-0.016544560283580978
1225,2013-08-14,-0.0022219842134871826
1226,2013-08-13,0.042634358085425816
1227,2013-08-12,0.013319414149234987
1228,2013-08-09,0.03742363605358179
1229,2013-08-08,0.003132343986316677
1230,2013-08-07,-0.13401551887920693
1231,2013-08-06,0.05732809159746388
1232,2013-08-05,0.017641568986888068
1233,2013-08-02,-0.047270721926691905
1234,2013-08-01,-0.017913109212530642
1235,2013-07-31,-0.009413403832840395
1236,2013-07-30,-0.019096888899286846
1237,2013-07-29,0.021625711370020007
1238,2013-07-26,-0.039624895254705805
1239,2013-07-25,-0.04198517687308101
1240,2013-07-24,-0.019286922461298595
1241,2013-07-23,0.008509296967469382
1242,2013-07-22,-0.0025288588751273267
1243,2013-07-19,-0.02271792385965643
1244,2013-07-18,-0.005445952046379432
1245,2013-07-17,0.010197346806082308
1246,2013-07-16,-0.09776641633823235
1247,2013-07-15,0.1544257451570079
1248,2013-07-12,0.02053268587190793
1249,2013-07-11,-0.03358305497739256
1250,2013-07-10,-0.026950154543062155
1251,2013-07-09,0.009604501635089413
1252,2013-07-08,-0.01501701279828005
1253,2013-07-05,-0.012577741320316527
1254,2013-07-03,-0.04122455145626436
1255,2013-07-02,0.022141125877213952
1256,2013-07-01,-0.0054553558928143175
1257,2013-06-28,-0.08751500697735537
1258,2013-06-27,0.017451160752327333
1259,2013-06-26,-0.032844744239611146
1260,2013-06-25,-0.031907377130680814
1261,2013-06-24,-0.008926441144680552
1262,2013-06-21,-0.019300240950521186
1263,2013-06-20,0.010989121575595284
1264,2013-06-19,0.039258925576144854
1265,2013-06-18,-0.01239983206334383
1266,2013-06-17,-0.011576567828997852
1267,2013-06-14,-0.018765982801713932
1268,2013-06-13,-0.021363166337983408
1269,2013-06-12,-0.0045939542791622046
1270,2013-06-11,-0.03392625056970111
1271,2013-06-10,0.057387737248698834
1272,2013-06-07,0.01969483224386881
1273,2013-06-06,-0.0470521614554027
1274,2013-06-05,-0.02054866822738699
1275,2013-06-04,-0.0055728023936163495
1276,2013-06-03,-0.024010116737248843
1277,2013-05-31,0.05433435096332939
1278,2013-05-30,0.0709685508433564
1279,2013-05-29,-0.003063286407651411
1280,2013-05-28,0.05309136912778101
1281,2013-05-24,-0.12797674812837112
1282,2013-05-23,-0.045843336046266
1283,2013-05-22,-0.06102910347870605
1284,2013-05-21,0.004003894841569711
1285,2013-05-20,0.026475945167563353
1286,2013-05-17,0.01719619093891467
1287,2013-05-16,0.008141630187338933
1288,2013-05-15,-0.08368989926424053
1289,2013-05-14,-0.01906270167914048
1290,2013-05-13,0.05333349911563712
1291,2013-05-10,-0.1343257203850703
1292,2013-05-09,-0.10084891274324193
1293,2013-05-08,-0.21835496288047462
1294,2013-05-07,-0.004968719930213972
1295,2013-05-06,0.06941312784951403
1296,2013-05-03,-0.08685860027250447
1297,2013-05-02,-0.00809870062443574
1298,2013-05-01,-0.015457985422510312
1299,2013-04-30,0.013237817998061896
1300,2013-04-29,0.017442836436932563
1301,2013-04-26,-0.07050214862166593
1302,2013-04-25,0.015504186535965303
1303,2013-04-24,-0.03065748249279343
1304,2013-04-23,0.01143545584620087
1305,2013-04-22,-0.01620588826799274
1306,2013-04-19,-0.04816274597463677
1307,2013-04-18,-0.01814395765330179
1308,2013-04-17,-0.03289627941541573
1309,2013-04-16,0.0030755736018623914
1310,2013-04-15,-0.05153575921690612
1311,2013-04-12,0.010338977795179005
1312,2013-04-11,-0.003663846553322081
1313,2013-04-10,-0.04049704923244768
1314,2013-04-09,-0.033028742905360176
1315,2013-04-08,0.03231181134161387
1316,2013-04-05,-0.011057804980787012
1317,2013-04-04,0.015351704707970537
1318,2013-04-03,-0.021899563679101508
1319,2013-04-02,0.07587908268597632
1320,2013-04-01,-0.009289746200477289
1321,2013-03-28,-0.14791023295717887
1322,2013-03-27,0.007100621549576136
1323,2013-03-26,-0.007892700798908692
1324,2013-03-25,-0.00875453263424708
1325,2013-03-22,-0.02454607390056518
1326,2013-03-21,-0.01679786158558061
1327,2013-03-20,-0.0016675934937282477
1328,2013-03-19,-0.024497916663073216
1329,2013-03-18,0.001993450752691306
1330,2013-03-15,0.0039750194305048225
1331,2013-03-14,0.04325598094816696
1332,2013-03-13,0.05619307544406915
1333,2013-03-12,0.003585151087202032
1334,2013-03-11,-0.0005113781752967839
1335,2013-03-08,-0.016243750227116216
1336,2013-03-07,-0.006258169055882501
1337,2013-03-06,-0.014225740429277156
1338,2013-03-05,-0.02798137894638364
1339,2013-03-04,-0.029629746094971487
1340,2013-03-01,-0.02648595660177655
1341,2013-02-28,0.005181358741997322
1342,2013-02-27,0.007722046093910251
1343,2013-02-26,-0.019272853121387712
1344,2013-02-25,-0.0014532773957287581
1345,2013-02-22,0.04909483533466297
1346,2013-02-21,-0.026660762472390243
1347,2013-02-20,0.0917875901692442
1348,2013-02-19,0.019018820500044775
1349,2013-02-15,-0.058717073708286716
1350,2013-02-14,0.03345148640862172
1351,2013-02-13,0.003908799765052873
1352,2013-02-12,-0.014671470921143737
1353,2013-02-11,0.013890932309901238
1354,2013-02-08,0.021118477356751875
1355,2013-02-07,0.00609757986811843
1356,2013-02-06,-0.007883066887540924
1357,2013-02-05,-0.026909773808267534
1358,2013-02-04,-0.010280833929068312
1359,2013-02-01,0.01472935624619609
1360,2013-01-31,-0.020842332092804394
1361,2013-01-30,0.00026656004422820345
1362,2013-01-29,0.011395379703615038
1363,2013-01-28,0.0021058180985291663
1364,2013-01-25,-0.027998095981189408
1365,2013-01-24,0.0002703798853840311
1366,2013-01-23,-0.027128667388252925
1367,2013-01-22,-0.022756987122616312
1368,2013-01-18,-0.019223085118266425
1369,2013-01-17,-0.004063866260523685
1370,2013-01-16,-0.008177615665232452
1371,2013-01-15,-0.005882369903066564
1372,2013-01-14,-0.01905954062162296
1373,2013-01-11,-0.010578910809532882
1374,2013-01-10,0.018663997522888387
1375,2013-01-09,0.0032752746266102584
1376,2013-01-08,0.0011883542693786886
1377,2013-01-07,0.019406666095203473
1378,2013-01-04,0.001745708910023236
1379,2013-01-03,0.010698381640417587
1380,2013-01-02,0.01682629174967243
1381,2012-12-31,-0.04305157093976231
1382,2012-12-28,-0.019377562644531388
1383,2012-12-27,0.014048953233312567
1384,2012-12-26,-0.0029726537942602604
1385,2012-12-24,0.020333690105377666
1386,2012-12-21,-0.008201569113417406
1387,2012-12-20,0.012567752734270687
1388,2012-12-19,0.005214380296820753
1389,2012-12-18,-0.0005780346981754114
1390,2012-12-17,-0.005508058569724916
1391,2012-12-14,-0.01729994765955789
1392,2012-12-13,-0.005932974982780337
1393,2012-12-12,0.04792553523270948
1394,2012-12-11,0.0005670541688664876
1395,2012-12-10,-0.020329977205057137
1396,2012-12-07,-0.011638187806332745
1397,2012-12-06,-0.00793305174079606
1398,2012-12-05,-0.005620485140434894
1399,2012-12-04,0.005620485140434894
1400,2012-12-03,0.021016535361658484
1401,2012-11-30,-0.023379206277628573
1402,2012-11-29,-0.0038512860519728243
1403,2012-11-28,-0.013747975051958683
1404,2012-11-27,-0.03304063168287463
1405,2012-11-26,0.00372555538024244
1406,2012-11-23,-0.004347832936103302
1407,2012-11-21,0.01052641298698731
1408,2012-11-20,0.016190975351725534
1409,2012-11-19,-0.0024271856576110196
1410,2012-11-16,-0.03336015554113647
1411,2012-11-15,-0.032556390375762856
1412,2012-11-14,0.01800691741291649
1413,2012-11-13,0.007438802571984482
1414,2012-11-12,-0.017366826471914898
1415,2012-11-09,-0.024435162630784824
1416,2012-11-08,0.032129974564143016
1417,2012-11-07,0.007319046196577972
1418,2012-11-06,-0.01244233630142988
1419,2012-11-05,0.011173300598124936
1420,2012-11-02,-0.08551639114195408
1421,2012-11-01,0.011251141663537467
1422,2012-10-31,-0.038835906159869094
1423,2012-10-26,-0.02707357033299873
1424,2012-10-25,0.005100193204840231
1425,2012-10-24,-0.003640338930974707
1426,2012-10-23,0.03476429635071154
1427,2012-10-22,-0.019204004111586848
1428,2012-10-19,-0.003957551486607702
1429,2012-10-18,0.010756647279704268
1430,2012-10-17,0.027406299603701445
1431,2012-10-16,-0.02669328709577634
1432,2012-10-15,-0.026360074734338212
1433,2012-10-12,0.011278998959492803
1434,2012-10-11,0.024304269926049837
1435,2012-10-10,0.0028208763416412985
1436,2012-10-09,-0.0010568963464003822
1437,2012-10-08,0.03054732485710554
1438,2012-10-05,-0.01238405919972152
1439,2012-10-04,0.017499159866491976
1440,2012-10-03,-0.003407158321614201
1441,2012-10-02,0.016920877488336927
1442,2012-10-01,-0.02171048637090145
1443,2012-09-28,0.00410678195265346
1444,2012-09-27,-0.02735154058329403
1445,2012-09-26,-0.03391365520930778
1446,2012-09-25,0.004347832936103302
1447,2012-09-24,0.10297154720705581
1448,2012-09-21,-0.021095047238352205
1449,2012-09-20,0.02889235769838372
1450,2012-09-19,0.004842624475788426
1451,2012-09-18,0.00929642854838697
1452,2012-09-17,0.03757486486301698
1453,2012-09-14,-0.06835649486218998
1454,2012-09-13,-0.030401539607566086
1455,2012-09-12,-0.041557226292763705
1456,2012-09-11,-0.017118820331780693
1457,2012-09-10,-0.015588497644003496
1458,2012-09-07,0.06984502322151753
1459,2012-09-06,-0.027635610172086267
1460,2012-09-05,-0.021597582273203297
1461,2012-09-04,0.007132697857427317
1462,2012-08-31,0.013413543859852162
1463,2012-08-30,-0.0038643996799989644
1464,2012-08-29,0.0
1465,2012-08-28,0.009807434127177217
1466,2012-08-27,-0.012980361167754584
1467,2012-08-24,0.040821994520255256
1468,2012-08-23,0.04084911279661885
1469,2012-08-22,-0.025710051580934756
1470,2012-08-21,-0.02844756680392635
1471,2012-08-20,0.013647431197316262
1472,2012-08-17,0.016801470497427307
1473,2012-08-16,0.00961705306304772
1474,2012-08-15,-0.030153038170687374
1475,2012-08-14,0.0006800408286555815
1476,2012-08-13,0.057781378605954004
1477,2012-08-10,-0.04026071478776316
1478,2012-08-09,-0.01786062642557873
1479,2012-08-08,-0.010940280058793217
1480,2012-08-07,0.039101711969740105
1481,2012-08-06,-0.06769501277135159
1482,2012-08-03,-0.03601397484800195
1483,2012-08-02,-0.043851882528849195
1484,2012-08-01,0.0057306747089849175
1485,2012-07-31,0.043606685096535536
1486,2012-07-30,-0.002556145266177978
1487,2012-07-27,0.07601266008685803
1488,2012-07-26,-0.04789256645308271
1489,2012-07-25,0.028733581517238704
1490,2012-07-24,0.03027957131655601
1491,2012-07-23,0.027109098108107688
1492,2012-07-20,0.036192901479043194
1493,2012-07-19,0.01498623114115949
1494,2012-07-18,-0.00372555538024244
1495,2012-07-17,0.036645321678004716
1496,2012-07-16,0.07534943724178644
1497,2012-07-13,-0.04872064489518513
1498,2012-07-12,-0.04631148680502628
1499,2012-07-11,-0.03707012213402461
1500,2012-07-10,-0.007645784299433522
1501,2012-07-09,0.007010863643183374
1502,2012-07-06,-0.016005463313276458
1503,2012-07-05,0.0077145994953302655
1504,2012-07-03,-0.018420297851319045
1505,2012-07-02,-0.008516265031492054
1506,2012-06-29,0.0288559492686149
1507,2012-06-28,0.00382775586976436
1508,2012-06-27,0.017358807347518823
1509,2012-06-26,-0.011011594670547797
1510,2012-06-25,0.04636182533162847
1511,2012-06-22,0.020181565444983285
1512,2012-06-21,-0.0483610716934213
1513,2012-06-20,0.04821306606893749
1514,2012-06-19,-0.05132445625788851
1515,2012-06-18,-0.00782109414558363
1516,2012-06-15,-0.06253048833432517
1517,2012-06-14,-0.017538392211030818
1518,2012-06-13,0.012846694596858832
1519,2012-06-12,-0.0037018383178990533
1520,2012-06-11,-0.01837411338130046
1521,2012-06-08,0.032435275753153636
1522,2012-06-07,-0.03898138009359542
1523,2012-06-06,0.009974287334509668
1524,2012-06-05,-0.04586835877432227
1525,2012-06-04,-0.0010754616559078833
1526,2012-06-01,0.00963776869337618
1527,2012-05-31,0.04684290876007502
1528,2012-05-30,0.03038123834349893
1529,2012-05-29,0.04122967201355632
1530,2012-05-25,-0.061157266012849654
1531,2012-05-24,0.016963653084191233
1532,2012-05-23,0.022824596974221567
1533,2012-05-22,-0.007442195811983687
1534,2012-05-21,-0.06785678437295228
1535,2012-05-18,-0.04296773141799903
1536,2012-05-17,0.035991770097223874
1537,2012-05-16,0.021126326851958144
1538,2012-05-15,0.008531019150741503
1539,2012-05-14,0.02118082207944738
1540,2012-05-11,0.070322658916953
1541,2012-05-10,0.02177666179948945
1542,2012-05-09,-0.09209932071644245
1543,2012-05-08,0.004315359393918694
1544,2012-05-07,0.0728058423960074
1545,2012-05-04,-0.01990734482075318
1546,2012-05-03,0.019599320792443642
1547,2012-05-02,0.04458569771963505
1548,2012-05-01,-0.004725348426426024
1549,2012-04-30,-0.01942969506784964
1550,2012-04-27,0.0063186610108436625
1551,2012-04-26,0.0044890094834650895
1552,2012-04-25,-0.017470323850864666
1553,2012-04-24,-0.03368154004560786
1554,2012-04-23,0.003764119877225802
1555,2012-04-20,0.037485187480227555
1556,2012-04-19,0.0
1557,2012-04-18,-0.015193242724775402
1558,2012-04-17,-0.012943169903891327
1559,2012-04-16,0.00031012560335419437
1560,2012-04-13,0.04071036038241971
1561,2012-04-12,-0.004475615407700584
1562,2012-04-11,-0.01052166628297968
1563,2012-04-10,-0.019222559847075882
1564,2012-04-09,0.021034154545426453
1565,2012-04-05,0.03933672916362063
1566,2012-04-04,0.014968615693921272
1567,2012-04-03,0.08250122151174377
1568,2012-04-02,-0.038347640038437714
1569,2012-03-30,0.01788180944614659
1570,2012-03-29,0.0024138405176263866
1571,2012-03-28,0.013833686956965074
1572,2012-03-27,0.002374984623410459
1573,2012-03-26,-0.014335260086381751
1574,2012-03-23,-0.09296000245937153
1575,2012-03-22,0.009345862418237871
1576,2012-03-21,0.02156805387732108
1577,2012-03-20,-0.005420067469338985
1578,2012-03-19,0.0005719188031210187
1579,2012-03-16,0.009672906145303362
1580,2012-03-15,-0.009101314246345638
1581,2012-03-14,0.008251576197765065
1582,2012-03-13,0.022416180967518518
1583,2012-03-12,-0.0022191409939131823
1584,2012-03-09,-0.03590491684782515
1585,2012-03-08,-0.049265233819257404
1586,2012-03-07,0.0015108025233576683
1587,2012-03-06,-0.00030197795790432025
1588,2012-03-05,0.019737482838321885
1589,2012-03-02,0.007963469307696869
1590,2012-03-01,0.010810916104215362
1591,2012-02-29,-0.0294919634407238
1592,2012-02-28,0.011901360351129764
1593,2012-02-27,-0.0056354887393252895
1594,2012-02-24,0.0038592893380693383
1595,2012-02-23,0.02284809408336219
1596,2012-02-22,-0.009018242937853582
1597,2012-02-21,0.008149055573266839
1598,2012-02-17,0.013531227037970162
1599,2012-02-16,-0.022849873387839725
1600,2012-02-15,-0.017114610718286016
1601,2012-02-14,-0.012880214010197566
1602,2012-02-13,-0.051975817846027894
1603,2012-02-10,-0.012462215927744769
1604,2012-02-09,0.04649078398871076
1605,2012-02-08,-0.02015259644720846
1606,2012-02-07,-0.010388886133824382
1607,2012-02-06,0.00630916919326463
1608,2012-02-03,-0.02065204455266878
1609,2012-02-02,-0.029318060756611697
1610,2012-02-01,-0.02239772719419708
1611,2012-01-31,-0.01739174271186883
1612,2012-01-30,0.017053619293601052
1613,2012-01-27,-0.008149450875026165
1614,2012-01-26,-0.013386161786021589
1615,2012-01-25,-0.03409221398946949
1616,2012-01-24,-0.019859833079700184
1617,2012-01-23,-0.02399081660190694
1618,2012-01-20,-0.0063706417446076635
1619,2012-01-19,0.005997019472374188
1620,2012-01-18,0.0018667169878399115
1621,2012-01-17,-0.007863736460214099
1622,2012-01-13,-0.15458937253006066
1623,2012-01-12,0.21477161433485703
1624,2012-01-11,-0.0007082153270521196
1625,2012-01-10,-0.021845094284251854
1626,2012-01-09,-0.013486626871892948
1627,2012-01-06,-0.012555556370438481
1628,2012-01-05,0.007773498333380147
1629,2012-01-04,0.02152189580269237
1630,2012-01-03,0.013264220282723116
1631,2011-12-30,0.016949558313773316
1632,2011-12-29,0.005934735519814716
1633,2011-12-28,-0.007686970066617782
1634,2011-12-27,0.002102313318101068
1635,2011-12-23,-0.023730527415361635
1636,2011-12-22,-0.004670387508611817
1637,2011-12-21,-0.0072280762830025935
1638,2011-12-20,0.011898463791614411
1639,2011-12-19,-0.005390848634876377
1640,2011-12-16,0.008968669982760247
1641,2011-12-15,0.02190126395310088
1642,2011-12-14,-0.0031496089028961727
1643,2011-12-13,0.03173774487218717
1644,2011-12-12,0.03207759159167756
1645,2011-12-09,0.020505193625744766
1646,2011-12-08,-0.0048441883845278255
1647,2011-12-07,0.10150069672071949
1648,2011-12-06,0.019693657036349954
1649,2011-12-05,-0.01298906990416615
1650,2011-12-02,-0.033080393796995455
1651,2011-12-01,-0.021245108613736186
1652,2011-11-30,0.004285283570327092
1653,2011-11-29,-0.030704846604288072
1654,2011-11-28,0.02519181579563856
1655,2011-11-25,-0.02803048668147312
1656,2011-11-23,-0.006655071306416627
1657,2011-11-22,0.01952203055861368
1658,2011-11-21,-0.009713377326128203
1659,2011-11-18,0.02610465199372669
1660,2011-11-17,0.03259190100146414
1661,2011-11-16,0.03672811533178466
1662,2011-11-15,-0.029332725909771984
1663,2011-11-14,-0.021147474610989647
1664,2011-11-11,0.012563730919598282
1665,2011-11-10,-0.07113973014064712
1666,2011-11-09,-0.014467379807524772
1667,2011-11-08,0.03061463581960666
1668,2011-11-07,-0.018064189506432182
1669,2011-11-04,0.032717608366656936
1670,2011-11-03,0.004631782250038352
1671,2011-11-02,-0.12276306795347258
1672,2011-11-01,0.005903819891652784
1673,2011-10-31,0.0168244311859036
1674,2011-10-28,0.016880887017489687
1675,2011-10-27,-0.03786909937517269
1676,2011-10-26,-0.027495563615510754
1677,2011-10-25,0.00960348835511482
1678,2011-10-24,0.01056347850956918
1679,2011-10-21,-0.018381570925322332
1680,2011-10-20,-0.024924533880893218
1681,2011-10-19,0.008377393739901873
1682,2011-10-18,0.027546009226828705
1683,2011-10-17,-0.03300156012836597
1684,2011-10-14,0.02271595783453728
1685,2011-10-13,-0.003929278139889636
1686,2011-10-12,-0.005023333132224472
1687,2011-10-11,-0.006857994754528196
1688,2011-10-10,0.009731559950259872
1689,2011-10-07,-0.03244315886240967
1690,2011-10-06,-0.0011121409858070308
1691,2011-10-05,-0.060786912432915674
1692,2011-10-04,-0.0697815150609502
1693,2011-10-03,0.0029542118974315024
1694,2011-09-30,0.027433141780156767
1695,2011-09-29,-0.01113184036884407
1696,2011-09-28,0.01929848436911641
1697,2011-09-27,0.06303780229151945
1698,2011-09-26,-0.025915200043031383
1699,2011-09-23,0.03314368881257934
1700,2011-09-22,-0.02884260691318863
1701,2011-09-21,0.008547060578458332
1702,2011-09-20,0.006170478506121846
1703,2011-09-19,-0.009270054796286509
1704,2011-09-16,0.0011634672632983012
1705,2011-09-15,-0.03872471215111073
1706,2011-09-14,-0.019528692217079868
1707,2011-09-13,-0.010739467118761059
1708,2011-09-12,-0.05111845392902303
1709,2011-09-09,0.003925850189409719
1710,2011-09-08,0.027481334396414425
1711,2011-09-07,0.009694491099727642
1712,2011-09-06,-0.03848273049592432
1713,2011-09-02,0.005650960484437473
1714,2011-09-01,0.03952075816228362
1715,2011-08-31,0.03036753661639624
1716,2011-08-30,-0.004456154831895542
1717,2011-08-29,0.003242807868072184
1718,2011-08-26,-0.040467949552846605
1719,2011-08-25,-0.02647464616138251
1720,2011-08-24,0.03235701606444907
1721,2011-08-23,-0.0388688688993728
1722,2011-08-22,-0.04498643193018559
1723,2011-08-19,0.01581953894489274
1724,2011-08-18,0.08424222504983137
1725,2011-08-17,0.06270770359184485
1726,2011-08-16,0.01039870722089864
1727,2011-08-15,0.004968479550134575
1728,2011-08-12,0.003045301173418835
1729,2011-08-11,-0.03914469931872677
1730,2011-08-10,-0.06027883180632054
1731,2011-08-09,0.050747385540768075
1732,2011-08-08,-0.05833275693002449
1733,2011-08-05,0.02506396866321614
1734,2011-08-04,0.02082132781358581
1735,2011-08-03,0.09439148428725197
1736,2011-08-02,0.005133857993852242
1737,2011-08-01,0.05098234626765308
1738,2011-07-29,-0.021075595675175585
1739,2011-07-28,0.0
1740,2011-07-27,-0.01899358298881193
1741,2011-07-26,0.01294051127573459
1742,2011-07-25,0.017348638334612865
1743,2011-07-22,0.02769301232982535
1744,2011-07-21,-0.020349038074066517
1745,2011-07-20,-0.00034849277230186715
1746,2011-07-19,-0.028280428353876008
1747,2011-07-18,-0.023948894953729205
1748,2011-07-15,0.012771565679487118
1749,2011-07-14,0.0010871535769076957
1750,2011-07-13,0.03662631615038148
1751,2011-07-12,-0.01654676020416357
1752,2011-07-11,0.006369448285480139
1753,2011-07-08,0.01609551892267591
1754,2011-07-07,0.031434087913569275
1755,2011-07-06,-0.02624106949249061
1756,2011-07-05,0.006196233249542882
1757,2011-07-01,-0.004126553311016856
1758,2011-06-30,0.0037833235153015288
1759,2011-06-29,-0.029260185657867588
1760,2011-06-28,-0.006383000395035143
1761,2011-06-27,-0.023394984578615663
1762,2011-06-24,0.003816451701821766
1763,2011-06-23,0.00524650683324035
1764,2011-06-22,-0.018208806079732298
1765,2011-06-21,0.0116917663593612
1766,2011-06-20,-0.056795239693955946
1767,2011-06-17,0.018663653531616475
1768,2011-06-16,0.0
1769,2011-06-15,0.030474301710412544
1770,2011-06-14,0.04578768312321779
1771,2011-06-13,-0.005961792162898494
1772,2011-06-10,-0.020252957311248654
1773,2011-06-09,-0.008651820370513708
1774,2011-06-08,-0.018268684908951283
1775,2011-06-07,0.0450607857485652
1776,2011-06-06,0.011564873944815535
1777,2011-06-03,0.048624230376634436
1778,2011-06-02,-0.04653582028936398
1779,2011-06-01,-0.008485132180350963
1780,2011-05-31,0.055352792525854344
1781,2011-05-27,-0.01976944934624214
1782,2011-05-26,-0.002371676530971367
1783,2011-05-25,-0.017106130428599542
1784,2011-05-24,-0.0811935882240915
1785,2011-05-23,0.0037355291850875716
1786,2011-05-20,0.04198462936033609
1787,2011-05-19,0.008189470730199488
1788,2011-05-18,-0.06785370295669635
1789,2011-05-17,-0.014911383151482216
1790,2011-05-16,0.02435432395176429
1791,2011-05-13,0.035091319811269894
1792,2011-05-12,0.0043462581999111904
1793,2011-05-11,-0.021922690172624826
1794,2011-05-10,0.04549521021621539
1795,2011-05-09,-0.014936266294194311
1796,2011-05-06,-0.028713584476036225
1797,2011-05-05,-0.025393448088709025
1798,2011-05-04,0.009410948432947208
1799,2011-05-03,0.006721459210966785
1800,2011-05-02,0.021355745328139886
1801,2011-04-29,0.005449604767564953
1802,2011-04-28,0.002171553513507618
1803,2011-04-27,-0.021191878192538205
1804,2011-04-26,-0.0055545412205666445
1805,2011-04-25,-0.020255756308274808
1806,2011-04-21,0.013175421158564404
1807,2011-04-20,-0.03772594456405187
1808,2011-04-19,-0.023179195277505116
1809,2011-04-18,-0.005180326388557255
1810,2011-04-15,0.021735690707013866
1811,2011-04-14,-0.017350592988595093
1812,2011-04-13,-0.008388305626635173
1813,2011-04-12,-0.011294997046767286
1814,2011-04-11,0.02484102091140361
1815,2011-04-08,0.04714938188387574
1816,2011-04-07,0.027919177997333122
1817,2011-04-06,-0.027919177997333122
1818,2011-04-05,0.007896262122225384
1819,2011-04-04,-0.03312695829845458
1820,2011-04-01,0.03162770764281353
1821,2011-03-31,0.04007152544188086
1822,2011-03-30,-0.1573389401151295
1823,2011-03-29,0.00881802900511719
1824,2011-03-28,-0.028409797049065766
1825,2011-03-25,-0.021739986636406083
1826,2011-03-24,-0.018634079544892934
1827,2011-03-23,-0.005388427945730356
1828,2011-03-22,-0.000900900961833706
1829,2011-03-21,0.024043900919949568
1830,2011-03-18,0.010067933586913824
1831,2011-03-17,-0.006554535155069097
1832,2011-03-16,0.0004383081376326814
1833,2011-03-15,0.005680592072624613
1834,2011-03-14,0.01298719552681149
1835,2011-03-11,0.03466111976161512
1836,2011-03-10,-0.0024958415618185903
1837,2011-03-09,0.029142222356327796
1838,2011-03-08,-0.0024301348532915767
1839,2011-03-07,0.011290442515692334
1840,2011-03-04,0.0004008819456369217
1841,2011-03-03,-0.02393137935583134
1842,2011-03-02,-0.014055626189858561
1843,2011-03-01,-0.0033361165220102684
1844,2011-02-28,-0.0020907387921091924
1845,2011-02-25,-0.011789610240296788
1846,2011-02-24,-0.04682259665326827
1847,2011-02-23,-0.03156258388230082
1848,2011-02-22,0.0018306641268241997
1849,2011-02-18,0.058174003222929205
1850,2011-02-17,0.017956874119958943
1851,2011-02-16,0.04677036950176028
1852,2011-02-15,-0.07950369674551538
1853,2011-02-14,0.010453056852089304
1854,2011-02-11,0.007338690393466685
1855,2011-02-10,-0.0015065105614806562
1856,2011-02-09,-0.0002154011855393101
1857,2011-02-08,0.0536816506777309
1858,2011-02-07,-0.05973179877841428
1859,2011-02-04,0.016763771039667308
1860,2011-02-03,0.00722024797348686
1861,2011-02-02,0.01303360893101102
1862,2011-02-01,-0.0012539186595939
1863,2011-01-31,0.007915059026375904
1864,2011-01-28,-0.0037414302634473096
1865,2011-01-27,0.03720028368609052
1866,2011-01-26,-0.006845204904553093
1867,2011-01-25,-0.002832289977512392
1868,2011-01-24,-0.007728328073110635
1869,2011-01-21,-0.061033035136385916
1870,2011-01-20,-0.018397365139716015
1871,2011-01-19,0.06046857906040293
1872,2011-01-18,0.06485058230409191
1873,2011-01-14,0.004280995057275749
1874,2011-01-13,0.01808785122580847
1875,2011-01-12,0.02783180770855287
1876,2011-01-11,0.0
1877,2011-01-10,0.05379387452823359
1878,2011-01-07,-0.007408747947298622
1879,2011-01-06,-0.012829826732718264
1880,2011-01-05,-0.03838892145479056
1881,2011-01-04,-0.005981326243609697
1882,2011-01-03,-0.0018765252269572485
1883,2010-12-31,0.00037558685887528753
1884,2010-12-30,-0.004893666833664323
1885,2010-12-29,0.04537012663551021
1886,2010-12-28,-0.04877213331864594
1887,2010-12-27,-0.03314454936852451
1888,2010-12-23,0.1635947137014373
1889,2010-12-22,0.08103921996327568
1890,2010-12-21,-0.011404037908166575
1891,2010-12-20,-0.01751139181382788
1892,2010-12-17,-0.010783485401027804
1893,2010-12-16,-0.017693882873630606
1894,2010-12-15,-0.0400649512785618
1895,2010-12-14,-0.03681819610460613
1896,2010-12-13,0.0684085203921958
1897,2010-12-10,0.03125757937207396
1898,2010-12-09,0.016674918377000747
1899,2010-12-08,0.009934884571473734
1900,2010-12-07,-0.02534157196047948
1901,2010-12-06,-0.04041280490796151
1902,2010-12-03,0.03819234404322147
1903,2010-12-02,0.02694398583397639
1904,2010-12-01,0.05998799772144858
1905,2010-11-30,0.02813044270269538
1906,2010-11-29,-0.028712853901453173
1907,2010-11-26,0.028429768266158728
1908,2010-11-24,0.004237893049771291
1909,2010-11-23,-0.02570101485199716
1910,2010-11-22,-0.03443035395087879
1911,2010-11-19,-0.07489132818299771
1912,2010-11-18,-0.036140595503810324
1913,2010-11-17,-0.013472753468661836
1914,2010-11-16,0.006085211475546082
1915,2010-11-15,0.03737825567679831
1916,2010-11-12,-0.0316649146439687
1917,2010-11-11,-0.06239604575992441
1918,2010-11-10,0.04617947417067869
1919,2010-11-09,-0.17566799161386815
1920,2010-11-08,0.014110292564985194
1921,2010-11-05,-0.021854370394037037
1922,2010-11-04,0.018646669167267316
1923,2010-11-03,-0.1343349282242059
1924,2010-11-02,-0.02417597987603015
1925,2010-11-01,0.007501207231165541
1926,2010-10-29,0.019885048275112727
1927,2010-10-28,-0.030213778596496432
1928,2010-10-27,-0.009006934556784696
1929,2010-10-26,0.01699757636857102
1930,2010-10-25,-0.024166065847183393
1931,2010-10-22,-0.0062545308535284505
1932,2010-10-21,0.0014468292854252773
1933,2010-10-20,-0.004830927269665608
1934,2010-10-19,-0.029486165654463825
1935,2010-10-18,0.008937497427075947
1936,2010-10-15,0.015207553320758294
1937,2010-10-14,0.010172042176295193
1938,2010-10-13,-0.010172042176295193
1939,2010-10-12,-0.014713360081147542
1940,2010-10-11,0.0
1941,2010-10-08,0.009343564410265959
1942,2010-10-07,0.0
1943,2010-10-06,0.0014673516939498477
1944,2010-10-05,0.03174869831458027
1945,2010-10-04,-0.006174325005519066
1946,2010-10-01,-0.01875505803700639
1947,2010-09-30,-0.009511106937766467
1948,2010-09-29,0.0743529801177063
1949,2010-09-28,-0.026742026947669473
1950,2010-09-27,-0.04150369099696327
1951,2010-09-24,-0.021167415965812175
1952,2010-09-23,-0.027233150458358946
1953,2010-09-22,0.015724391957053996
1954,2010-09-21,0.04429858132429576
1955,2010-09-20,0.013628423725870142
1956,2010-09-17,-0.03997141043423724
1957,2010-09-16,0.034494554262737065
1958,2010-09-15,0.048471743533084144
1959,2010-09-14,-0.03991249013741438
1960,2010-09-13,-0.01912104144677862
1961,2010-09-10,-0.026903065425161632
1962,2010-09-09,0.02642032344137224
1963,2010-09-08,0.009132483563272231
1964,2010-09-07,-0.017374954470352755
1965,2010-09-03,0.024526355627978003
1966,2010-09-02,0.00047494657743918367
1967,2010-09-01,-0.029392624217018604
1968,2010-08-31,-0.04859458427442176
1969,2010-08-30,0.019822758349336222
1970,2010-08-27,-0.008592420819782731
1971,2010-08-26,0.002534855603188113
1972,2010-08-25,0.007566240383316103
1973,2010-08-24,-0.035809452696710764
1974,2010-08-23,0.04730096061796418
1975,2010-08-20,-0.052522904599115794
1976,2010-08-19,-0.016363521627210442
1977,2010-08-18,-0.0010649628269563394
1978,2010-08-17,0.020042865028237156
1979,2010-08-16,-0.019510241846537824
1980,2010-08-13,-0.024799114534132638
1981,2010-08-12,-0.04009445720187799
1982,2010-08-11,0.016901810802602668
1983,2010-08-10,0.061215968461349135
1984,2010-08-09,0.02951288492841364
1985,2010-08-06,-0.0005103342800225619
1986,2010-08-05,0.04296365053236162
1987,2010-08-04,0.03884449042499094
1988,2010-08-03,0.031939766607378406
1989,2010-08-02,-0.048061500324457995
1990,2010-07-30,-0.04797787466302994
1991,2010-07-29,0.020353147354911894
1992,2010-07-28,0.01801850550267803
1993,2010-07-27,-0.008238476449038412
1994,2010-07-26,0.01927770542590279
1995,2010-07-23,0.016098832537241314
1996,2010-07-22,-0.013715041181964871
1997,2010-07-21,-0.03785022413109784
1998,2010-07-20,0.003948672455416524
1999,2010-07-19,0.07632226755963334
2000,2010-07-16,-0.05971221299401286
2001,2010-07-15,-0.03701384774748151
2002,2010-07-14,-0.002516991009153813
2003,2010-07-13,-0.08958065716973618
2004,2010-07-12,-0.06196924095746503
2005,2010-07-09,0.020320002490957556
2006,2010-07-08,0.003442344190972779
2007,2010-07-07,-0.09990261037853498
2008,2010-07-06,0.01943025715596214
2009,2010-07-02,0.1754700818448529
2010,2010-07-01,0.13431233760759387
2011,2010-06-30,0.08172267446932091
2012,2010-06-29,0.002514670227067306
