,Timestamp,TSLA
0,2010-06-29,23.89
1,2010-06-30,23.83
2,2010-07-01,21.96
3,2010-07-02,19.2
4,2010-07-06,16.11
5,2010-07-07,15.8
6,2010-07-08,17.46
7,2010-07-09,17.4
8,2010-07-12,17.05
9,2010-07-13,18.14
10,2010-07-14,19.84
11,2010-07-15,19.89
12,2010-07-16,20.64
13,2010-07-19,21.91
14,2010-07-20,20.3
15,2010-07-21,20.22
16,2010-07-22,21.0
17,2010-07-23,21.29
18,2010-07-26,20.95
19,2010-07-27,20.55
20,2010-07-28,20.72
21,2010-07-29,20.35
22,2010-07-30,19.94
23,2010-08-02,20.92
24,2010-08-03,21.95
25,2010-08-04,21.26
26,2010-08-05,20.45
27,2010-08-06,19.59
28,2010-08-09,19.6
29,2010-08-10,19.03
30,2010-08-11,17.9
31,2010-08-12,17.6
32,2010-08-13,18.32
33,2010-08-16,18.78
34,2010-08-17,19.15
35,2010-08-18,18.77
36,2010-08-19,18.79
37,2010-08-20,19.1
38,2010-08-23,20.13
39,2010-08-24,19.2
40,2010-08-25,19.9
41,2010-08-26,19.75
42,2010-08-27,19.7
43,2010-08-30,19.87
44,2010-08-31,19.48
45,2010-09-01,20.45
46,2010-09-02,21.06
47,2010-09-03,21.05
48,2010-09-07,20.54
49,2010-09-08,20.9
50,2010-09-09,20.71
51,2010-09-10,20.17
52,2010-09-13,20.72
53,2010-09-14,21.12
54,2010-09-15,21.98
55,2010-09-16,20.94
56,2010-09-17,20.23
57,2010-09-20,21.055
58,2010-09-21,20.77
59,2010-09-22,19.87
60,2010-09-23,19.56
61,2010-09-24,20.1
62,2010-09-27,20.53
63,2010-09-28,21.4
64,2010-09-29,21.98
65,2010-09-30,20.405
66,2010-10-01,20.6
67,2010-10-04,20.99
68,2010-10-05,21.12
69,2010-10-06,20.46
70,2010-10-07,20.43
71,2010-10-08,20.43
72,2010-10-11,20.24
73,2010-10-12,20.24
74,2010-10-13,20.54
75,2010-10-14,20.75
76,2010-10-15,20.54
77,2010-10-18,20.23
78,2010-10-19,20.05
79,2010-10-20,20.65
80,2010-10-21,20.75
81,2010-10-22,20.72
82,2010-10-25,20.85
83,2010-10-26,21.36
84,2010-10-27,21.0
85,2010-10-28,21.19
86,2010-10-29,21.84
87,2010-11-01,21.41
88,2010-11-02,21.25
89,2010-11-03,21.77
90,2010-11-04,24.9
91,2010-11-05,24.44
92,2010-11-08,24.98
93,2010-11-09,24.63
94,2010-11-10,29.36
95,2010-11-11,28.035
96,2010-11-12,29.84
97,2010-11-15,30.8
98,2010-11-16,29.67
99,2010-11-17,29.49
100,2010-11-18,29.89
101,2010-11-19,30.99
102,2010-11-22,33.4
103,2010-11-23,34.57
104,2010-11-24,35.47
105,2010-11-26,35.32
106,2010-11-29,34.33
107,2010-11-30,35.33
108,2010-12-01,34.35
109,2010-12-02,32.35
110,2010-12-03,31.49
111,2010-12-06,30.31
112,2010-12-07,31.56
113,2010-12-08,32.37
114,2010-12-09,32.05
115,2010-12-10,31.52
116,2010-12-13,30.55
117,2010-12-14,28.53
118,2010-12-15,29.6
119,2010-12-16,30.81
120,2010-12-17,31.36
121,2010-12-20,31.7
122,2010-12-21,32.26
123,2010-12-22,32.63
124,2010-12-23,30.09
125,2010-12-27,25.549
126,2010-12-28,26.41
127,2010-12-29,27.73
128,2010-12-30,26.5
129,2010-12-31,26.63
130,2011-01-03,26.62
131,2011-01-04,26.67
132,2011-01-05,26.83
133,2011-01-06,27.88
134,2011-01-07,28.24
135,2011-01-10,28.45
136,2011-01-11,26.96
137,2011-01-12,26.96
138,2011-01-13,26.22
139,2011-01-14,25.75
140,2011-01-18,25.64
141,2011-01-19,24.03
142,2011-01-20,22.62
143,2011-01-21,23.04
144,2011-01-24,24.49
145,2011-01-25,24.68
146,2011-01-26,24.75
147,2011-01-27,24.92
148,2011-01-28,24.01
149,2011-01-31,24.1
150,2011-02-01,23.91
151,2011-02-02,23.94
152,2011-02-03,23.63
153,2011-02-04,23.46
154,2011-02-07,23.07
155,2011-02-08,24.49
156,2011-02-09,23.21
157,2011-02-10,23.215
158,2011-02-11,23.25
159,2011-02-14,23.08
160,2011-02-15,22.84
161,2011-02-16,24.73
162,2011-02-17,23.6
163,2011-02-18,23.18
164,2011-02-22,21.87
165,2011-02-23,21.83
166,2011-02-24,22.53
167,2011-02-25,23.61
168,2011-02-28,23.89
169,2011-03-01,23.94
170,2011-03-02,24.02
171,2011-03-03,24.36
172,2011-03-04,24.95
173,2011-03-07,24.94
174,2011-03-08,24.66
175,2011-03-09,24.72
176,2011-03-10,24.01
177,2011-03-11,24.07
178,2011-03-14,23.25
179,2011-03-15,22.95
180,2011-03-16,22.82
181,2011-03-17,22.81
182,2011-03-18,22.96
183,2011-03-21,22.73
184,2011-03-22,22.19
185,2011-03-23,22.21
186,2011-03-24,22.33
187,2011-03-25,22.75
188,2011-03-28,23.25
189,2011-03-29,23.92
190,2011-03-30,23.71
191,2011-03-31,27.75
192,2011-04-01,26.66
193,2011-04-04,25.83
194,2011-04-05,26.7
195,2011-04-06,26.49
196,2011-04-07,27.24
197,2011-04-08,26.49
198,2011-04-11,25.27
199,2011-04-12,24.65
200,2011-04-13,24.93
201,2011-04-14,25.14
202,2011-04-15,25.58
203,2011-04-18,25.03
204,2011-04-19,25.16
205,2011-04-20,25.75
206,2011-04-21,26.74
207,2011-04-25,26.39
208,2011-04-26,26.93
209,2011-04-27,27.08
210,2011-04-28,27.66
211,2011-04-29,27.6
212,2011-05-02,27.45
213,2011-05-03,26.87
214,2011-05-04,26.69
215,2011-05-05,26.44
216,2011-05-06,27.12
217,2011-05-09,27.91
218,2011-05-10,28.33
219,2011-05-11,27.07
220,2011-05-12,27.67
221,2011-05-13,27.55
222,2011-05-16,26.6
223,2011-05-17,25.96
224,2011-05-18,26.35
225,2011-05-19,28.2
226,2011-05-20,27.97
227,2011-05-23,26.82
228,2011-05-24,26.72
229,2011-05-25,28.98
230,2011-05-26,29.48
231,2011-05-27,29.55
232,2011-05-31,30.14
233,2011-06-01,28.517
234,2011-06-02,28.76
235,2011-06-03,30.13
236,2011-06-06,28.7
237,2011-06-07,28.37
238,2011-06-08,27.12
239,2011-06-09,27.62
240,2011-06-10,27.86
241,2011-06-13,28.43
242,2011-06-14,28.6
243,2011-06-15,27.32
244,2011-06-16,26.5
245,2011-06-17,26.5
246,2011-06-20,26.01
247,2011-06-21,27.53
248,2011-06-22,27.21
249,2011-06-23,27.71
250,2011-06-24,27.565
251,2011-06-27,27.46
252,2011-06-28,28.11
253,2011-06-29,28.29
254,2011-06-30,29.13
255,2011-07-01,29.02
256,2011-07-05,29.14
257,2011-07-06,28.96
258,2011-07-07,29.73
259,2011-07-08,28.81
260,2011-07-11,28.35
261,2011-07-12,28.17
262,2011-07-13,28.64
263,2011-07-14,27.61
264,2011-07-15,27.58
265,2011-07-18,27.23
266,2011-07-19,27.89
267,2011-07-20,28.69
268,2011-07-21,28.7
269,2011-07-22,29.29
270,2011-07-25,28.49
271,2011-07-26,28.0
272,2011-07-27,27.64
273,2011-07-28,28.17
274,2011-07-29,28.17
275,2011-08-01,28.77
276,2011-08-02,27.34
277,2011-08-03,27.2
278,2011-08-04,24.75
279,2011-08-05,24.24
280,2011-08-08,23.64
281,2011-08-09,25.06
282,2011-08-10,23.82
283,2011-08-11,25.3
284,2011-08-12,26.31
285,2011-08-15,26.23
286,2011-08-16,26.1
287,2011-08-17,25.83
288,2011-08-18,24.26
289,2011-08-19,22.3
290,2011-08-22,21.95
291,2011-08-23,22.96
292,2011-08-24,23.87
293,2011-08-25,23.11
294,2011-08-26,23.73
295,2011-08-29,24.71
296,2011-08-30,24.63
297,2011-08-31,24.74
298,2011-09-01,24.0
299,2011-09-02,23.07
300,2011-09-06,22.94
301,2011-09-07,23.84
302,2011-09-08,23.61
303,2011-09-09,22.97
304,2011-09-12,22.88
305,2011-09-13,24.08
306,2011-09-14,24.34
307,2011-09-15,24.82
308,2011-09-16,25.8
309,2011-09-19,25.77
310,2011-09-20,26.01
311,2011-09-21,25.85
312,2011-09-22,25.63
313,2011-09-23,26.38
314,2011-09-26,25.52
315,2011-09-27,26.19
316,2011-09-28,24.59
317,2011-09-29,24.12
318,2011-09-30,24.39
319,2011-10-03,23.73
320,2011-10-04,23.66
321,2011-10-05,25.37
322,2011-10-06,26.96
323,2011-10-07,26.99
324,2011-10-10,27.88
325,2011-10-11,27.61
326,2011-10-12,27.8
327,2011-10-13,27.94
328,2011-10-14,28.05
329,2011-10-17,27.42
330,2011-10-18,28.34
331,2011-10-19,27.57
332,2011-10-20,27.34
333,2011-10-21,28.03
334,2011-10-24,28.55
335,2011-10-25,28.25
336,2011-10-26,27.98
337,2011-10-27,28.76
338,2011-10-28,29.87
339,2011-10-31,29.37
340,2011-11-01,28.88
341,2011-11-02,28.71
342,2011-11-03,32.46
343,2011-11-04,32.31
344,2011-11-07,31.27
345,2011-11-08,31.84
346,2011-11-09,30.88
347,2011-11-10,31.33
348,2011-11-11,33.64
349,2011-11-14,33.22
350,2011-11-15,33.93
351,2011-11-16,34.94
352,2011-11-17,33.68
353,2011-11-18,32.6
354,2011-11-21,31.76
355,2011-11-22,32.07
356,2011-11-23,31.45
357,2011-11-25,31.66
358,2011-11-28,32.56
359,2011-11-29,31.75
360,2011-11-30,32.74
361,2011-12-01,32.6
362,2011-12-02,33.3
363,2011-12-05,34.42
364,2011-12-06,34.87
365,2011-12-07,34.19
366,2011-12-08,30.89
367,2011-12-09,31.04
368,2011-12-12,30.41
369,2011-12-13,29.45
370,2011-12-14,28.53
371,2011-12-15,28.62
372,2011-12-16,28.0
373,2011-12-19,27.75
374,2011-12-20,27.9
375,2011-12-21,27.57
376,2011-12-22,27.77
377,2011-12-23,27.9
378,2011-12-27,28.57
379,2011-12-28,28.51
380,2011-12-29,28.73
381,2011-12-30,28.56
382,2012-01-03,28.08
383,2012-01-04,27.71
384,2012-01-05,27.12
385,2012-01-06,26.91
386,2012-01-09,27.25
387,2012-01-10,27.62
388,2012-01-11,28.23
389,2012-01-12,28.25
390,2012-01-13,22.79
391,2012-01-17,26.6
392,2012-01-18,26.81
393,2012-01-19,26.76
394,2012-01-20,26.6
395,2012-01-23,26.77
396,2012-01-24,27.42
397,2012-01-25,27.97
398,2012-01-26,28.94
399,2012-01-27,29.33
400,2012-01-30,29.57
401,2012-01-31,29.07
402,2012-02-01,29.58
403,2012-02-02,30.25
404,2012-02-03,31.15
405,2012-02-06,31.8
406,2012-02-07,31.6
407,2012-02-08,31.93
408,2012-02-09,32.58
409,2012-02-10,31.1
410,2012-02-13,31.49
411,2012-02-14,33.17
412,2012-02-15,33.6
413,2012-02-16,34.18
414,2012-02-17,34.97
415,2012-02-21,34.5
416,2012-02-22,34.22
417,2012-02-23,34.53
418,2012-02-24,33.75
419,2012-02-27,33.62
420,2012-02-28,33.81
421,2012-02-29,33.41
422,2012-03-01,34.41
423,2012-03-02,34.04
424,2012-03-05,33.77
425,2012-03-06,33.11
426,2012-03-07,33.12
427,2012-03-08,33.07
428,2012-03-09,34.74
429,2012-03-12,36.01
430,2012-03-13,36.09
431,2012-03-14,35.29
432,2012-03-15,35.0
433,2012-03-16,35.32
434,2012-03-19,34.98
435,2012-03-20,34.96
436,2012-03-21,35.15
437,2012-03-22,34.4
438,2012-03-23,34.08
439,2012-03-26,37.4
440,2012-03-27,37.94
441,2012-03-28,37.85
442,2012-03-29,37.33
443,2012-03-30,37.24
444,2012-04-02,36.58
445,2012-04-03,38.01
446,2012-04-04,35.0
447,2012-04-05,34.48
448,2012-04-09,33.15
449,2012-04-10,32.46
450,2012-04-11,33.09
451,2012-04-12,33.44
452,2012-04-13,33.59
453,2012-04-16,32.25
454,2012-04-17,32.24
455,2012-04-18,32.66
456,2012-04-19,33.16
457,2012-04-20,33.16
458,2012-04-23,31.94
459,2012-04-24,31.82
460,2012-04-25,32.91
461,2012-04-26,33.49
462,2012-04-27,33.34
463,2012-04-30,33.13
464,2012-05-01,33.78
465,2012-05-02,33.94
466,2012-05-03,32.46
467,2012-05-04,31.83
468,2012-05-07,32.47
469,2012-05-08,30.19
470,2012-05-09,30.06
471,2012-05-10,32.96
472,2012-05-11,32.25
473,2012-05-14,30.06
474,2012-05-15,29.43
475,2012-05-16,29.18
476,2012-05-17,28.57
477,2012-05-18,27.56
478,2012-05-21,28.77
479,2012-05-22,30.79
480,2012-05-23,31.02
481,2012-05-24,30.32
482,2012-05-25,29.81
483,2012-05-29,31.69
484,2012-05-30,30.41
485,2012-05-31,29.5
486,2012-06-01,28.15
487,2012-06-04,27.88
488,2012-06-05,27.91
489,2012-06-06,29.22
490,2012-06-07,28.93
491,2012-06-08,30.08
492,2012-06-11,29.12
493,2012-06-12,29.66
494,2012-06-13,29.77
495,2012-06-14,29.39
496,2012-06-15,29.91
497,2012-06-18,31.84
498,2012-06-19,32.09
499,2012-06-20,33.78
500,2012-06-21,32.19
501,2012-06-22,33.785
502,2012-06-25,33.11
503,2012-06-26,31.61
504,2012-06-27,31.96
505,2012-06-28,31.41
506,2012-06-29,31.29
507,2012-07-02,30.4
508,2012-07-03,30.66
509,2012-07-05,31.23
510,2012-07-06,30.99
511,2012-07-09,31.49
512,2012-07-10,31.27
513,2012-07-11,31.51
514,2012-07-12,32.7
515,2012-07-13,34.25
516,2012-07-16,35.96
517,2012-07-17,33.35
518,2012-07-18,32.15
519,2012-07-19,32.27
520,2012-07-20,31.79
521,2012-07-23,30.66
522,2012-07-24,29.84
523,2012-07-25,28.95
524,2012-07-26,28.13
525,2012-07-27,29.51
526,2012-07-30,27.35
527,2012-07-31,27.42
528,2012-08-01,26.25
529,2012-08-02,26.1
530,2012-08-03,27.27
531,2012-08-06,28.27
532,2012-08-07,30.25
533,2012-08-08,29.09
534,2012-08-09,29.41
535,2012-08-10,29.94
536,2012-08-13,31.17
537,2012-08-14,29.42
538,2012-08-15,29.4
539,2012-08-16,30.3
540,2012-08-17,30.01
541,2012-08-20,29.51
542,2012-08-21,29.11
543,2012-08-22,29.95
544,2012-08-23,30.73
545,2012-08-24,29.5
546,2012-08-27,28.32
547,2012-08-28,28.69
548,2012-08-29,28.41
549,2012-08-30,28.41
550,2012-08-31,28.52
551,2012-09-04,28.14
552,2012-09-05,27.94
553,2012-09-06,28.55
554,2012-09-07,29.35
555,2012-09-10,27.37
556,2012-09-11,27.8
557,2012-09-12,28.28
558,2012-09-13,29.48
559,2012-09-14,30.39
560,2012-09-17,32.54
561,2012-09-18,31.34
562,2012-09-19,31.05
563,2012-09-20,30.9
564,2012-09-21,30.02
565,2012-09-24,30.66
566,2012-09-25,27.66
567,2012-09-26,27.54
568,2012-09-27,28.49
569,2012-09-28,29.28
570,2012-10-01,29.16
571,2012-10-02,29.8
572,2012-10-03,29.3
573,2012-10-04,29.4
574,2012-10-05,28.89
575,2012-10-08,29.25
576,2012-10-09,28.37
577,2012-10-10,28.4
578,2012-10-11,28.32
579,2012-10-12,27.64
580,2012-10-15,27.33
581,2012-10-16,28.06
582,2012-10-17,28.8191
583,2012-10-18,28.04
584,2012-10-19,27.74
585,2012-10-22,27.85
586,2012-10-23,28.39
587,2012-10-24,27.42
588,2012-10-25,27.52
589,2012-10-26,27.38
590,2012-10-31,28.1314
591,2012-11-01,29.2454
592,2012-11-02,28.9182
593,2012-11-05,31.5
594,2012-11-06,31.15
595,2012-11-07,31.54
596,2012-11-08,31.31
597,2012-11-09,30.32
598,2012-11-12,31.07
599,2012-11-13,31.6143
600,2012-11-14,31.38
601,2012-11-15,30.82
602,2012-11-16,31.8399
603,2012-11-19,32.92
604,2012-11-20,33.0
605,2012-11-21,32.47
606,2012-11-23,32.13
607,2012-11-26,32.27
608,2012-11-27,32.15
609,2012-11-28,33.23
610,2012-11-29,33.69
611,2012-11-30,33.82
612,2012-12-03,34.62
613,2012-12-04,33.9
614,2012-12-05,33.71
615,2012-12-06,33.9
616,2012-12-07,34.17
617,2012-12-10,34.57
618,2012-12-11,35.28
619,2012-12-12,35.26
620,2012-12-13,33.61
621,2012-12-14,33.81
622,2012-12-17,34.4
623,2012-12-18,34.59
624,2012-12-19,34.61
625,2012-12-20,34.43
626,2012-12-21,34.0
627,2012-12-24,34.28
628,2012-12-26,33.59
629,2012-12-27,33.69
630,2012-12-28,33.22
631,2012-12-31,33.87
632,2013-01-02,35.36
633,2013-01-03,34.77
634,2013-01-04,34.4
635,2013-01-07,34.34
636,2013-01-08,33.68
637,2013-01-09,33.64
638,2013-01-10,33.53
639,2013-01-11,32.91
640,2013-01-14,33.26
641,2013-01-15,33.9
642,2013-01-16,34.1
643,2013-01-17,34.38
644,2013-01-18,34.52
645,2013-01-22,35.19
646,2013-01-23,36.0
647,2013-01-24,36.99
648,2013-01-25,36.98
649,2013-01-28,38.03
650,2013-01-29,37.95
651,2013-01-30,37.52
652,2013-01-31,37.51
653,2013-02-01,38.3
654,2013-02-04,37.74
655,2013-02-05,38.13
656,2013-02-06,39.17
657,2013-02-07,39.48
658,2013-02-08,39.24
659,2013-02-11,38.42
660,2013-02-12,37.89
661,2013-02-13,38.45
662,2013-02-14,38.3
663,2013-02-15,37.04
664,2013-02-19,39.28
665,2013-02-20,38.54
666,2013-02-21,35.16
667,2013-02-22,36.11
668,2013-02-25,34.38
669,2013-02-26,34.43
670,2013-02-27,35.1
671,2013-02-28,34.83
672,2013-03-01,34.65
673,2013-03-04,35.58
674,2013-03-05,36.65
675,2013-03-06,37.69
676,2013-03-07,38.23
677,2013-03-08,38.47
678,2013-03-11,39.1
679,2013-03-12,39.12
680,2013-03-13,38.98
681,2013-03-14,36.85
682,2013-03-15,35.29
683,2013-03-18,35.15
684,2013-03-19,35.08
685,2013-03-20,35.95
686,2013-03-21,36.01
687,2013-03-22,36.62
688,2013-03-25,37.53
689,2013-03-26,37.86
690,2013-03-27,38.16
691,2013-03-28,37.89
692,2013-04-01,43.93
693,2013-04-02,44.34
694,2013-04-03,41.1
695,2013-04-04,42.01
696,2013-04-05,41.37
697,2013-04-08,41.83
698,2013-04-09,40.5
699,2013-04-10,41.86
700,2013-04-11,43.59
701,2013-04-12,43.75
702,2013-04-15,43.3
703,2013-04-16,45.59
704,2013-04-17,45.45
705,2013-04-18,46.97
706,2013-04-19,47.83
707,2013-04-22,50.19
708,2013-04-23,51.01
709,2013-04-24,50.43
710,2013-04-25,52.0
711,2013-04-26,51.2
712,2013-04-29,54.94
713,2013-04-30,53.99
714,2013-05-01,53.28
715,2013-05-02,54.11
716,2013-05-03,54.55
717,2013-05-06,59.5
718,2013-05-07,55.51
719,2013-05-08,55.7865
720,2013-05-09,69.4
721,2013-05-10,76.764
722,2013-05-13,87.8
723,2013-05-14,83.24
724,2013-05-15,84.842
725,2013-05-16,92.248
726,2013-05-17,91.5
727,2013-05-20,89.94
728,2013-05-21,87.59
729,2013-05-22,87.24
730,2013-05-23,92.73
731,2013-05-24,97.08
732,2013-05-28,110.334
733,2013-05-29,104.629
734,2013-05-30,104.95
735,2013-05-31,97.76
736,2013-06-03,92.59
737,2013-06-04,94.84
738,2013-06-05,95.37
739,2013-06-06,97.35
740,2013-06-07,102.04
741,2013-06-10,100.05
742,2013-06-11,94.47
743,2013-06-12,97.73
744,2013-06-13,98.18
745,2013-06-14,100.3
746,2013-06-17,102.2
747,2013-06-18,103.39
748,2013-06-19,104.68
749,2013-06-20,100.65
750,2013-06-21,99.55
751,2013-06-24,101.49
752,2013-06-25,102.4
753,2013-06-26,105.72
754,2013-06-27,109.25
755,2013-06-28,107.36
756,2013-07-01,117.179
757,2013-07-02,117.82
758,2013-07-03,115.24
759,2013-07-05,120.09
760,2013-07-08,121.61
761,2013-07-09,123.45
762,2013-07-10,122.27
763,2013-07-11,125.61
764,2013-07-12,129.9
765,2013-07-15,127.26
766,2013-07-16,109.05
767,2013-07-17,120.25
768,2013-07-18,119.03
769,2013-07-19,119.68
770,2013-07-22,122.43
771,2013-07-23,122.74
772,2013-07-24,121.7
773,2013-07-25,124.07
774,2013-07-26,129.39
775,2013-07-29,134.62
776,2013-07-30,131.74
777,2013-07-31,134.28
778,2013-08-01,135.55
779,2013-08-02,138.0
780,2013-08-05,144.68
781,2013-08-06,142.15
782,2013-08-07,134.23
783,2013-08-08,153.48
784,2013-08-09,153.0
785,2013-08-12,147.38
786,2013-08-13,145.43
787,2013-08-14,139.36
788,2013-08-15,139.67
789,2013-08-16,142.0
790,2013-08-19,144.9
791,2013-08-20,149.58
792,2013-08-21,147.86
793,2013-08-22,157.1
794,2013-08-23,161.839
795,2013-08-26,164.22
796,2013-08-27,167.01
797,2013-08-28,166.45
798,2013-08-29,166.06
799,2013-08-30,169.0
800,2013-09-03,168.94
801,2013-09-04,170.622
802,2013-09-05,169.93
803,2013-09-06,166.97
804,2013-09-09,160.7
805,2013-09-10,166.37
806,2013-09-11,163.52
807,2013-09-12,164.93
808,2013-09-13,165.54
809,2013-09-16,166.58
810,2013-09-17,166.23
811,2013-09-18,166.218
812,2013-09-19,177.92
813,2013-09-20,183.39
814,2013-09-23,181.11
815,2013-09-24,182.33
816,2013-09-25,185.238
817,2013-09-26,188.64
818,2013-09-27,190.9
819,2013-09-30,193.37
820,2013-10-01,193.0
821,2013-10-02,180.95
822,2013-10-03,173.31
823,2013-10-04,180.98
824,2013-10-07,183.07
825,2013-10-08,174.73
826,2013-10-09,168.78
827,2013-10-10,172.93
828,2013-10-11,178.7
829,2013-10-14,179.72
830,2013-10-15,183.94
831,2013-10-16,183.56
832,2013-10-17,182.802
833,2013-10-18,183.4
834,2013-10-21,172.6
835,2013-10-22,171.54
836,2013-10-23,164.5
837,2013-10-24,173.15
838,2013-10-25,169.66
839,2013-10-28,162.86
840,2013-10-29,164.47
841,2013-10-30,159.22
842,2013-10-31,159.94
843,2013-11-01,162.17
844,2013-11-04,175.2
845,2013-11-05,176.81
846,2013-11-06,151.16
847,2013-11-07,139.772
848,2013-11-08,137.95
849,2013-11-11,144.698
850,2013-11-12,137.8
851,2013-11-13,138.7
852,2013-11-14,137.6
853,2013-11-15,135.45
854,2013-11-18,121.58
855,2013-11-19,126.09
856,2013-11-20,121.11
857,2013-11-21,122.1
858,2013-11-22,121.38
859,2013-11-25,120.84
860,2013-11-26,120.5
861,2013-11-27,126.94
862,2013-11-29,127.28
863,2013-12-02,124.17
864,2013-12-03,144.7
865,2013-12-04,138.95
866,2013-12-05,140.48
867,2013-12-06,137.36
868,2013-12-09,141.6
869,2013-12-10,142.19
870,2013-12-11,139.65
871,2013-12-12,147.47
872,2013-12-13,147.654
873,2013-12-16,147.94
874,2013-12-17,152.46
875,2013-12-18,147.98
876,2013-12-19,140.72
877,2013-12-20,143.24
878,2013-12-23,143.55
879,2013-12-24,151.41
880,2013-12-26,155.5
881,2013-12-27,151.12
882,2013-12-30,152.44
883,2013-12-31,150.429
884,2014-01-02,150.1
885,2014-01-03,149.56
886,2014-01-06,147.0
887,2014-01-07,149.36
888,2014-01-08,151.28
889,2014-01-09,147.53
890,2014-01-10,145.7199
891,2014-01-13,139.34
892,2014-01-14,161.27
893,2014-01-15,164.13
894,2014-01-16,170.97
895,2014-01-17,170.01
896,2014-01-21,176.68
897,2014-01-22,178.56
898,2014-01-23,181.5
899,2014-01-24,174.6
900,2014-01-27,169.62
901,2014-01-28,178.38
902,2014-01-29,175.23
903,2014-01-30,182.84
904,2014-01-31,181.41
905,2014-02-03,177.11
906,2014-02-04,178.73
907,2014-02-05,174.42
908,2014-02-06,178.38
909,2014-02-07,186.53
910,2014-02-10,196.56
911,2014-02-11,196.62
912,2014-02-12,195.32
913,2014-02-13,199.63
914,2014-02-14,198.23
915,2014-02-18,203.7
916,2014-02-19,193.64
917,2014-02-20,209.97
918,2014-02-21,209.6
919,2014-02-24,217.65
920,2014-02-25,248.0
921,2014-02-26,253.0
922,2014-02-27,252.54
923,2014-02-28,244.81
924,2014-03-03,250.56
925,2014-03-04,254.84
926,2014-03-05,252.66
927,2014-03-06,252.94
928,2014-03-07,246.21
929,2014-03-10,238.84
930,2014-03-11,234.41
931,2014-03-12,241.49
932,2014-03-13,237.79
933,2014-03-14,230.97
934,2014-03-17,233.98
935,2014-03-18,240.04
936,2014-03-19,235.84
937,2014-03-20,234.91
938,2014-03-21,228.89
939,2014-03-24,220.17
940,2014-03-25,220.44
941,2014-03-26,212.96
942,2014-03-27,207.32
943,2014-03-28,212.37
944,2014-03-31,208.45
945,2014-04-01,216.97
946,2014-04-02,230.29
947,2014-04-03,225.4
948,2014-04-04,212.225
949,2014-04-07,207.52
950,2014-04-08,215.46
951,2014-04-09,216.93
952,2014-04-10,204.19
953,2014-04-11,203.78
954,2014-04-14,198.09
955,2014-04-15,193.91
956,2014-04-16,199.11
957,2014-04-17,198.12
958,2014-04-21,204.38
959,2014-04-22,218.64
960,2014-04-23,207.99
961,2014-04-24,207.86
962,2014-04-25,199.85
963,2014-04-28,198.51
964,2014-04-29,206.92
965,2014-04-30,207.89
966,2014-05-01,207.73
967,2014-05-02,210.91
968,2014-05-05,216.61
969,2014-05-06,207.28
970,2014-05-07,201.35
971,2014-05-08,178.59
972,2014-05-09,182.26
973,2014-05-12,184.67
974,2014-05-13,190.16
975,2014-05-14,190.62
976,2014-05-15,188.59
977,2014-05-16,191.56
978,2014-05-19,196.09
979,2014-05-20,195.3
980,2014-05-21,199.45
981,2014-05-22,204.88
982,2014-05-23,207.3
983,2014-05-27,211.56
984,2014-05-28,210.24
985,2014-05-29,210.24
986,2014-05-30,207.77
987,2014-06-02,204.7
988,2014-06-03,204.94
989,2014-06-04,203.99
990,2014-06-05,206.9
991,2014-06-06,208.171
992,2014-06-09,205.31
993,2014-06-10,202.3
994,2014-06-11,204.47
995,2014-06-12,203.52
996,2014-06-13,206.42
997,2014-06-16,224.61
998,2014-06-17,231.67
999,2014-06-18,227.12
1000,2014-06-19,227.79
1001,2014-06-20,229.59
1002,2014-06-23,237.22
1003,2014-06-24,232.5
1004,2014-06-25,236.891
1005,2014-06-26,235.6
1006,2014-06-27,239.06
1007,2014-06-30,240.06
1008,2014-07-01,239.72
1009,2014-07-02,229.425
1010,2014-07-03,229.25
1011,2014-07-07,222.66
1012,2014-07-08,219.07
1013,2014-07-09,223.06
1014,2014-07-10,219.46
1015,2014-07-11,218.13
1016,2014-07-14,226.7
1017,2014-07-15,219.58
1018,2014-07-16,217.16
1019,2014-07-17,215.4
1020,2014-07-18,220.0201
1021,2014-07-21,220.54
1022,2014-07-22,219.58
1023,2014-07-23,222.49
1024,2014-07-24,223.54
1025,2014-07-25,223.57
1026,2014-07-28,224.82
1027,2014-07-29,225.01
1028,2014-07-30,228.92
1029,2014-07-31,223.3
1030,2014-08-01,233.27
1031,2014-08-04,238.52
1032,2014-08-05,238.49
1033,2014-08-06,248.9301
1034,2014-08-07,252.39
1035,2014-08-08,248.13
1036,2014-08-11,259.32
1037,2014-08-12,259.96
1038,2014-08-13,260.31
1039,2014-08-14,261.38
1040,2014-08-15,262.01
1041,2014-08-18,259.94
1042,2014-08-19,256.76
1043,2014-08-20,255.71
1044,2014-08-21,254.34
1045,2014-08-22,256.78
1046,2014-08-25,262.55
1047,2014-08-26,261.74
1048,2014-08-27,263.25
1049,2014-08-28,263.86
1050,2014-08-29,269.7
1051,2014-09-02,284.12
1052,2014-09-03,281.19
1053,2014-09-04,286.04
1054,2014-09-05,277.39
1055,2014-09-08,282.11
1056,2014-09-09,278.48
1057,2014-09-10,281.1
1058,2014-09-11,280.31
1059,2014-09-12,279.2
1060,2014-09-15,253.86
1061,2014-09-16,260.74
1062,2014-09-17,261.38
1063,2014-09-18,263.82
1064,2014-09-19,259.32
1065,2014-09-22,250.03
1066,2014-09-23,250.41
1067,2014-09-24,252.14
1068,2014-09-25,246.95
1069,2014-09-26,246.6
1070,2014-09-29,245.26
1071,2014-09-30,242.68
1072,2014-10-01,240.24
1073,2014-10-02,251.42
1074,2014-10-03,255.21
1075,2014-10-06,260.62
1076,2014-10-07,259.57
1077,2014-10-08,259.28
1078,2014-10-09,257.01
1079,2014-10-10,236.91
1080,2014-10-13,224.59
1081,2014-10-14,227.06
1082,2014-10-15,229.7
1083,2014-10-16,226.35
1084,2014-10-17,227.48
1085,2014-10-20,230.47
1086,2014-10-21,235.34
1087,2014-10-22,231.1
1088,2014-10-23,235.29
1089,2014-10-24,235.24
1090,2014-10-27,221.67
1091,2014-10-28,242.77
1092,2014-10-29,238.1
1093,2014-10-30,238.66
1094,2014-10-31,241.7
1095,2014-11-03,242.59
1096,2014-11-04,238.93
1097,2014-11-05,230.97
1098,2014-11-06,241.22
1099,2014-11-07,240.2
1100,2014-11-10,241.93
1101,2014-11-11,251.08
1102,2014-11-12,249.1
1103,2014-11-13,251.7
1104,2014-11-14,258.68
1105,2014-11-17,253.98
1106,2014-11-18,257.7
1107,2014-11-19,247.74
1108,2014-11-20,248.71
1109,2014-11-21,242.78
1110,2014-11-24,246.72
1111,2014-11-25,248.09
1112,2014-11-26,248.44
1113,2014-11-28,244.52
1114,2014-12-01,231.64
1115,2014-12-02,231.43
1116,2014-12-03,229.3
1117,2014-12-04,228.28
1118,2014-12-05,223.71
1119,2014-12-08,214.36
1120,2014-12-09,216.89
1121,2014-12-10,209.84
1122,2014-12-11,208.88
1123,2014-12-12,207.0
1124,2014-12-15,204.04
1125,2014-12-16,197.81
1126,2014-12-17,205.82
1127,2014-12-18,218.26
1128,2014-12-19,219.29
1129,2014-12-22,222.6
1130,2014-12-23,220.97
1131,2014-12-24,222.26
1132,2014-12-26,227.82
1133,2014-12-29,225.71
1134,2014-12-30,222.23
1135,2014-12-31,222.41
1136,2015-01-02,219.31
1137,2015-01-05,210.09
1138,2015-01-06,211.28
1139,2015-01-07,210.95
1140,2015-01-08,210.615
1141,2015-01-09,206.66
1142,2015-01-12,202.21
1143,2015-01-13,204.25
1144,2015-01-14,192.69
1145,2015-01-15,191.87
1146,2015-01-16,193.07
1147,2015-01-20,191.93
1148,2015-01-21,196.57
1149,2015-01-22,201.62
1150,2015-01-23,201.29
1151,2015-01-26,206.55
1152,2015-01-27,205.98
1153,2015-01-28,199.37
1154,2015-01-29,205.2
1155,2015-01-30,203.6
1156,2015-02-02,210.94
1157,2015-02-03,218.36
1158,2015-02-04,218.55
1159,2015-02-05,220.99
1160,2015-02-06,217.36
1161,2015-02-09,217.48
1162,2015-02-10,216.29
1163,2015-02-11,212.8
1164,2015-02-12,202.88
1165,2015-02-13,203.77
1166,2015-02-17,204.35
1167,2015-02-18,204.46
1168,2015-02-19,211.705
1169,2015-02-20,217.11
1170,2015-02-23,207.335
1171,2015-02-24,204.11
1172,2015-02-25,203.76
1173,2015-02-26,207.19
1174,2015-02-27,203.34
1175,2015-03-02,197.325
1176,2015-03-03,199.56
1177,2015-03-04,202.435
1178,2015-03-05,200.63
1179,2015-03-06,193.88
1180,2015-03-09,190.88
1181,2015-03-10,190.32
1182,2015-03-11,193.74
1183,2015-03-12,191.07
1184,2015-03-13,188.68
1185,2015-03-16,195.7
1186,2015-03-17,194.73
1187,2015-03-18,200.71
1188,2015-03-19,195.65
1189,2015-03-20,198.08
1190,2015-03-23,199.63
1191,2015-03-24,201.72
1192,2015-03-25,194.3
1193,2015-03-26,190.405
1194,2015-03-27,185.0
1195,2015-03-30,190.57
1196,2015-03-31,188.77
1197,2015-04-01,187.59
1198,2015-04-02,191.0
1199,2015-04-06,203.1
1200,2015-04-07,203.25
1201,2015-04-08,207.67
1202,2015-04-09,210.09
1203,2015-04-10,210.9
1204,2015-04-13,209.78
1205,2015-04-14,207.46
1206,2015-04-15,207.83
1207,2015-04-16,206.7
1208,2015-04-17,206.79
1209,2015-04-20,205.27
1210,2015-04-21,209.41
1211,2015-04-22,219.44
1212,2015-04-23,218.6
1213,2015-04-24,218.425
1214,2015-04-27,231.55
1215,2015-04-28,230.48
1216,2015-04-29,232.45
1217,2015-04-30,226.05
1218,2015-05-01,226.03
1219,2015-05-04,230.51
1220,2015-05-05,232.95
1221,2015-05-06,230.43
1222,2015-05-07,236.8
1223,2015-05-08,236.61
1224,2015-05-11,239.49
1225,2015-05-12,244.74
1226,2015-05-13,243.18
1227,2015-05-14,244.1
1228,2015-05-15,248.84
1229,2015-05-18,248.75
1230,2015-05-19,247.14
1231,2015-05-20,244.35
1232,2015-05-21,245.62
1233,2015-05-22,247.73
1234,2015-05-26,247.455
1235,2015-05-27,247.43
1236,2015-05-28,251.45
1237,2015-05-29,250.8
1238,2015-06-01,249.45
1239,2015-06-02,248.35
1240,2015-06-03,248.99
1241,2015-06-04,245.92
1242,2015-06-05,249.14
1243,2015-06-08,256.29
1244,2015-06-09,256.0
1245,2015-06-10,250.7
1246,2015-06-11,251.41
1247,2015-06-12,250.69
1248,2015-06-15,250.38
1249,2015-06-16,253.12
1250,2015-06-17,260.41
1251,2015-06-18,261.89
1252,2015-06-19,262.51
1253,2015-06-22,259.79
1254,2015-06-23,267.67
1255,2015-06-24,265.17
1256,2015-06-25,268.79
1257,2015-06-26,267.09
1258,2015-06-29,262.02
1259,2015-06-30,268.26
1260,2015-07-01,269.15
1261,2015-07-02,280.02
1262,2015-07-06,279.72
1263,2015-07-07,267.88
1264,2015-07-08,254.96
1265,2015-07-09,257.92
1266,2015-07-10,259.15
1267,2015-07-13,262.16
1268,2015-07-14,265.65
1269,2015-07-15,263.14
1270,2015-07-16,266.68
1271,2015-07-17,274.66
1272,2015-07-20,282.26
1273,2015-07-21,266.77
1274,2015-07-22,267.87
1275,2015-07-23,267.2
1276,2015-07-24,265.41
1277,2015-07-27,253.01
1278,2015-07-28,264.82
1279,2015-07-29,263.82
1280,2015-07-30,266.79
1281,2015-07-31,266.15
1282,2015-08-03,259.99
1283,2015-08-04,266.28
1284,2015-08-05,270.13
1285,2015-08-06,246.13
1286,2015-08-07,242.51
1287,2015-08-10,241.14
1288,2015-08-11,237.37
1289,2015-08-12,238.17
1290,2015-08-13,242.51
1291,2015-08-14,243.15
1292,2015-08-17,254.99
1293,2015-08-18,260.72
1294,2015-08-19,255.25
1295,2015-08-20,242.18
1296,2015-08-21,230.77
1297,2015-08-24,218.87
1298,2015-08-25,220.03
1299,2015-08-26,224.84
1300,2015-08-27,242.99
1301,2015-08-28,248.48
1302,2015-08-31,249.06
1303,2015-09-01,238.63
1304,2015-09-02,247.69
1305,2015-09-03,245.57
1306,2015-09-04,241.93
1307,2015-09-08,248.17
1308,2015-09-09,248.91
1309,2015-09-10,248.48
1310,2015-09-11,250.24
1311,2015-09-14,253.19
1312,2015-09-15,253.57
1313,2015-09-16,262.25
1314,2015-09-17,262.07
1315,2015-09-18,260.62
1316,2015-09-21,264.2
1317,2015-09-22,260.94
1318,2015-09-23,261.06
1319,2015-09-24,263.12
1320,2015-09-25,256.91
1321,2015-09-28,248.43
1322,2015-09-29,246.65
1323,2015-09-30,248.4
1324,2015-10-01,239.88
1325,2015-10-02,247.57
1326,2015-10-05,246.15
1327,2015-10-06,241.46
1328,2015-10-07,231.96
1329,2015-10-08,226.72
1330,2015-10-09,220.69
1331,2015-10-12,215.58
1332,2015-10-13,219.25
1333,2015-10-14,216.88
1334,2015-10-15,221.31
1335,2015-10-16,227.01
1336,2015-10-19,228.1
1337,2015-10-20,213.03
1338,2015-10-21,210.09
1339,2015-10-22,211.72
1340,2015-10-23,209.09
1341,2015-10-26,215.26
1342,2015-10-27,210.35
1343,2015-10-28,212.96
1344,2015-10-29,211.63
1345,2015-10-30,206.93
1346,2015-11-02,213.79
1347,2015-11-03,208.35
1348,2015-11-04,231.63
1349,2015-11-05,231.77
1350,2015-11-06,232.36
1351,2015-11-09,225.33
1352,2015-11-10,216.5
1353,2015-11-11,219.08
1354,2015-11-12,212.94
1355,2015-11-13,207.19
1356,2015-11-16,214.31
1357,2015-11-17,214.0
1358,2015-11-18,221.07
1359,2015-11-19,221.8
1360,2015-11-20,220.01
1361,2015-11-23,217.75
1362,2015-11-24,218.25
1363,2015-11-25,229.64
1364,2015-11-27,231.61
1365,2015-11-30,230.26
1366,2015-12-01,237.19
1367,2015-12-02,231.99
1368,2015-12-03,232.71
1369,2015-12-04,230.38
1370,2015-12-07,231.13
1371,2015-12-08,226.72
1372,2015-12-09,224.52
1373,2015-12-10,227.07
1374,2015-12-11,217.02
1375,2015-12-14,218.58
1376,2015-12-15,221.09
1377,2015-12-16,234.51
1378,2015-12-17,233.39
1379,2015-12-18,230.46
1380,2015-12-21,232.56
1381,2015-12-22,229.95
1382,2015-12-23,229.7
1383,2015-12-24,230.57
1384,2015-12-28,228.95
1385,2015-12-29,237.19
1386,2015-12-30,238.09
1387,2015-12-31,240.01
1388,2016-01-04,223.41
1389,2016-01-05,223.43
1390,2016-01-06,219.04
1391,2016-01-07,215.65
1392,2016-01-08,211.0
1393,2016-01-11,207.85
1394,2016-01-12,209.97
1395,2016-01-13,200.31
1396,2016-01-14,206.18
1397,2016-01-15,204.99
1398,2016-01-19,204.72
1399,2016-01-20,198.7
1400,2016-01-21,199.97
1401,2016-01-22,202.55
1402,2016-01-25,196.38
1403,2016-01-26,193.56
1404,2016-01-27,188.07
1405,2016-01-28,189.7
1406,2016-01-29,191.2
1407,2016-02-01,196.94
1408,2016-02-02,182.78
1409,2016-02-03,173.48
1410,2016-02-04,175.33
1411,2016-02-05,162.6
1412,2016-02-08,147.99
1413,2016-02-09,148.25
1414,2016-02-10,143.67
1415,2016-02-11,150.47
1416,2016-02-12,151.04
1417,2016-02-16,155.17
1418,2016-02-17,168.68
1419,2016-02-18,166.77
1420,2016-02-19,166.58
1421,2016-02-22,177.74
1422,2016-02-23,177.21
1423,2016-02-24,179.0
1424,2016-02-25,187.43
1425,2016-02-26,190.34
1426,2016-02-29,191.93
1427,2016-03-01,186.35
1428,2016-03-02,188.34
1429,2016-03-03,195.74
1430,2016-03-04,201.04
1431,2016-03-07,205.29
1432,2016-03-08,202.6
1433,2016-03-09,208.72
1434,2016-03-10,205.18
1435,2016-03-11,207.5
1436,2016-03-14,215.15
1437,2016-03-15,218.34
1438,2016-03-16,221.93
1439,2016-03-17,226.38
1440,2016-03-18,232.74
1441,2016-03-21,238.32
1442,2016-03-22,234.24
1443,2016-03-23,222.58
1444,2016-03-24,227.75
1445,2016-03-28,230.26
1446,2016-03-29,230.13
1447,2016-03-30,226.89
1448,2016-03-31,229.77
1449,2016-04-01,237.59
1450,2016-04-04,246.99
1451,2016-04-05,255.47
1452,2016-04-06,265.42
1453,2016-04-07,257.2
1454,2016-04-08,250.07
1455,2016-04-11,249.92
1456,2016-04-12,247.82
1457,2016-04-13,254.53
1458,2016-04-14,251.86
1459,2016-04-15,254.51
1460,2016-04-18,253.88
1461,2016-04-19,247.37
1462,2016-04-20,249.97
1463,2016-04-21,248.29
1464,2016-04-22,253.75
1465,2016-04-25,251.82
1466,2016-04-26,253.74
1467,2016-04-27,251.47
1468,2016-04-28,247.71
1469,2016-04-29,240.76
1470,2016-05-02,241.8
1471,2016-05-03,232.32
1472,2016-05-04,222.56
1473,2016-05-05,211.53
1474,2016-05-06,214.93
1475,2016-05-09,208.92
1476,2016-05-10,208.69
1477,2016-05-11,208.96
1478,2016-05-12,207.28
1479,2016-05-13,207.61
1480,2016-05-16,208.29
1481,2016-05-17,204.66
1482,2016-05-18,211.17
1483,2016-05-19,215.21
1484,2016-05-20,220.28
1485,2016-05-23,216.22
1486,2016-05-24,217.91
1487,2016-05-25,219.58
1488,2016-05-26,225.12
1489,2016-05-27,223.04
1490,2016-05-31,223.23
1491,2016-06-01,219.56
1492,2016-06-02,218.96
1493,2016-06-03,218.99
1494,2016-06-06,220.68
1495,2016-06-07,232.34
1496,2016-06-08,235.52
1497,2016-06-09,229.36
1498,2016-06-10,218.79
1499,2016-06-13,217.87
1500,2016-06-14,214.96
1501,2016-06-15,217.7
1502,2016-06-16,217.93
1503,2016-06-17,215.47
1504,2016-06-20,219.7
1505,2016-06-21,219.61
1506,2016-06-22,196.66
1507,2016-06-23,196.4
1508,2016-06-24,193.15
1509,2016-06-27,198.55
1510,2016-06-28,201.79
1511,2016-06-29,210.19
1512,2016-06-30,212.28
1513,2016-07-01,216.5
1514,2016-07-05,213.98
1515,2016-07-06,214.44
1516,2016-07-07,215.94
1517,2016-07-08,216.78
1518,2016-07-11,224.78
1519,2016-07-12,224.65
1520,2016-07-13,222.53
1521,2016-07-14,221.53
1522,2016-07-15,220.4
1523,2016-07-18,226.25
1524,2016-07-19,225.26
1525,2016-07-20,228.36
1526,2016-07-21,220.5
1527,2016-07-22,222.27
1528,2016-07-25,230.01
1529,2016-07-26,229.51
1530,2016-07-27,228.49
1531,2016-07-28,230.61
1532,2016-07-29,234.79
1533,2016-08-01,230.01
1534,2016-08-02,227.2
1535,2016-08-03,225.79
1536,2016-08-04,230.61
1537,2016-08-05,230.03
1538,2016-08-08,226.16
1539,2016-08-09,229.08
1540,2016-08-10,225.65
1541,2016-08-11,224.91
1542,2016-08-12,225.61
1543,2016-08-15,225.59
1544,2016-08-16,223.61
1545,2016-08-17,223.24
1546,2016-08-18,223.51
1547,2016-08-19,225.0
1548,2016-08-22,222.93
1549,2016-08-23,224.84
1550,2016-08-24,222.62
1551,2016-08-25,220.96
1552,2016-08-26,219.99
1553,2016-08-29,215.2
1554,2016-08-30,211.34
1555,2016-08-31,212.01
1556,2016-09-01,200.77
1557,2016-09-02,197.78
1558,2016-09-06,202.83
1559,2016-09-07,201.71
1560,2016-09-08,197.36
1561,2016-09-09,194.47
1562,2016-09-12,198.3
1563,2016-09-13,196.05
1564,2016-09-14,196.41
1565,2016-09-15,200.42
1566,2016-09-16,205.4
1567,2016-09-19,206.34
1568,2016-09-20,204.64
1569,2016-09-21,205.22
1570,2016-09-22,206.43
1571,2016-09-23,207.45
1572,2016-09-26,208.99
1573,2016-09-27,205.81
1574,2016-09-28,206.27
1575,2016-09-29,200.7
1576,2016-09-30,204.03
1577,2016-10-03,213.7
1578,2016-10-04,211.41
1579,2016-10-05,208.46
1580,2016-10-06,201.0
1581,2016-10-07,196.61
1582,2016-10-10,200.95
1583,2016-10-11,200.1
1584,2016-10-12,201.51
1585,2016-10-13,200.24
1586,2016-10-14,196.51
1587,2016-10-17,193.96
1588,2016-10-18,199.1
1589,2016-10-19,203.56
1590,2016-10-20,199.1
1591,2016-10-21,200.09
1592,2016-10-24,202.76
1593,2016-10-25,202.34
1594,2016-10-26,202.24
1595,2016-10-27,204.01
1596,2016-10-28,199.97
1597,2016-10-31,197.73
1598,2016-11-01,190.79
1599,2016-11-02,188.02
1600,2016-11-03,187.42
1601,2016-11-04,190.56
1602,2016-11-07,193.21
1603,2016-11-08,194.94
1604,2016-11-09,190.06
1605,2016-11-10,185.35
1606,2016-11-11,188.56
1607,2016-11-14,181.45
1608,2016-11-15,183.77
1609,2016-11-16,183.93
1610,2016-11-17,188.66
1611,2016-11-18,185.02
1612,2016-11-21,184.52
1613,2016-11-22,191.17
1614,2016-11-23,193.14
1615,2016-11-25,196.65
1616,2016-11-28,196.12
1617,2016-11-29,189.57
1618,2016-11-30,189.4
1619,2016-12-01,181.88
1620,2016-12-02,181.47
1621,2016-12-05,186.8
1622,2016-12-06,185.85
1623,2016-12-07,193.15
1624,2016-12-08,192.29
1625,2016-12-09,192.18
1626,2016-12-12,192.43
1627,2016-12-13,198.15
1628,2016-12-14,198.69
1629,2016-12-15,197.58
1630,2016-12-16,202.49
1631,2016-12-19,202.73
1632,2016-12-20,208.79
1633,2016-12-21,207.7
1634,2016-12-22,208.45
1635,2016-12-23,213.34
1636,2016-12-27,219.53
1637,2016-12-28,219.74
1638,2016-12-29,214.68
1639,2016-12-30,213.69
1640,2017-01-03,216.99
1641,2017-01-04,226.99
1642,2017-01-05,226.75
1643,2017-01-06,229.01
1644,2017-01-09,231.28
1645,2017-01-10,229.87
1646,2017-01-11,229.73
1647,2017-01-12,229.59
1648,2017-01-13,237.75
1649,2017-01-17,235.58
1650,2017-01-18,238.36
1651,2017-01-19,243.76
1652,2017-01-20,244.73
1653,2017-01-23,248.92
1654,2017-01-24,254.61
1655,2017-01-25,254.47
1656,2017-01-26,252.51
1657,2017-01-27,252.95
1658,2017-01-30,250.63
1659,2017-01-31,251.93
1660,2017-02-01,249.24
1661,2017-02-02,251.55
1662,2017-02-03,251.33
1663,2017-02-06,257.77
1664,2017-02-07,257.48
1665,2017-02-08,262.08
1666,2017-02-09,269.2
1667,2017-02-10,269.23
1668,2017-02-13,280.6
1669,2017-02-14,280.98
1670,2017-02-15,279.76
1671,2017-02-16,268.95
1672,2017-02-17,272.23
1673,2017-02-21,277.39
1674,2017-02-22,273.51
1675,2017-02-23,255.99
1676,2017-02-24,257.0
1677,2017-02-27,246.23
1678,2017-02-28,249.99
1679,2017-03-01,250.02
1680,2017-03-02,250.48
1681,2017-03-03,251.57
1682,2017-03-06,251.21
1683,2017-03-07,248.59
1684,2017-03-08,246.87
1685,2017-03-09,244.9
1686,2017-03-10,243.69
1687,2017-03-13,246.17
1688,2017-03-14,258.0
1689,2017-03-15,255.73
1690,2017-03-16,262.05
1691,2017-03-17,261.5
1692,2017-03-20,261.92
1693,2017-03-21,250.68
1694,2017-03-22,255.01
1695,2017-03-23,254.78
1696,2017-03-24,263.16
1697,2017-03-27,270.22
1698,2017-03-28,277.45
1699,2017-03-29,277.38
1700,2017-03-30,277.92
1701,2017-03-31,278.3
1702,2017-04-03,298.52
1703,2017-04-04,303.7
1704,2017-04-05,295.0
1705,2017-04-06,298.7
1706,2017-04-07,302.54
1707,2017-04-10,312.39
1708,2017-04-11,308.71
1709,2017-04-12,296.84
1710,2017-04-13,304.0
1711,2017-04-17,301.44
1712,2017-04-18,300.25
1713,2017-04-19,305.52
1714,2017-04-20,302.51
1715,2017-04-21,305.6
1716,2017-04-24,308.03
1717,2017-04-25,313.79
1718,2017-04-26,310.17
1719,2017-04-27,308.63
1720,2017-04-28,314.07
1721,2017-05-01,322.83
1722,2017-05-02,318.89
1723,2017-05-03,311.02
1724,2017-05-04,295.46
1725,2017-05-05,308.35
1726,2017-05-08,307.19
1727,2017-05-09,321.26
1728,2017-05-10,325.22
1729,2017-05-11,323.1
1730,2017-05-12,324.81
1731,2017-05-15,315.88
1732,2017-05-16,317.01
1733,2017-05-17,306.11
1734,2017-05-18,313.06
1735,2017-05-19,310.83
1736,2017-05-22,310.35
1737,2017-05-23,303.86
1738,2017-05-24,310.22
1739,2017-05-25,316.83
1740,2017-05-26,325.14
1741,2017-05-30,335.1
1742,2017-05-31,341.01
1743,2017-06-01,340.37
1744,2017-06-02,339.85
1745,2017-06-05,347.32
1746,2017-06-06,352.85
1747,2017-06-07,359.65
1748,2017-06-08,370.0
1749,2017-06-09,357.32
1750,2017-06-12,359.01
1751,2017-06-13,375.95
1752,2017-06-14,380.66
1753,2017-06-15,375.34
1754,2017-06-16,371.4
1755,2017-06-19,369.8
1756,2017-06-20,372.24
1757,2017-06-21,376.4
1758,2017-06-22,382.61
1759,2017-06-23,383.45
1760,2017-06-26,377.49
1761,2017-06-27,362.37
1762,2017-06-28,371.24
1763,2017-06-29,360.75
1764,2017-06-30,361.61
1765,2017-07-03,352.62
1766,2017-07-05,327.09
1767,2017-07-06,308.83
1768,2017-07-07,313.22
1769,2017-07-10,316.05
1770,2017-07-11,327.22
1771,2017-07-12,329.52
1772,2017-07-13,323.41
1773,2017-07-14,327.78
1774,2017-07-17,319.57
1775,2017-07-18,328.24
1776,2017-07-19,325.26
1777,2017-07-20,329.92
1778,2017-07-21,328.4
1779,2017-07-24,342.52
1780,2017-07-25,339.6
1781,2017-07-26,343.85
1782,2017-07-27,334.46
1783,2017-07-28,335.07
1784,2017-07-31,323.47
1785,2017-08-01,319.57
1786,2017-08-02,325.89
1787,2017-08-03,347.09
1788,2017-08-04,356.91
1789,2017-08-07,355.17
1790,2017-08-08,365.22
1791,2017-08-09,363.53
1792,2017-08-10,355.4
1793,2017-08-11,357.87
1794,2017-08-14,363.8
1795,2017-08-15,362.33
1796,2017-08-16,362.91
1797,2017-08-17,351.92
1798,2017-08-18,347.46
1799,2017-08-21,337.86
1800,2017-08-22,341.35
1801,2017-08-23,352.77
1802,2017-08-24,352.93
1803,2017-08-25,348.05
1804,2017-08-28,345.66
1805,2017-08-29,347.36
1806,2017-08-30,353.18
1807,2017-08-31,355.9
1808,2017-09-01,355.4
1809,2017-09-05,349.59
1810,2017-09-06,344.53
1811,2017-09-07,350.61
1812,2017-09-08,343.4
1813,2017-09-11,363.69
1814,2017-09-12,362.75
1815,2017-09-13,366.23
1816,2017-09-14,377.64
1817,2017-09-15,379.81
1818,2017-09-18,385.0
1819,2017-09-19,375.1
1820,2017-09-20,373.91
1821,2017-09-21,366.48
1822,2017-09-22,351.09
1823,2017-09-25,344.99
1824,2017-09-26,345.25
1825,2017-09-27,340.97
1826,2017-09-28,339.6
1827,2017-09-29,341.1
1828,2017-10-02,341.53
1829,2017-10-03,348.14
1830,2017-10-04,355.01
1831,2017-10-05,355.33
1832,2017-10-06,356.88
1833,2017-10-09,342.94
1834,2017-10-10,355.59
1835,2017-10-11,354.6
1836,2017-10-12,355.68
1837,2017-10-13,355.57
1838,2017-10-16,350.6
1839,2017-10-17,355.75
1840,2017-10-18,359.65
1841,2017-10-19,351.81
1842,2017-10-20,345.1
1843,2017-10-23,337.02
1844,2017-10-24,337.34
1845,2017-10-25,325.84
1846,2017-10-26,326.17
1847,2017-10-27,320.87
1848,2017-10-30,320.08
1849,2017-10-31,331.53
1850,2017-11-01,321.08
1851,2017-11-02,299.26
1852,2017-11-03,306.09
1853,2017-11-06,302.78
1854,2017-11-07,306.05
1855,2017-11-08,304.39
1856,2017-11-09,302.99
1857,2017-11-10,302.99
1858,2017-11-13,315.4
1859,2017-11-14,308.7
1860,2017-11-15,311.3
1861,2017-11-16,312.5
1862,2017-11-17,315.05
1863,2017-11-20,308.74
1864,2017-11-21,317.81
1865,2017-11-22,312.6
1866,2017-11-24,315.55
1867,2017-11-27,316.81
1868,2017-11-28,317.55
1869,2017-11-29,307.54
1870,2017-11-30,308.85
1871,2017-12-01,306.53
1872,2017-12-04,305.2
1873,2017-12-05,303.7
1874,2017-12-06,313.26
1875,2017-12-07,311.24
1876,2017-12-08,315.13
1877,2017-12-11,328.91
1878,2017-12-12,341.03
1879,2017-12-13,339.03
1880,2017-12-14,337.89
1881,2017-12-15,343.45
1882,2017-12-18,338.87
1883,2017-12-19,331.1
1884,2017-12-20,328.98
1885,2017-12-21,331.66
1886,2017-12-22,325.2
1887,2017-12-26,317.29
1888,2017-12-27,311.64
1889,2017-12-28,315.36
1890,2017-12-29,311.35
1891,2018-01-02,320.53
1892,2018-01-03,317.25
1893,2018-01-04,314.62
1894,2018-01-05,316.58
1895,2018-01-08,336.41
1896,2018-01-09,333.69
1897,2018-01-10,334.8
1898,2018-01-11,337.95
1899,2018-01-12,336.22
1900,2018-01-16,340.06
1901,2018-01-17,347.16
1902,2018-01-18,344.57
1903,2018-01-19,350.02
1904,2018-01-22,351.56
1905,2018-01-23,352.79
1906,2018-01-24,345.89
1907,2018-01-25,337.64
1908,2018-01-26,342.85
1909,2018-01-29,349.53
1910,2018-01-30,345.82
1911,2018-01-31,354.31
1912,2018-02-01,349.25
1913,2018-02-02,343.75
1914,2018-02-05,333.13
1915,2018-02-06,333.97
1916,2018-02-07,345.0
1917,2018-02-08,315.23
1918,2018-02-09,310.42
1919,2018-02-12,315.73
1920,2018-02-13,323.66
1921,2018-02-14,322.31
1922,2018-02-15,334.065
1923,2018-02-16,335.49
1924,2018-02-20,334.77
1925,2018-02-21,333.3
1926,2018-02-22,346.17
1927,2018-02-23,352.05
1928,2018-02-26,357.42
1929,2018-02-27,350.99
1930,2018-02-28,343.06
1931,2018-03-01,330.93
1932,2018-03-02,335.12
1933,2018-03-05,333.35
1934,2018-03-06,328.2
1935,2018-03-07,332.3
1936,2018-03-08,329.1
1937,2018-03-09,327.17
1938,2018-03-12,345.51
1939,2018-03-13,341.84
1940,2018-03-14,326.63
1941,2018-03-15,325.6
1942,2018-03-16,321.35
1943,2018-03-19,313.56
1944,2018-03-20,310.55
1945,2018-03-21,316.53
1946,2018-03-22,309.1
1947,2018-03-23,301.54
1948,2018-03-26,304.18
1949,2018-03-27,279.18
1950,2018-03-28,257.78
1951,2018-03-29,266.13
1952,2018-04-02,252.48
1953,2018-04-03,267.53
1954,2018-04-04,286.94
1955,2018-04-05,305.72
1956,2018-04-06,299.3
1957,2018-04-09,289.66
1958,2018-04-10,304.7
1959,2018-04-11,300.93
1960,2018-04-12,294.08
1961,2018-04-13,300.34
1962,2018-04-16,291.21
1963,2018-04-17,287.69
1964,2018-04-18,293.35
1965,2018-04-19,300.08
1966,2018-04-20,290.24
1967,2018-04-23,283.37
1968,2018-04-24,283.46
1969,2018-04-25,280.69
1970,2018-04-26,285.48
1971,2018-04-27,294.075
1972,2018-04-30,293.9
1973,2018-05-01,299.92
1974,2018-05-02,301.15
1975,2018-05-03,284.45
1976,2018-05-04,294.09
1977,2018-05-07,302.77
1978,2018-05-08,301.97
1979,2018-05-09,306.85
1980,2018-05-10,305.02
1981,2018-05-11,301.06
