,Timestamp,TSS
0,2000-01-03,16.12
1,2000-01-04,16.06
2,2000-01-05,16.19
3,2000-01-06,16.0
4,2000-01-07,16.13
5,2000-01-10,16.38
6,2000-01-11,16.13
7,2000-01-12,15.88
8,2000-01-13,16.13
9,2000-01-14,15.81
10,2000-01-18,16.06
11,2000-01-19,16.06
12,2000-01-20,15.63
13,2000-01-21,15.81
14,2000-01-24,16.13
15,2000-01-25,17.13
16,2000-01-26,17.13
17,2000-01-27,16.56
18,2000-01-28,17.13
19,2000-01-31,16.5
20,2000-02-01,18.44
21,2000-02-02,18.13
22,2000-02-03,18.38
23,2000-02-04,18.0
24,2000-02-07,18.0
25,2000-02-08,17.63
26,2000-02-09,17.19
27,2000-02-10,16.94
28,2000-02-11,16.63
29,2000-02-14,16.56
30,2000-02-15,16.56
31,2000-02-16,16.5
32,2000-02-17,16.44
33,2000-02-18,16.69
34,2000-02-22,15.88
35,2000-02-23,16.31
36,2000-02-24,16.19
37,2000-02-25,16.5
38,2000-02-28,16.5
39,2000-02-29,15.88
40,2000-03-01,16.19
41,2000-03-02,15.88
42,2000-03-03,16.5
43,2000-03-06,16.25
44,2000-03-07,15.94
45,2000-03-08,15.88
46,2000-03-09,16.0
47,2000-03-10,15.88
48,2000-03-13,15.63
49,2000-03-14,15.44
50,2000-03-15,15.75
51,2000-03-16,16.06
52,2000-03-17,15.94
53,2000-03-20,16.06
54,2000-03-21,16.13
55,2000-03-22,15.94
56,2000-03-23,15.94
57,2000-03-24,15.94
58,2000-03-27,15.94
59,2000-03-28,15.75
60,2000-03-29,15.81
61,2000-03-30,15.75
62,2000-03-31,15.94
63,2000-04-03,17.13
64,2000-04-04,16.31
65,2000-04-05,16.63
66,2000-04-06,17.38
67,2000-04-07,17.56
68,2000-04-10,17.63
69,2000-04-11,17.75
70,2000-04-12,17.63
71,2000-04-13,17.13
72,2000-04-14,17.88
73,2000-04-17,18.38
74,2000-04-18,18.5
75,2000-04-19,18.63
76,2000-04-20,18.56
77,2000-04-24,17.5
78,2000-04-25,17.88
79,2000-04-26,19.06
80,2000-04-27,19.38
81,2000-04-28,19.94
82,2000-05-01,19.94
83,2000-05-02,19.69
84,2000-05-03,20.0
85,2000-05-04,19.88
86,2000-05-05,19.75
87,2000-05-08,19.69
88,2000-05-09,19.94
89,2000-05-10,19.25
90,2000-05-11,19.63
91,2000-05-12,19.56
92,2000-05-15,19.63
93,2000-05-16,19.38
94,2000-05-17,19.25
95,2000-05-18,19.5
96,2000-05-19,19.5
97,2000-05-22,19.81
98,2000-05-23,19.0
99,2000-05-24,18.69
100,2000-05-25,18.25
101,2000-05-26,19.0
102,2000-05-30,19.31
103,2000-05-31,19.75
104,2000-06-01,19.81
105,2000-06-02,20.13
106,2000-06-05,20.19
107,2000-06-06,20.06
108,2000-06-07,19.88
109,2000-06-08,19.31
110,2000-06-09,19.38
111,2000-06-12,19.31
112,2000-06-13,19.0
113,2000-06-14,18.94
114,2000-06-15,18.94
115,2000-06-16,19.13
116,2000-06-19,18.44
117,2000-06-20,18.19
118,2000-06-21,17.75
119,2000-06-22,18.31
120,2000-06-23,18.25
121,2000-06-26,17.94
122,2000-06-27,17.69
123,2000-06-28,18.0
124,2000-06-29,17.75
125,2000-06-30,15.88
126,2000-07-03,16.88
127,2000-07-05,17.81
128,2000-07-06,17.69
129,2000-07-07,17.94
130,2000-07-10,17.5
131,2000-07-11,17.38
132,2000-07-12,17.81
133,2000-07-13,17.88
134,2000-07-14,18.31
135,2000-07-17,18.31
136,2000-07-18,18.0
137,2000-07-19,18.19
138,2000-07-20,18.38
139,2000-07-21,18.44
140,2000-07-24,18.63
141,2000-07-25,18.31
142,2000-07-26,18.25
143,2000-07-27,18.38
144,2000-07-28,18.25
145,2000-07-31,18.06
146,2000-08-01,18.06
147,2000-08-02,18.5
148,2000-08-03,18.06
149,2000-08-04,18.06
150,2000-08-07,18.13
151,2000-08-08,17.88
152,2000-08-09,17.94
153,2000-08-10,17.56
154,2000-08-11,17.5
155,2000-08-14,17.5
156,2000-08-15,17.56
157,2000-08-16,18.06
158,2000-08-17,17.81
159,2000-08-18,17.81
160,2000-08-21,17.38
161,2000-08-22,17.69
162,2000-08-23,17.44
163,2000-08-24,17.19
164,2000-08-25,16.38
165,2000-08-28,16.5
166,2000-08-29,16.94
167,2000-08-30,16.75
168,2000-08-31,16.5
169,2000-09-01,16.38
170,2000-09-05,17.0
171,2000-09-06,17.19
172,2000-09-07,16.69
173,2000-09-08,16.75
174,2000-09-11,16.69
175,2000-09-12,16.94
176,2000-09-13,16.63
177,2000-09-14,16.63
178,2000-09-15,16.81
179,2000-09-18,16.0
180,2000-09-19,16.44
181,2000-09-20,17.44
182,2000-09-21,17.25
183,2000-09-22,17.25
184,2000-09-25,17.19
185,2000-09-26,17.44
186,2000-09-27,17.19
187,2000-09-28,17.63
188,2000-09-29,16.81
189,2000-10-02,16.88
190,2000-10-03,17.25
191,2000-10-04,16.94
192,2000-10-05,17.0
193,2000-10-06,16.94
194,2000-10-09,16.31
195,2000-10-10,16.5
196,2000-10-11,16.06
197,2000-10-12,15.75
198,2000-10-13,15.75
199,2000-10-16,16.06
200,2000-10-17,16.63
201,2000-10-18,16.44
202,2000-10-19,16.63
203,2000-10-20,15.94
204,2000-10-23,16.06
205,2000-10-24,16.44
206,2000-10-25,16.13
207,2000-10-26,15.94
208,2000-10-27,16.19
209,2000-10-30,16.5
210,2000-10-31,16.5
211,2000-11-01,16.06
212,2000-11-02,16.69
213,2000-11-03,16.44
214,2000-11-06,16.13
215,2000-11-07,16.0
216,2000-11-08,15.56
217,2000-11-09,15.19
218,2000-11-10,15.5
219,2000-11-13,15.19
220,2000-11-14,15.44
221,2000-11-15,16.13
222,2000-11-16,16.44
223,2000-11-17,16.25
224,2000-11-20,16.13
225,2000-11-21,15.75
226,2000-11-22,15.69
227,2000-11-24,15.44
228,2000-11-27,15.63
229,2000-11-28,16.0
230,2000-11-29,15.88
231,2000-11-30,16.19
232,2000-12-01,16.94
233,2000-12-04,17.06
234,2000-12-05,17.06
235,2000-12-06,16.88
236,2000-12-07,17.25
237,2000-12-08,17.5
238,2000-12-11,17.75
239,2000-12-12,17.81
240,2000-12-13,17.88
241,2000-12-14,17.5
242,2000-12-15,17.88
243,2000-12-18,19.13
244,2000-12-19,19.0
245,2000-12-20,18.75
246,2000-12-21,19.63
247,2000-12-22,20.0
248,2000-12-26,20.62
249,2000-12-27,20.88
250,2000-12-28,22.31
251,2000-12-29,22.38
252,2001-01-02,22.0
253,2001-01-03,22.25
254,2001-01-04,24.13
255,2001-01-05,23.44
256,2001-01-08,23.38
257,2001-01-09,22.31
258,2001-01-10,23.19
259,2001-01-11,23.25
260,2001-01-12,22.75
261,2001-01-16,22.56
262,2001-01-17,23.13
263,2001-01-18,23.0
264,2001-01-19,22.56
265,2001-01-22,22.38
266,2001-01-23,23.13
267,2001-01-24,23.25
268,2001-01-25,22.63
269,2001-01-26,23.13
270,2001-01-29,23.54
271,2001-01-30,23.24
272,2001-01-31,23.75
273,2001-02-01,24.42
274,2001-02-02,24.02
275,2001-02-05,24.0
276,2001-02-06,24.01
277,2001-02-07,24.15
278,2001-02-08,23.91
279,2001-02-09,23.85
280,2001-02-12,24.3
281,2001-02-13,24.13
282,2001-02-14,23.98
283,2001-02-15,24.25
284,2001-02-16,23.93
285,2001-02-20,23.85
286,2001-02-21,23.55
287,2001-02-22,23.24
288,2001-02-23,23.6
289,2001-02-26,24.13
290,2001-02-27,24.0
291,2001-02-28,24.0
292,2001-03-01,24.14
293,2001-03-02,24.15
294,2001-03-05,24.22
295,2001-03-06,24.13
296,2001-03-07,24.3
297,2001-03-08,24.26
298,2001-03-09,24.0
299,2001-03-12,23.58
300,2001-03-13,23.09
301,2001-03-14,22.2
302,2001-03-15,22.65
303,2001-03-16,22.45
304,2001-03-19,22.57
305,2001-03-20,22.31
306,2001-03-21,22.3
307,2001-03-22,22.09
308,2001-03-23,22.32
309,2001-03-26,22.96
310,2001-03-27,22.75
311,2001-03-28,23.02
312,2001-03-29,23.0
313,2001-03-30,24.6
314,2001-04-02,25.2
315,2001-04-03,25.3
316,2001-04-04,24.4
317,2001-04-05,24.6
318,2001-04-06,24.51
319,2001-04-09,24.48
320,2001-04-10,24.5
321,2001-04-11,25.1
322,2001-04-12,25.06
323,2001-04-16,25.91
324,2001-04-17,25.24
325,2001-04-18,25.81
326,2001-04-19,27.05
327,2001-04-20,26.66
328,2001-04-23,26.35
329,2001-04-24,26.12
330,2001-04-25,26.26
331,2001-04-26,26.5
332,2001-04-27,28.19
333,2001-04-30,28.2
334,2001-05-01,28.35
335,2001-05-02,28.5
336,2001-05-03,28.35
337,2001-05-04,28.41
338,2001-05-07,28.2
339,2001-05-08,28.05
340,2001-05-09,28.05
341,2001-05-10,28.2
342,2001-05-11,28.1
343,2001-05-14,28.46
344,2001-05-15,29.3
345,2001-05-16,29.77
346,2001-05-17,29.89
347,2001-05-18,29.78
348,2001-05-21,29.75
349,2001-05-22,30.3
350,2001-05-23,29.89
351,2001-05-24,29.73
352,2001-05-25,29.81
353,2001-05-29,29.3
354,2001-05-30,29.0
355,2001-05-31,29.14
356,2001-06-01,31.7
357,2001-06-04,30.64
358,2001-06-05,30.36
359,2001-06-06,30.16
360,2001-06-07,30.2
361,2001-06-08,30.52
362,2001-06-11,30.2
363,2001-06-12,29.88
364,2001-06-13,30.5
365,2001-06-14,28.59
366,2001-06-15,28.72
367,2001-06-18,28.0
368,2001-06-19,27.75
369,2001-06-20,27.55
370,2001-06-21,27.75
371,2001-06-22,28.1
372,2001-06-25,27.53
373,2001-06-26,27.24
374,2001-06-27,28.19
375,2001-06-28,29.03
376,2001-06-29,28.4
377,2001-07-02,29.45
378,2001-07-03,29.4
379,2001-07-05,28.93
380,2001-07-06,28.67
381,2001-07-09,28.79
382,2001-07-10,28.6
383,2001-07-11,29.0
384,2001-07-12,30.27
385,2001-07-13,30.28
386,2001-07-16,32.05
387,2001-07-17,33.31
388,2001-07-18,32.01
389,2001-07-19,33.25
390,2001-07-20,34.25
391,2001-07-23,33.4
392,2001-07-24,33.5
393,2001-07-25,34.55
394,2001-07-26,35.54
395,2001-07-27,34.96
396,2001-07-30,35.09
397,2001-07-31,34.41
398,2001-08-01,34.18
399,2001-08-02,34.3
400,2001-08-03,34.0
401,2001-08-06,34.01
402,2001-08-07,33.88
403,2001-08-08,33.18
404,2001-08-09,31.97
405,2001-08-10,31.74
406,2001-08-13,32.44
407,2001-08-14,32.48
408,2001-08-15,32.15
409,2001-08-16,31.53
410,2001-08-17,30.7
411,2001-08-20,31.35
412,2001-08-21,31.13
413,2001-08-22,30.7
414,2001-08-23,29.3
415,2001-08-24,27.59
416,2001-08-27,27.5
417,2001-08-28,27.13
418,2001-08-29,26.0
419,2001-08-30,25.54
420,2001-08-31,25.02
421,2001-09-04,25.8
422,2001-09-05,24.1
423,2001-09-06,22.96
424,2001-09-07,22.74
425,2001-09-10,22.73
426,2001-09-17,21.59
427,2001-09-18,21.35
428,2001-09-19,21.7
429,2001-09-20,21.1
430,2001-09-21,20.3
431,2001-09-24,22.0
432,2001-09-25,23.75
433,2001-09-26,23.51
434,2001-09-27,23.66
435,2001-09-28,24.77
436,2001-10-01,22.91
437,2001-10-02,23.5
438,2001-10-03,24.25
439,2001-10-04,24.9
440,2001-10-05,24.4
441,2001-10-08,24.1
442,2001-10-09,24.5
443,2001-10-10,25.7
444,2001-10-11,25.31
445,2001-10-12,24.4
446,2001-10-15,23.5
447,2001-10-16,23.29
448,2001-10-17,23.39
449,2001-10-18,22.01
450,2001-10-19,21.26
451,2001-10-22,20.79
452,2001-10-23,21.3
453,2001-10-24,20.51
454,2001-10-25,20.6
455,2001-10-26,20.7
456,2001-10-29,20.45
457,2001-10-30,19.31
458,2001-10-31,20.2
459,2001-11-01,19.65
460,2001-11-02,19.93
461,2001-11-05,21.6
462,2001-11-06,21.75
463,2001-11-07,20.58
464,2001-11-08,20.55
465,2001-11-09,20.7
466,2001-11-12,20.55
467,2001-11-13,20.74
468,2001-11-14,20.42
469,2001-11-15,21.65
470,2001-11-16,20.51
471,2001-11-19,20.27
472,2001-11-20,20.25
473,2001-11-21,19.7
474,2001-11-23,19.88
475,2001-11-26,19.66
476,2001-11-27,19.9
477,2001-11-28,20.16
478,2001-11-29,19.88
479,2001-11-30,20.35
480,2001-12-03,20.2
481,2001-12-04,19.75
482,2001-12-05,20.47
483,2001-12-06,19.9
484,2001-12-07,19.25
485,2001-12-10,19.28
486,2001-12-11,19.32
487,2001-12-12,19.76
488,2001-12-13,19.64
489,2001-12-14,19.5
490,2001-12-17,19.49
491,2001-12-18,19.5
492,2001-12-19,19.89
493,2001-12-20,19.68
494,2001-12-21,20.16
495,2001-12-24,20.3
496,2001-12-26,20.7
497,2001-12-27,21.0
498,2001-12-28,21.08
499,2001-12-31,21.18
500,2002-01-02,21.0
501,2002-01-03,21.06
502,2002-01-04,21.34
503,2002-01-07,21.12
504,2002-01-08,20.98
505,2002-01-09,21.4
506,2002-01-10,20.88
507,2002-01-11,20.97
508,2002-01-14,20.97
509,2002-01-15,21.49
510,2002-01-16,22.22
511,2002-01-17,22.73
512,2002-01-18,22.78
513,2002-01-22,23.48
514,2002-01-23,24.05
515,2002-01-24,24.4
516,2002-01-25,24.22
517,2002-01-28,24.15
518,2002-01-29,23.5
519,2002-01-30,23.58
520,2002-01-31,25.0
521,2002-02-01,24.05
522,2002-02-04,23.66
523,2002-02-05,23.15
524,2002-02-06,23.25
525,2002-02-07,23.31
526,2002-02-08,23.75
527,2002-02-11,23.09
528,2002-02-12,22.92
529,2002-02-13,22.76
530,2002-02-14,22.54
531,2002-02-15,22.57
532,2002-02-19,21.88
533,2002-02-20,21.74
534,2002-02-21,22.09
535,2002-02-22,21.95
536,2002-02-25,21.9
537,2002-02-26,21.8
538,2002-02-27,22.6
539,2002-02-28,23.1
540,2002-03-01,23.2
541,2002-03-04,24.65
542,2002-03-05,25.29
543,2002-03-06,25.05
544,2002-03-07,24.86
545,2002-03-08,25.18
546,2002-03-11,25.55
547,2002-03-12,25.5
548,2002-03-13,26.81
549,2002-03-14,27.77
550,2002-03-15,27.85
551,2002-03-18,29.0
552,2002-03-19,27.39
553,2002-03-20,26.6
554,2002-03-21,26.5
555,2002-03-22,26.5
556,2002-03-25,25.6
557,2002-03-26,25.2
558,2002-03-27,25.58
559,2002-03-28,25.15
560,2002-04-01,25.75
561,2002-04-02,25.29
562,2002-04-03,24.57
563,2002-04-04,24.58
564,2002-04-05,25.3
565,2002-04-08,25.04
566,2002-04-09,24.9
567,2002-04-10,25.34
568,2002-04-11,24.68
569,2002-04-12,25.4
570,2002-04-15,20.89
571,2002-04-16,20.91
572,2002-04-17,20.1
573,2002-04-18,20.9
574,2002-04-19,20.84
575,2002-04-22,21.03
576,2002-04-23,20.99
577,2002-04-24,20.56
578,2002-04-25,20.5
579,2002-04-26,21.22
580,2002-04-29,21.59
581,2002-04-30,22.25
582,2002-05-01,23.0
583,2002-05-02,23.57
584,2002-05-03,22.8
585,2002-05-06,22.3
586,2002-05-07,21.95
587,2002-05-08,22.08
588,2002-05-09,22.2
589,2002-05-10,22.05
590,2002-05-13,22.11
591,2002-05-14,22.53
592,2002-05-15,22.97
593,2002-05-16,22.69
594,2002-05-17,22.53
595,2002-05-20,22.6
596,2002-05-21,22.63
597,2002-05-22,22.5
598,2002-05-23,22.56
599,2002-05-24,22.45
600,2002-05-28,22.65
601,2002-05-29,22.52
602,2002-05-30,22.5
603,2002-05-31,22.89
604,2002-06-03,22.31
605,2002-06-04,21.82
606,2002-06-05,21.43
607,2002-06-06,21.19
608,2002-06-07,21.2
609,2002-06-10,21.27
610,2002-06-11,20.3
611,2002-06-12,20.1
612,2002-06-13,19.75
613,2002-06-14,20.44
614,2002-06-17,20.1
615,2002-06-18,20.16
616,2002-06-19,19.88
617,2002-06-20,19.37
618,2002-06-21,19.06
619,2002-06-24,18.87
620,2002-06-25,18.88
621,2002-06-26,18.8
622,2002-06-27,19.0
623,2002-06-28,18.81
624,2002-07-01,18.8
625,2002-07-02,18.25
626,2002-07-03,18.32
627,2002-07-05,19.0
628,2002-07-08,19.28
629,2002-07-09,18.8
630,2002-07-10,18.7
631,2002-07-11,18.67
632,2002-07-12,18.74
633,2002-07-15,18.2
634,2002-07-16,17.46
635,2002-07-17,16.05
636,2002-07-18,16.46
637,2002-07-19,16.85
638,2002-07-22,15.95
639,2002-07-23,15.82
640,2002-07-24,17.0
641,2002-07-25,16.3
642,2002-07-26,16.32
643,2002-07-29,17.15
644,2002-07-30,17.1
645,2002-07-31,17.42
646,2002-08-01,16.68
647,2002-08-02,16.3
648,2002-08-05,15.41
649,2002-08-06,15.47
650,2002-08-07,15.76
651,2002-08-08,16.3
652,2002-08-09,16.1
653,2002-08-12,16.09
654,2002-08-13,15.96
655,2002-08-14,16.5
656,2002-08-15,16.55
657,2002-08-16,17.5
658,2002-08-19,17.51
659,2002-08-20,17.08
660,2002-08-21,17.08
661,2002-08-22,17.25
662,2002-08-23,16.73
663,2002-08-26,17.09
664,2002-08-27,16.87
665,2002-08-28,16.5
666,2002-08-29,17.31
667,2002-08-30,17.0
668,2002-09-03,16.1
669,2002-09-04,16.2
670,2002-09-05,15.81
671,2002-09-06,16.2
672,2002-09-09,16.6
673,2002-09-10,16.18
674,2002-09-11,16.14
675,2002-09-12,15.7
676,2002-09-13,15.78
677,2002-09-16,15.59
678,2002-09-17,15.49
679,2002-09-18,15.35
680,2002-09-19,15.05
681,2002-09-20,14.63
682,2002-09-23,14.13
683,2002-09-24,13.91
684,2002-09-25,14.0
685,2002-09-26,14.44
686,2002-09-27,13.95
687,2002-09-30,13.15
688,2002-10-01,13.76
689,2002-10-02,13.3
690,2002-10-03,12.6
691,2002-10-04,12.08
692,2002-10-07,11.67
693,2002-10-08,12.14
694,2002-10-09,11.85
695,2002-10-10,12.2
696,2002-10-11,12.85
697,2002-10-14,12.78
698,2002-10-15,12.7
699,2002-10-16,12.12
700,2002-10-17,12.54
701,2002-10-18,12.84
702,2002-10-21,13.15
703,2002-10-22,13.07
704,2002-10-23,12.94
705,2002-10-24,13.0
706,2002-10-25,13.24
707,2002-10-28,13.19
708,2002-10-29,12.98
709,2002-10-30,13.1
710,2002-10-31,13.57
711,2002-11-01,13.5
712,2002-11-04,14.0
713,2002-11-05,13.54
714,2002-11-06,13.5
715,2002-11-07,13.05
716,2002-11-08,12.99
717,2002-11-11,12.69
718,2002-11-12,12.77
719,2002-11-13,12.06
720,2002-11-14,12.54
721,2002-11-15,12.54
722,2002-11-18,12.4
723,2002-11-19,12.36
724,2002-11-20,12.37
725,2002-11-21,13.03
726,2002-11-22,13.41
727,2002-11-25,13.71
728,2002-11-26,13.12
729,2002-11-27,13.68
730,2002-11-29,13.5
731,2002-12-02,13.49
732,2002-12-03,13.45
733,2002-12-04,13.08
734,2002-12-05,13.15
735,2002-12-06,13.49
736,2002-12-09,12.97
737,2002-12-10,13.31
738,2002-12-11,13.25
739,2002-12-12,13.36
740,2002-12-13,13.25
741,2002-12-16,13.46
742,2002-12-17,13.2
743,2002-12-18,13.34
744,2002-12-19,13.28
745,2002-12-20,13.6
746,2002-12-23,13.8
747,2002-12-24,13.99
748,2002-12-26,13.84
749,2002-12-27,13.77
750,2002-12-30,13.55
751,2002-12-31,13.5
752,2003-01-02,13.7
753,2003-01-03,14.29
754,2003-01-06,15.12
755,2003-01-07,15.51
756,2003-01-08,15.2
757,2003-01-09,14.97
758,2003-01-10,15.9
759,2003-01-13,15.51
760,2003-01-14,14.99
761,2003-01-15,14.76
762,2003-01-16,14.88
763,2003-01-17,14.29
764,2003-01-21,14.45
765,2003-01-22,13.79
766,2003-01-23,14.44
767,2003-01-24,14.23
768,2003-01-27,13.9
769,2003-01-28,14.16
770,2003-01-29,14.16
771,2003-01-30,14.22
772,2003-01-31,14.75
773,2003-02-03,14.71
774,2003-02-04,14.26
775,2003-02-05,14.25
776,2003-02-06,14.11
777,2003-02-07,14.25
778,2003-02-10,14.7
779,2003-02-11,14.67
780,2003-02-12,14.55
781,2003-02-13,14.33
782,2003-02-14,14.41
783,2003-02-18,14.85
784,2003-02-19,14.86
785,2003-02-20,14.95
786,2003-02-21,15.38
787,2003-02-24,15.3
788,2003-02-25,15.21
789,2003-02-26,15.1
790,2003-02-27,15.42
791,2003-02-28,15.75
792,2003-03-03,16.1
793,2003-03-04,15.45
794,2003-03-05,15.2
795,2003-03-06,15.1
796,2003-03-07,15.45
797,2003-03-10,15.02
798,2003-03-11,14.87
799,2003-03-12,14.75
800,2003-03-13,14.85
801,2003-03-14,14.69
802,2003-03-17,15.2
803,2003-03-18,15.14
804,2003-03-19,15.22
805,2003-03-20,15.0
806,2003-03-21,15.56
807,2003-03-24,15.2
808,2003-03-25,15.74
809,2003-03-26,15.04
810,2003-03-27,15.38
811,2003-03-28,15.57
812,2003-03-31,15.66
813,2003-04-01,15.6
814,2003-04-02,16.15
815,2003-04-03,16.05
816,2003-04-04,16.04
817,2003-04-07,16.3
818,2003-04-08,16.2
819,2003-04-09,16.15
820,2003-04-10,16.15
821,2003-04-11,16.16
822,2003-04-14,16.65
823,2003-04-15,17.05
824,2003-04-16,17.43
825,2003-04-17,17.59
826,2003-04-21,17.8
827,2003-04-22,18.39
828,2003-04-23,18.64
829,2003-04-24,18.8
830,2003-04-25,18.7
831,2003-04-28,18.7
832,2003-04-29,18.5
833,2003-04-30,18.5
834,2003-05-01,18.8
835,2003-05-02,18.98
836,2003-05-05,18.66
837,2003-05-06,19.11
838,2003-05-07,19.01
839,2003-05-08,18.68
840,2003-05-09,18.81
841,2003-05-12,19.05
842,2003-05-13,19.16
843,2003-05-14,19.3
844,2003-05-15,19.49
845,2003-05-16,20.0
846,2003-05-19,19.1
847,2003-05-20,19.28
848,2003-05-21,19.21
849,2003-05-22,19.0
850,2003-05-23,19.41
851,2003-05-27,20.1
852,2003-05-28,20.38
853,2003-05-29,20.7
854,2003-05-30,20.79
855,2003-06-02,21.4
856,2003-06-03,21.38
857,2003-06-04,21.96
858,2003-06-05,22.25
859,2003-06-06,22.55
860,2003-06-09,21.5
861,2003-06-10,21.86
862,2003-06-11,22.5
863,2003-06-12,22.76
864,2003-06-13,22.4
865,2003-06-16,23.0
866,2003-06-17,22.98
867,2003-06-18,23.01
868,2003-06-19,22.65
869,2003-06-20,23.0
870,2003-06-23,22.1
871,2003-06-24,22.4
872,2003-06-25,22.2
873,2003-06-26,22.23
874,2003-06-27,22.27
875,2003-06-30,22.3
876,2003-07-01,22.47
877,2003-07-02,22.5
878,2003-07-03,22.55
879,2003-07-07,23.18
880,2003-07-08,23.68
881,2003-07-09,23.59
882,2003-07-10,23.06
883,2003-07-11,23.02
884,2003-07-14,23.96
885,2003-07-15,23.78
886,2003-07-16,23.0
887,2003-07-17,22.71
888,2003-07-18,23.55
889,2003-07-21,23.03
890,2003-07-22,23.49
891,2003-07-23,23.57
892,2003-07-24,23.3
893,2003-07-25,23.76
894,2003-07-28,23.6
895,2003-07-29,23.43
896,2003-07-30,23.26
897,2003-07-31,23.2
898,2003-08-01,23.5
899,2003-08-04,23.46
900,2003-08-05,23.65
901,2003-08-06,23.4
902,2003-08-07,23.7
903,2003-08-08,23.65
904,2003-08-11,23.67
905,2003-08-12,24.3
906,2003-08-13,24.28
907,2003-08-14,24.6
908,2003-08-15,24.42
909,2003-08-18,24.85
910,2003-08-19,24.83
911,2003-08-20,24.7
912,2003-08-21,25.05
913,2003-08-22,24.53
914,2003-08-25,24.72
915,2003-08-26,24.88
916,2003-08-27,24.96
917,2003-08-28,25.16
918,2003-08-29,25.24
919,2003-09-02,26.18
920,2003-09-03,26.8
921,2003-09-04,26.8
922,2003-09-05,26.65
923,2003-09-08,26.43
924,2003-09-09,26.28
925,2003-09-10,25.68
926,2003-09-11,25.93
927,2003-09-12,26.23
928,2003-09-15,25.55
929,2003-09-16,25.87
930,2003-09-17,25.82
931,2003-09-18,26.15
932,2003-09-19,26.7
933,2003-09-22,26.2
934,2003-09-23,26.3
935,2003-09-24,26.08
936,2003-09-25,25.91
937,2003-09-26,26.43
938,2003-09-29,26.77
939,2003-09-30,26.35
940,2003-10-01,27.0
941,2003-10-02,26.99
942,2003-10-03,27.13
943,2003-10-06,27.64
944,2003-10-07,28.05
945,2003-10-08,27.95
946,2003-10-09,28.16
947,2003-10-10,28.46
948,2003-10-13,29.08
949,2003-10-14,28.92
950,2003-10-15,27.24
951,2003-10-16,27.39
952,2003-10-17,26.76
953,2003-10-20,26.84
954,2003-10-21,26.15
955,2003-10-22,25.9
956,2003-10-23,25.96
957,2003-10-24,25.98
958,2003-10-27,26.7
959,2003-10-28,27.51
960,2003-10-29,27.58
961,2003-10-30,27.6
962,2003-10-31,27.58
963,2003-11-03,28.08
964,2003-11-04,28.09
965,2003-11-05,27.72
966,2003-11-06,28.13
967,2003-11-07,28.6
968,2003-11-10,28.47
969,2003-11-11,28.45
970,2003-11-12,28.85
971,2003-11-13,28.85
972,2003-11-14,29.0
973,2003-11-17,29.19
974,2003-11-18,28.95
975,2003-11-19,29.0
976,2003-11-20,28.26
977,2003-11-21,27.99
978,2003-11-24,28.49
979,2003-11-25,28.75
980,2003-11-26,29.02
981,2003-11-28,29.17
982,2003-12-01,29.8
983,2003-12-02,29.8
984,2003-12-03,29.56
985,2003-12-04,29.09
986,2003-12-05,29.12
987,2003-12-08,28.9
988,2003-12-09,29.07
989,2003-12-10,28.96
990,2003-12-11,29.68
991,2003-12-12,30.15
992,2003-12-15,29.69
993,2003-12-16,30.2
994,2003-12-17,29.34
995,2003-12-18,30.1
996,2003-12-19,29.87
997,2003-12-22,29.94
998,2003-12-23,30.33
999,2003-12-24,30.46
1000,2003-12-26,30.76
1001,2003-12-29,31.1
1002,2003-12-30,31.1
1003,2003-12-31,31.13
1004,2004-01-02,30.57
1005,2004-01-05,30.82
1006,2004-01-06,30.9
1007,2004-01-07,30.88
1008,2004-01-08,30.84
1009,2004-01-09,30.68
1010,2004-01-12,30.63
1011,2004-01-13,30.23
1012,2004-01-14,30.39
1013,2004-01-15,30.2
1014,2004-01-16,29.8
1015,2004-01-20,29.99
1016,2004-01-21,23.68
1017,2004-01-22,24.64
1018,2004-01-23,23.35
1019,2004-01-26,23.39
1020,2004-01-27,23.05
1021,2004-01-28,23.04
1022,2004-01-29,23.01
1023,2004-01-30,22.85
1024,2004-02-02,22.68
1025,2004-02-03,22.39
1026,2004-02-04,22.01
1027,2004-02-05,22.52
1028,2004-02-06,22.97
1029,2004-02-09,22.72
1030,2004-02-10,23.08
1031,2004-02-11,22.8
1032,2004-02-12,22.5
1033,2004-02-13,22.27
1034,2004-02-17,22.85
1035,2004-02-18,22.19
1036,2004-02-19,22.09
1037,2004-02-20,21.68
1038,2004-02-23,21.62
1039,2004-02-24,21.19
1040,2004-02-25,20.96
1041,2004-02-26,21.29
1042,2004-02-27,21.23
1043,2004-03-01,21.15
1044,2004-03-02,21.47
1045,2004-03-03,21.29
1046,2004-03-04,21.36
1047,2004-03-05,21.31
1048,2004-03-08,21.99
1049,2004-03-09,21.01
1050,2004-03-10,20.51
1051,2004-03-11,20.24
1052,2004-03-12,20.17
1053,2004-03-15,19.91
1054,2004-03-16,19.93
1055,2004-03-17,20.14
1056,2004-03-18,20.41
1057,2004-03-19,20.22
1058,2004-03-22,19.7
1059,2004-03-23,19.93
1060,2004-03-24,19.9
1061,2004-03-25,20.51
1062,2004-03-26,20.3
1063,2004-03-29,20.92
1064,2004-03-30,21.1
1065,2004-03-31,21.07
1066,2004-04-01,22.09
1067,2004-04-02,22.51
1068,2004-04-05,23.06
1069,2004-04-06,22.96
1070,2004-04-07,22.82
1071,2004-04-08,22.41
1072,2004-04-12,22.46
1073,2004-04-13,22.15
1074,2004-04-14,21.95
1075,2004-04-15,22.0
1076,2004-04-16,22.51
1077,2004-04-19,22.45
1078,2004-04-20,22.1
1079,2004-04-21,22.54
1080,2004-04-22,22.89
1081,2004-04-23,22.62
1082,2004-04-26,22.05
1083,2004-04-27,22.3
1084,2004-04-28,22.5
1085,2004-04-29,22.13
1086,2004-04-30,22.2
1087,2004-05-03,22.32
1088,2004-05-04,22.7
1089,2004-05-05,22.66
1090,2004-05-06,22.39
1091,2004-05-07,22.19
1092,2004-05-10,22.09
1093,2004-05-11,21.79
1094,2004-05-12,21.73
1095,2004-05-13,22.42
1096,2004-05-14,22.19
1097,2004-05-17,22.04
1098,2004-05-18,22.13
1099,2004-05-19,22.25
1100,2004-05-20,22.24
1101,2004-05-21,22.85
1102,2004-05-24,22.49
1103,2004-05-25,22.7
1104,2004-05-26,22.88
1105,2004-05-27,22.54
1106,2004-05-28,22.98
1107,2004-06-01,23.36
1108,2004-06-02,23.6
1109,2004-06-03,22.86
1110,2004-06-04,23.15
1111,2004-06-07,23.19
1112,2004-06-08,22.6
1113,2004-06-09,22.74
1114,2004-06-10,22.48
1115,2004-06-14,21.99
1116,2004-06-15,22.45
1117,2004-06-16,22.34
1118,2004-06-17,22.15
1119,2004-06-18,21.55
1120,2004-06-21,21.51
1121,2004-06-22,21.55
1122,2004-06-23,21.51
1123,2004-06-24,21.42
1124,2004-06-25,21.06
1125,2004-06-28,21.55
1126,2004-06-29,21.4
1127,2004-06-30,21.9
1128,2004-07-01,21.56
1129,2004-07-02,21.51
1130,2004-07-06,21.02
1131,2004-07-07,21.03
1132,2004-07-08,22.09
1133,2004-07-09,21.9
1134,2004-07-12,21.85
1135,2004-07-13,21.55
1136,2004-07-14,21.24
1137,2004-07-15,21.13
1138,2004-07-16,20.98
1139,2004-07-19,20.96
1140,2004-07-20,21.39
1141,2004-07-21,22.8
1142,2004-07-22,23.0
1143,2004-07-23,23.03
1144,2004-07-26,22.92
1145,2004-07-27,22.99
1146,2004-07-28,22.57
1147,2004-07-29,22.97
1148,2004-07-30,22.74
1149,2004-08-02,22.89
1150,2004-08-03,22.7
1151,2004-08-04,22.43
1152,2004-08-05,22.0
1153,2004-08-06,21.72
1154,2004-08-09,21.92
1155,2004-08-10,21.57
1156,2004-08-11,21.56
1157,2004-08-12,21.16
1158,2004-08-13,21.12
1159,2004-08-16,21.93
1160,2004-08-17,22.07
1161,2004-08-18,22.15
1162,2004-08-19,22.07
1163,2004-08-20,22.48
1164,2004-08-23,21.88
1165,2004-08-24,22.17
1166,2004-08-25,22.57
1167,2004-08-26,22.36
1168,2004-08-27,22.5
1169,2004-08-30,22.37
1170,2004-08-31,22.24
1171,2004-09-01,22.72
1172,2004-09-02,22.87
1173,2004-09-03,22.75
1174,2004-09-07,23.41
1175,2004-09-08,23.61
1176,2004-09-09,23.82
1177,2004-09-10,24.26
1178,2004-09-13,24.54
1179,2004-09-14,25.11
1180,2004-09-15,24.94
1181,2004-09-16,25.31
1182,2004-09-17,25.31
1183,2004-09-20,25.38
1184,2004-09-21,25.4
1185,2004-09-22,25.27
1186,2004-09-23,25.14
1187,2004-09-24,25.35
1188,2004-09-27,25.01
1189,2004-09-28,25.24
1190,2004-09-29,25.43
1191,2004-09-30,25.24
1192,2004-10-01,25.48
1193,2004-10-04,26.0
1194,2004-10-05,26.25
1195,2004-10-06,26.07
1196,2004-10-07,25.62
1197,2004-10-08,25.26
1198,2004-10-11,25.4
1199,2004-10-12,25.18
1200,2004-10-13,25.14
1201,2004-10-14,25.0
1202,2004-10-15,25.3
1203,2004-10-18,26.09
1204,2004-10-19,26.52
1205,2004-10-20,23.35
1206,2004-10-21,23.51
1207,2004-10-22,23.1
1208,2004-10-25,22.65
1209,2004-10-26,23.43
1210,2004-10-27,23.76
1211,2004-10-28,23.76
1212,2004-10-29,23.6
1213,2004-11-01,23.9
1214,2004-11-02,23.55
1215,2004-11-03,23.75
1216,2004-11-04,24.58
1217,2004-11-05,24.78
1218,2004-11-08,24.85
1219,2004-11-09,24.85
1220,2004-11-10,24.96
1221,2004-11-11,25.15
1222,2004-11-12,24.98
1223,2004-11-15,25.38
1224,2004-11-16,25.58
1225,2004-11-17,25.69
1226,2004-11-18,26.46
1227,2004-11-19,25.92
1228,2004-11-22,25.65
1229,2004-11-23,25.54
1230,2004-11-24,26.11
1231,2004-11-26,26.03
1232,2004-11-29,25.91
1233,2004-11-30,25.81
1234,2004-12-01,26.25
1235,2004-12-02,26.27
1236,2004-12-03,26.36
1237,2004-12-06,25.99
1238,2004-12-07,25.58
1239,2004-12-08,25.4
1240,2004-12-09,25.43
1241,2004-12-10,25.18
1242,2004-12-13,25.6
1243,2004-12-14,25.44
1244,2004-12-15,25.36
1245,2004-12-16,24.98
1246,2004-12-17,24.78
1247,2004-12-20,24.98
1248,2004-12-21,25.0
1249,2004-12-22,25.23
1250,2004-12-23,24.94
1251,2004-12-27,25.11
1252,2004-12-28,24.9
1253,2004-12-29,24.93
1254,2004-12-30,24.6
1255,2004-12-31,24.3
1256,2005-01-03,24.46
1257,2005-01-04,23.78
1258,2005-01-05,23.36
1259,2005-01-06,23.66
1260,2005-01-07,23.48
1261,2005-01-10,23.35
1262,2005-01-11,23.05
1263,2005-01-12,22.95
1264,2005-01-13,22.75
1265,2005-01-14,22.84
1266,2005-01-18,23.45
1267,2005-01-19,22.55
1268,2005-01-20,23.0
1269,2005-01-21,22.97
1270,2005-01-24,23.21
1271,2005-01-25,22.98
1272,2005-01-26,23.33
1273,2005-01-27,23.14
1274,2005-01-28,23.6
1275,2005-01-31,23.61
1276,2005-02-01,23.92
1277,2005-02-02,24.0
1278,2005-02-03,24.09
1279,2005-02-04,24.39
1280,2005-02-07,24.18
1281,2005-02-08,25.38
1282,2005-02-09,24.39
1283,2005-02-10,24.57
1284,2005-02-11,24.73
1285,2005-02-14,24.52
1286,2005-02-15,24.88
1287,2005-02-16,24.24
1288,2005-02-17,24.35
1289,2005-02-18,23.75
1290,2005-02-22,23.83
1291,2005-02-23,23.68
1292,2005-02-24,24.1
1293,2005-02-25,24.07
1294,2005-02-28,24.03
1295,2005-03-01,23.77
1296,2005-03-02,24.41
1297,2005-03-03,24.42
1298,2005-03-04,24.42
1299,2005-03-07,24.52
1300,2005-03-08,24.45
1301,2005-03-09,24.53
1302,2005-03-10,24.99
1303,2005-03-11,24.82
1304,2005-03-14,25.3
1305,2005-03-15,24.63
1306,2005-03-16,24.81
1307,2005-03-17,25.16
1308,2005-03-18,25.32
1309,2005-03-21,25.18
1310,2005-03-22,24.95
1311,2005-03-23,24.84
1312,2005-03-24,24.93
1313,2005-03-28,24.85
1314,2005-03-29,24.66
1315,2005-03-30,24.92
1316,2005-03-31,24.99
1317,2005-04-01,24.68
1318,2005-04-04,24.68
1319,2005-04-05,24.59
1320,2005-04-06,24.91
1321,2005-04-07,24.68
1322,2005-04-08,24.54
1323,2005-04-11,24.6
1324,2005-04-12,25.02
1325,2005-04-13,24.91
1326,2005-04-14,24.19
1327,2005-04-15,23.99
1328,2005-04-18,24.57
1329,2005-04-19,24.57
1330,2005-04-20,25.09
1331,2005-04-21,25.43
1332,2005-04-22,24.13
1333,2005-04-25,24.69
1334,2005-04-26,24.81
1335,2005-04-27,24.86
1336,2005-04-28,24.4
1337,2005-04-29,24.58
1338,2005-05-02,24.41
1339,2005-05-03,24.43
1340,2005-05-04,24.13
1341,2005-05-05,23.99
1342,2005-05-06,23.98
1343,2005-05-09,23.69
1344,2005-05-10,23.5
1345,2005-05-11,23.9
1346,2005-05-12,23.89
1347,2005-05-13,23.67
1348,2005-05-16,24.46
1349,2005-05-17,24.2
1350,2005-05-18,24.36
1351,2005-05-19,24.23
1352,2005-05-20,24.29
1353,2005-05-23,24.39
1354,2005-05-24,24.49
1355,2005-05-25,24.33
1356,2005-05-26,24.52
1357,2005-05-27,24.69
1358,2005-05-31,24.35
1359,2005-06-01,24.57
1360,2005-06-02,24.44
1361,2005-06-03,24.39
1362,2005-06-06,24.46
1363,2005-06-07,24.44
1364,2005-06-08,24.26
1365,2005-06-09,24.51
1366,2005-06-10,24.42
1367,2005-06-13,24.42
1368,2005-06-14,24.41
1369,2005-06-15,24.52
1370,2005-06-16,24.63
1371,2005-06-17,23.95
1372,2005-06-20,24.16
1373,2005-06-21,23.85
1374,2005-06-22,24.0
1375,2005-06-23,23.7
1376,2005-06-24,23.3
1377,2005-06-27,22.91
1378,2005-06-28,23.26
1379,2005-06-29,23.17
1380,2005-06-30,24.1
1381,2005-07-01,23.8
1382,2005-07-05,23.97
1383,2005-07-06,23.53
1384,2005-07-07,23.54
1385,2005-07-08,23.91
1386,2005-07-11,24.03
1387,2005-07-12,24.0
1388,2005-07-13,23.96
1389,2005-07-14,23.93
1390,2005-07-15,23.96
1391,2005-07-18,24.06
1392,2005-07-19,24.0
1393,2005-07-20,24.95
1394,2005-07-21,24.8
1395,2005-07-22,25.0
1396,2005-07-25,24.71
1397,2005-07-26,24.8
1398,2005-07-27,24.92
1399,2005-07-28,25.01
1400,2005-07-29,24.56
1401,2005-08-01,24.58
1402,2005-08-02,24.42
1403,2005-08-03,24.18
1404,2005-08-04,24.0
1405,2005-08-05,23.67
1406,2005-08-08,23.73
1407,2005-08-09,24.0
1408,2005-08-10,23.69
1409,2005-08-11,23.93
1410,2005-08-12,23.78
1411,2005-08-15,23.69
1412,2005-08-16,23.74
1413,2005-08-17,23.95
1414,2005-08-18,23.86
1415,2005-08-19,23.9
1416,2005-08-22,23.99
1417,2005-08-23,23.82
1418,2005-08-24,23.69
1419,2005-08-25,23.64
1420,2005-08-26,23.47
1421,2005-08-29,23.62
1422,2005-08-30,23.32
1423,2005-08-31,23.45
1424,2005-09-01,23.81
1425,2005-09-02,23.64
1426,2005-09-06,23.63
1427,2005-09-07,23.84
1428,2005-09-08,23.66
1429,2005-09-09,23.61
1430,2005-09-12,23.8
1431,2005-09-13,23.59
1432,2005-09-14,23.47
1433,2005-09-15,23.4
1434,2005-09-16,23.55
1435,2005-09-19,23.56
1436,2005-09-20,23.45
1437,2005-09-21,23.25
1438,2005-09-22,23.06
1439,2005-09-23,23.22
1440,2005-09-26,22.94
1441,2005-09-27,22.77
1442,2005-09-28,22.74
1443,2005-09-29,23.29
1444,2005-09-30,23.31
1445,2005-10-03,23.3
1446,2005-10-04,23.1
1447,2005-10-05,22.76
1448,2005-10-06,22.59
1449,2005-10-07,22.62
1450,2005-10-10,22.55
1451,2005-10-11,22.62
1452,2005-10-12,22.33
1453,2005-10-13,22.47
1454,2005-10-14,22.71
1455,2005-10-17,22.86
1456,2005-10-18,22.87
1457,2005-10-19,20.91
1458,2005-10-20,20.65
1459,2005-10-21,20.73
1460,2005-10-24,21.12
1461,2005-10-25,20.79
1462,2005-10-26,21.2
1463,2005-10-27,20.93
1464,2005-10-28,21.27
1465,2005-10-31,21.31
1466,2005-11-01,21.1
1467,2005-11-02,21.56
1468,2005-11-03,21.69
1469,2005-11-04,21.74
1470,2005-11-07,21.74
1471,2005-11-08,21.72
1472,2005-11-09,21.6
1473,2005-11-10,21.91
1474,2005-11-11,21.93
1475,2005-11-14,21.78
1476,2005-11-15,21.73
1477,2005-11-16,21.72
1478,2005-11-17,22.09
1479,2005-11-18,21.55
1480,2005-11-21,21.31
1481,2005-11-22,21.31
1482,2005-11-23,21.2
1483,2005-11-25,22.04
1484,2005-11-28,21.75
1485,2005-11-29,21.77
1486,2005-11-30,21.56
1487,2005-12-01,22.01
1488,2005-12-02,22.48
1489,2005-12-05,22.55
1490,2005-12-06,22.32
1491,2005-12-07,22.46
1492,2005-12-08,22.22
1493,2005-12-09,21.97
1494,2005-12-12,22.12
1495,2005-12-13,22.27
1496,2005-12-14,22.3
1497,2005-12-15,22.36
1498,2005-12-16,22.46
1499,2005-12-19,22.44
1500,2005-12-20,21.96
1501,2005-12-21,18.91
1502,2005-12-22,19.68
1503,2005-12-23,19.78
1504,2005-12-27,19.82
1505,2005-12-28,19.89
1506,2005-12-29,19.89
1507,2005-12-30,19.79
1508,2006-01-03,19.46
1509,2006-01-04,19.89
1510,2006-01-05,20.47
1511,2006-01-06,20.32
1512,2006-01-09,20.18
1513,2006-01-10,20.48
1514,2006-01-11,20.76
1515,2006-01-12,20.11
1516,2006-01-13,20.31
1517,2006-01-17,19.95
1518,2006-01-18,19.26
1519,2006-01-19,19.55
1520,2006-01-20,19.84
1521,2006-01-23,19.77
1522,2006-01-24,19.74
1523,2006-01-25,19.62
1524,2006-01-26,19.64
1525,2006-01-27,19.72
1526,2006-01-30,19.32
1527,2006-01-31,19.63
1528,2006-02-01,19.93
1529,2006-02-02,19.51
1530,2006-02-03,19.45
1531,2006-02-06,20.0
1532,2006-02-07,19.59
1533,2006-02-08,19.65
1534,2006-02-09,19.49
1535,2006-02-10,19.5
1536,2006-02-13,19.81
1537,2006-02-14,19.5
1538,2006-02-15,19.74
1539,2006-02-16,19.95
1540,2006-02-17,19.6
1541,2006-02-21,19.6
1542,2006-02-22,19.89
1543,2006-02-23,19.85
1544,2006-02-24,19.87
1545,2006-02-27,19.95
1546,2006-02-28,19.6
1547,2006-03-01,19.73
1548,2006-03-02,19.85
1549,2006-03-03,19.84
1550,2006-03-06,19.76
1551,2006-03-07,19.82
1552,2006-03-08,19.7
1553,2006-03-09,19.66
1554,2006-03-10,19.85
1555,2006-03-13,19.79
1556,2006-03-14,19.84
1557,2006-03-15,19.88
1558,2006-03-16,20.07
1559,2006-03-17,20.07
1560,2006-03-20,19.9
1561,2006-03-21,20.0
1562,2006-03-22,19.86
1563,2006-03-23,20.04
1564,2006-03-24,20.08
1565,2006-03-27,20.01
1566,2006-03-28,19.87
1567,2006-03-29,19.99
1568,2006-03-30,19.99
1569,2006-03-31,19.92
1570,2006-04-03,20.0
1571,2006-04-04,20.04
1572,2006-04-05,20.11
1573,2006-04-06,20.04
1574,2006-04-07,19.96
1575,2006-04-10,19.89
1576,2006-04-11,19.51
1577,2006-04-12,19.5
1578,2006-04-13,19.6
1579,2006-04-17,19.5
1580,2006-04-18,20.01
1581,2006-04-19,19.67
1582,2006-04-20,20.61
1583,2006-04-21,20.42
1584,2006-04-24,20.19
1585,2006-04-25,20.09
1586,2006-04-26,20.33
1587,2006-04-27,20.07
1588,2006-04-28,20.03
1589,2006-05-01,20.1
1590,2006-05-02,19.89
1591,2006-05-03,20.03
1592,2006-05-04,20.07
1593,2006-05-05,20.16
1594,2006-05-08,20.08
1595,2006-05-09,19.9
1596,2006-05-10,19.95
1597,2006-05-11,19.1
1598,2006-05-12,19.07
1599,2006-05-15,19.22
1600,2006-05-16,19.17
1601,2006-05-17,18.83
1602,2006-05-18,18.81
1603,2006-05-19,19.05
1604,2006-05-22,18.68
1605,2006-05-23,18.13
1606,2006-05-24,18.27
1607,2006-05-25,18.47
1608,2006-05-26,18.23
1609,2006-05-30,18.16
1610,2006-05-31,18.07
1611,2006-06-01,18.43
1612,2006-06-02,18.72
1613,2006-06-05,18.52
1614,2006-06-06,18.77
1615,2006-06-07,18.6
1616,2006-06-08,18.6
1617,2006-06-09,18.47
1618,2006-06-12,18.29
1619,2006-06-13,18.2
1620,2006-06-14,18.22
1621,2006-06-15,18.32
1622,2006-06-16,18.79
1623,2006-06-19,18.65
1624,2006-06-20,18.33
1625,2006-06-21,18.93
1626,2006-06-22,18.76
1627,2006-06-23,19.11
1628,2006-06-26,19.06
1629,2006-06-27,18.86
1630,2006-06-28,18.91
1631,2006-06-29,19.25
1632,2006-06-30,19.25
1633,2006-07-03,19.76
1634,2006-07-05,19.08
1635,2006-07-06,18.93
1636,2006-07-07,18.96
1637,2006-07-10,18.66
1638,2006-07-11,18.7
1639,2006-07-12,18.63
1640,2006-07-13,18.41
1641,2006-07-14,18.41
1642,2006-07-17,18.8
1643,2006-07-18,18.31
1644,2006-07-19,20.26
1645,2006-07-20,20.23
1646,2006-07-21,20.2
1647,2006-07-24,20.25
1648,2006-07-25,20.45
1649,2006-07-26,20.56
1650,2006-07-27,20.61
1651,2006-07-28,20.98
1652,2006-07-31,21.02
1653,2006-08-01,21.07
1654,2006-08-02,21.3
1655,2006-08-03,21.66
1656,2006-08-04,21.36
1657,2006-08-07,21.45
1658,2006-08-08,21.51
1659,2006-08-09,21.64
1660,2006-08-10,21.71
1661,2006-08-11,21.59
1662,2006-08-14,22.0
1663,2006-08-15,22.36
1664,2006-08-16,22.61
1665,2006-08-17,22.42
1666,2006-08-18,22.84
1667,2006-08-21,22.55
1668,2006-08-22,22.81
1669,2006-08-23,22.73
1670,2006-08-24,22.54
1671,2006-08-25,22.51
1672,2006-08-28,22.65
1673,2006-08-29,22.7
1674,2006-08-30,22.42
1675,2006-08-31,22.29
1676,2006-09-01,22.44
1677,2006-09-05,22.39
1678,2006-09-06,22.2
1679,2006-09-07,22.48
1680,2006-09-08,22.5
1681,2006-09-11,22.59
1682,2006-09-12,22.86
1683,2006-09-13,23.4
1684,2006-09-14,23.62
1685,2006-09-15,23.52
1686,2006-09-18,23.21
1687,2006-09-19,23.2
1688,2006-09-20,23.49
1689,2006-09-21,23.01
1690,2006-09-22,22.98
1691,2006-09-25,22.98
1692,2006-09-26,23.73
1693,2006-09-27,23.8
1694,2006-09-28,22.94
1695,2006-09-29,22.83
1696,2006-10-02,22.52
1697,2006-10-03,22.69
1698,2006-10-04,22.94
1699,2006-10-05,23.46
1700,2006-10-06,23.26
1701,2006-10-09,23.16
1702,2006-10-10,22.98
1703,2006-10-11,23.1
1704,2006-10-12,23.07
1705,2006-10-13,23.18
1706,2006-10-16,23.8
1707,2006-10-17,23.33
1708,2006-10-18,24.14
1709,2006-10-19,23.42
1710,2006-10-20,23.2
1711,2006-10-23,24.22
1712,2006-10-24,23.98
1713,2006-10-25,24.04
1714,2006-10-26,24.4
1715,2006-10-27,24.27
1716,2006-10-30,24.61
1717,2006-10-31,24.08
1718,2006-11-01,24.05
1719,2006-11-02,24.29
1720,2006-11-03,24.16
1721,2006-11-06,24.58
1722,2006-11-07,24.45
1723,2006-11-08,24.87
1724,2006-11-09,24.67
1725,2006-11-10,24.89
1726,2006-11-13,24.99
1727,2006-11-14,25.25
1728,2006-11-15,25.19
1729,2006-11-16,25.71
1730,2006-11-17,25.74
1731,2006-11-20,25.76
1732,2006-11-21,25.98
1733,2006-11-22,25.49
1734,2006-11-24,25.41
1735,2006-11-27,25.19
1736,2006-11-28,25.65
1737,2006-11-29,25.76
1738,2006-11-30,25.97
1739,2006-12-01,25.88
1740,2006-12-04,26.08
1741,2006-12-05,26.34
1742,2006-12-06,26.2
1743,2006-12-07,26.0
1744,2006-12-08,25.95
1745,2006-12-11,25.94
1746,2006-12-12,25.93
1747,2006-12-13,26.13
1748,2006-12-14,26.12
1749,2006-12-15,26.07
1750,2006-12-18,26.17
1751,2006-12-19,26.24
1752,2006-12-20,26.23
1753,2006-12-21,26.14
1754,2006-12-22,26.07
1755,2006-12-26,26.2
1756,2006-12-27,26.41
1757,2006-12-28,26.54
1758,2006-12-29,26.39
1759,2007-01-03,25.99
1760,2007-01-04,26.39
1761,2007-01-05,25.96
1762,2007-01-08,26.2
1763,2007-01-09,26.17
1764,2007-01-10,26.45
1765,2007-01-11,26.55
1766,2007-01-12,27.1
1767,2007-01-16,27.11
1768,2007-01-17,29.89
1769,2007-01-18,29.6
1770,2007-01-19,29.27
1771,2007-01-22,29.49
1772,2007-01-23,29.83
1773,2007-01-24,30.15
1774,2007-01-25,29.92
1775,2007-01-26,29.81
1776,2007-01-29,30.06
1777,2007-01-30,30.68
1778,2007-01-31,30.9
1779,2007-02-01,31.27
1780,2007-02-02,31.49
1781,2007-02-05,31.46
1782,2007-02-06,31.55
1783,2007-02-07,31.77
1784,2007-02-08,31.48
1785,2007-02-09,31.32
1786,2007-02-12,31.49
1787,2007-02-13,31.12
1788,2007-02-14,31.46
1789,2007-02-15,31.83
1790,2007-02-16,32.0
1791,2007-02-20,32.42
1792,2007-02-21,32.51
1793,2007-02-22,32.45
1794,2007-02-23,32.07
1795,2007-02-26,32.65
1796,2007-02-27,31.68
1797,2007-02-28,31.18
1798,2007-03-01,31.38
1799,2007-03-02,30.81
1800,2007-03-05,30.12
1801,2007-03-06,30.5
1802,2007-03-07,30.47
1803,2007-03-08,30.91
1804,2007-03-09,30.97
1805,2007-03-12,31.29
1806,2007-03-13,30.57
1807,2007-03-14,30.59
1808,2007-03-15,31.03
1809,2007-03-16,30.73
1810,2007-03-19,31.32
1811,2007-03-20,31.44
1812,2007-03-21,32.27
1813,2007-03-22,32.39
1814,2007-03-23,32.32
1815,2007-03-26,32.33
1816,2007-03-27,32.17
1817,2007-03-28,31.74
1818,2007-03-29,31.65
1819,2007-03-30,31.85
1820,2007-04-02,32.04
1821,2007-04-03,32.29
1822,2007-04-04,32.56
1823,2007-04-05,32.57
1824,2007-04-09,32.44
1825,2007-04-10,32.37
1826,2007-04-11,32.09
1827,2007-04-12,32.21
1828,2007-04-13,32.34
1829,2007-04-16,32.55
1830,2007-04-17,32.33
1831,2007-04-18,32.38
1832,2007-04-19,32.2
1833,2007-04-20,32.84
1834,2007-04-23,32.17
1835,2007-04-24,31.77
1836,2007-04-25,31.95
1837,2007-04-26,31.74
1838,2007-04-27,31.75
1839,2007-04-30,31.06
1840,2007-05-01,31.08
1841,2007-05-02,31.15
1842,2007-05-03,31.49
1843,2007-05-04,31.31
1844,2007-05-07,31.63
1845,2007-05-08,31.46
1846,2007-05-09,32.04
1847,2007-05-10,31.13
1848,2007-05-11,31.66
1849,2007-05-14,31.31
1850,2007-05-15,31.02
1851,2007-05-16,31.11
1852,2007-05-17,32.4
1853,2007-05-18,32.26
1854,2007-05-21,32.44
1855,2007-05-22,34.06
1856,2007-05-23,34.33
1857,2007-05-24,33.27
1858,2007-05-25,33.26
1859,2007-05-29,32.6
1860,2007-05-30,32.67
1861,2007-05-31,33.19
1862,2007-06-01,33.2
1863,2007-06-04,32.91
1864,2007-06-05,31.89
1865,2007-06-06,31.63
1866,2007-06-07,30.73
1867,2007-06-08,30.97
1868,2007-06-11,31.09
1869,2007-06-12,30.39
1870,2007-06-13,30.63
1871,2007-06-14,30.52
1872,2007-06-15,30.47
1873,2007-06-18,30.72
1874,2007-06-19,30.68
1875,2007-06-20,30.41
1876,2007-06-21,30.27
1877,2007-06-22,29.37
1878,2007-06-25,29.39
1879,2007-06-26,29.66
1880,2007-06-27,29.88
1881,2007-06-28,29.66
1882,2007-06-29,29.51
1883,2007-07-02,29.59
1884,2007-07-03,30.28
1885,2007-07-05,29.76
1886,2007-07-06,30.0
1887,2007-07-09,29.68
1888,2007-07-10,29.35
1889,2007-07-11,29.52
1890,2007-07-12,30.0
1891,2007-07-13,29.8
1892,2007-07-16,29.56
1893,2007-07-17,30.03
1894,2007-07-18,29.65
1895,2007-07-19,29.57
1896,2007-07-20,29.44
1897,2007-07-23,29.36
1898,2007-07-24,29.49
1899,2007-07-25,29.35
1900,2007-07-26,28.61
1901,2007-07-27,28.76
1902,2007-07-30,28.68
1903,2007-07-31,28.13
1904,2007-08-01,28.75
1905,2007-08-02,29.13
1906,2007-08-03,28.4
1907,2007-08-06,28.79
1908,2007-08-07,28.95
1909,2007-08-08,29.19
1910,2007-08-09,27.53
1911,2007-08-10,27.28
1912,2007-08-13,28.06
1913,2007-08-14,27.39
1914,2007-08-15,27.67
1915,2007-08-16,27.81
1916,2007-08-17,28.26
1917,2007-08-20,27.68
1918,2007-08-21,28.0
1919,2007-08-22,28.23
1920,2007-08-23,28.16
1921,2007-08-24,28.54
1922,2007-08-27,28.01
1923,2007-08-28,27.47
1924,2007-08-29,27.93
1925,2007-08-30,27.77
1926,2007-08-31,27.74
1927,2007-09-04,28.02
1928,2007-09-05,27.63
1929,2007-09-06,27.36
1930,2007-09-07,26.94
1931,2007-09-10,26.97
1932,2007-09-11,28.01
1933,2007-09-12,27.98
1934,2007-09-13,27.76
1935,2007-09-14,28.08
1936,2007-09-17,27.87
1937,2007-09-18,28.18
1938,2007-09-19,28.42
1939,2007-09-20,27.76
1940,2007-09-21,28.03
1941,2007-09-24,27.79
1942,2007-09-25,27.52
1943,2007-09-26,28.04
1944,2007-09-27,28.42
1945,2007-09-28,27.78
1946,2007-10-01,27.86
1947,2007-10-02,28.14
1948,2007-10-03,28.22
1949,2007-10-04,28.0
1950,2007-10-05,28.55
1951,2007-10-08,28.92
1952,2007-10-09,29.18
1953,2007-10-10,29.07
1954,2007-10-11,28.88
1955,2007-10-12,28.67
1956,2007-10-15,28.35
1957,2007-10-16,28.17
1958,2007-10-17,28.18
1959,2007-10-18,28.34
1960,2007-10-19,27.77
1961,2007-10-22,28.0
1962,2007-10-23,29.25
1963,2007-10-24,29.97
1964,2007-10-25,29.4
1965,2007-10-26,29.25
1966,2007-10-29,30.48
1967,2007-10-30,29.21
1968,2007-10-31,29.96
1969,2007-11-01,29.55
1970,2007-11-02,29.9
1971,2007-11-05,29.17
1972,2007-11-06,29.29
1973,2007-11-07,28.68
1974,2007-11-08,29.42
1975,2007-11-09,29.15
1976,2007-11-12,28.81
1977,2007-11-13,29.16
1978,2007-11-14,29.26
1979,2007-11-15,28.53
1980,2007-11-16,28.25
1981,2007-11-19,27.65
1982,2007-11-20,27.68
1983,2007-11-21,27.42
1984,2007-11-23,28.62
1985,2007-11-26,27.24
1986,2007-11-27,27.41
1987,2007-11-28,27.92
1988,2007-11-29,27.8
1989,2007-11-30,28.04
1990,2007-12-03,27.95
1991,2007-12-04,27.01
1992,2007-12-05,26.93
1993,2007-12-06,27.2
1994,2007-12-07,27.08
1995,2007-12-10,27.57
1996,2007-12-11,28.54
1997,2007-12-12,28.22
1998,2007-12-13,28.8
1999,2007-12-14,28.81
2000,2007-12-17,29.15
2001,2007-12-18,29.83
2002,2007-12-19,25.5
2003,2007-12-20,26.09
2004,2007-12-21,26.65
2005,2007-12-24,27.13
2006,2007-12-26,27.64
2007,2007-12-27,27.86
2008,2007-12-28,28.12
2009,2007-12-31,28.0
2010,2008-01-02,26.96
2011,2008-01-03,26.2
2012,2008-01-04,25.19
2013,2008-01-07,25.06
2014,2008-01-08,22.97
2015,2008-01-09,23.16
2016,2008-01-10,24.02
2017,2008-01-11,22.58
2018,2008-01-14,22.8
2019,2008-01-15,21.76
2020,2008-01-16,21.7
2021,2008-01-17,20.61
2022,2008-01-18,20.23
2023,2008-01-22,20.36
2024,2008-01-23,21.06
2025,2008-01-24,22.41
2026,2008-01-25,22.24
2027,2008-01-28,22.36
2028,2008-01-29,22.78
2029,2008-01-30,22.68
2030,2008-01-31,23.1
2031,2008-02-01,23.45
2032,2008-02-04,22.94
2033,2008-02-05,22.22
2034,2008-02-06,21.88
2035,2008-02-07,22.07
2036,2008-02-08,21.85
2037,2008-02-11,21.79
2038,2008-02-12,22.23
2039,2008-02-13,22.73
2040,2008-02-14,22.26
2041,2008-02-15,22.11
2042,2008-02-19,21.83
2043,2008-02-20,22.35
2044,2008-02-21,22.01
2045,2008-02-22,22.85
2046,2008-02-25,22.96
2047,2008-02-26,23.22
2048,2008-02-27,23.61
2049,2008-02-28,22.97
2050,2008-02-29,22.23
2051,2008-03-03,22.41
2052,2008-03-04,22.6
2053,2008-03-05,22.76
2054,2008-03-06,22.29
2055,2008-03-07,22.34
2056,2008-03-10,21.89
2057,2008-03-11,22.47
2058,2008-03-12,21.96
2059,2008-03-13,21.81
2060,2008-03-14,21.8
2061,2008-03-17,21.7
2062,2008-03-18,22.62
2063,2008-03-19,22.34
2064,2008-03-20,22.78
2065,2008-03-24,23.09
2066,2008-03-25,23.32
2067,2008-03-26,23.07
2068,2008-03-27,23.99
2069,2008-03-28,23.56
2070,2008-03-31,23.66
2071,2008-04-01,24.93
2072,2008-04-02,25.76
2073,2008-04-03,25.77
2074,2008-04-04,26.06
2075,2008-04-07,25.44
2076,2008-04-08,25.41
2077,2008-04-09,24.8
2078,2008-04-10,24.71
2079,2008-04-11,24.36
2080,2008-04-14,24.19
2081,2008-04-15,24.0
2082,2008-04-16,24.76
2083,2008-04-17,24.48
2084,2008-04-18,24.94
2085,2008-04-21,24.69
2086,2008-04-22,24.42
2087,2008-04-23,25.09
2088,2008-04-24,25.39
2089,2008-04-25,25.41
2090,2008-04-28,25.24
2091,2008-04-29,23.75
2092,2008-04-30,23.8
2093,2008-05-01,24.39
2094,2008-05-02,24.44
2095,2008-05-05,24.5
2096,2008-05-06,24.87
2097,2008-05-07,24.56
2098,2008-05-08,24.48
2099,2008-05-09,24.36
2100,2008-05-12,24.63
2101,2008-05-13,24.89
2102,2008-05-14,25.21
2103,2008-05-15,24.99
2104,2008-05-16,24.78
2105,2008-05-19,24.71
2106,2008-05-20,24.48
2107,2008-05-21,24.03
2108,2008-05-22,24.01
2109,2008-05-23,23.57
2110,2008-05-27,23.91
2111,2008-05-28,24.74
2112,2008-05-29,24.66
2113,2008-05-30,24.52
2114,2008-06-02,24.65
2115,2008-06-03,24.46
2116,2008-06-04,24.6
2117,2008-06-05,25.06
2118,2008-06-06,24.41
2119,2008-06-09,24.44
2120,2008-06-10,24.38
2121,2008-06-11,24.07
2122,2008-06-12,24.28
2123,2008-06-13,24.53
2124,2008-06-16,24.44
2125,2008-06-17,23.91
2126,2008-06-18,23.63
2127,2008-06-19,23.81
2128,2008-06-20,23.2
2129,2008-06-23,23.28
2130,2008-06-24,22.92
2131,2008-06-25,23.23
2132,2008-06-26,22.38
2133,2008-06-27,22.36
2134,2008-06-30,22.22
2135,2008-07-01,22.48
2136,2008-07-02,22.14
2137,2008-07-03,22.17
2138,2008-07-07,22.11
2139,2008-07-08,22.9
2140,2008-07-09,22.42
2141,2008-07-10,22.28
2142,2008-07-11,21.91
2143,2008-07-14,21.97
2144,2008-07-15,21.88
2145,2008-07-16,22.33
2146,2008-07-17,22.88
2147,2008-07-18,23.01
2148,2008-07-21,22.7
2149,2008-07-22,22.73
2150,2008-07-23,22.89
2151,2008-07-24,22.44
2152,2008-07-25,22.29
2153,2008-07-28,21.79
2154,2008-07-29,22.05
2155,2008-07-30,22.12
2156,2008-07-31,19.58
2157,2008-08-01,19.23
2158,2008-08-04,19.28
2159,2008-08-05,20.17
2160,2008-08-06,20.2
2161,2008-08-07,19.92
2162,2008-08-08,21.1
2163,2008-08-11,21.08
2164,2008-08-12,20.91
2165,2008-08-13,20.63
2166,2008-08-14,20.75
2167,2008-08-15,20.89
2168,2008-08-18,20.58
2169,2008-08-19,19.6
2170,2008-08-20,19.45
2171,2008-08-21,19.53
2172,2008-08-22,19.97
2173,2008-08-25,19.47
2174,2008-08-26,19.47
2175,2008-08-27,19.69
2176,2008-08-28,20.06
2177,2008-08-29,19.92
2178,2008-09-02,19.97
2179,2008-09-03,19.78
2180,2008-09-04,19.03
2181,2008-09-05,19.01
2182,2008-09-08,19.68
2183,2008-09-09,19.05
2184,2008-09-10,19.05
2185,2008-09-11,18.92
2186,2008-09-12,18.76
2187,2008-09-15,17.94
2188,2008-09-16,17.99
2189,2008-09-17,17.13
2190,2008-09-18,17.51
2191,2008-09-19,18.04
2192,2008-09-22,17.65
2193,2008-09-23,17.79
2194,2008-09-24,17.96
2195,2008-09-25,18.3
2196,2008-09-26,17.45
2197,2008-09-29,15.28
2198,2008-09-30,16.4
2199,2008-10-01,15.87
2200,2008-10-02,15.44
2201,2008-10-03,15.46
2202,2008-10-06,14.71
2203,2008-10-07,14.22
2204,2008-10-08,14.22
2205,2008-10-09,13.6
2206,2008-10-10,13.56
2207,2008-10-13,14.61
2208,2008-10-14,14.57
2209,2008-10-15,13.02
2210,2008-10-16,13.4
2211,2008-10-17,13.4
2212,2008-10-20,13.66
2213,2008-10-21,12.75
2214,2008-10-22,11.79
2215,2008-10-23,11.84
2216,2008-10-24,11.81
2217,2008-10-27,11.47
2218,2008-10-28,12.98
2219,2008-10-29,12.79
2220,2008-10-30,13.1
2221,2008-10-31,13.74
2222,2008-11-03,13.72
2223,2008-11-04,14.14
2224,2008-11-05,13.29
2225,2008-11-06,12.59
2226,2008-11-07,12.8
2227,2008-11-10,12.66
2228,2008-11-11,12.0
2229,2008-11-12,11.57
2230,2008-11-13,12.9
2231,2008-11-14,12.16
2232,2008-11-17,12.31
2233,2008-11-18,12.29
2234,2008-11-19,11.6
2235,2008-11-20,10.95
2236,2008-11-21,11.34
2237,2008-11-24,12.31
2238,2008-11-25,12.8
2239,2008-11-26,13.41
2240,2008-11-28,14.27
2241,2008-12-01,13.03
2242,2008-12-02,13.6
2243,2008-12-03,13.47
2244,2008-12-04,13.12
2245,2008-12-05,13.5
2246,2008-12-08,13.81
2247,2008-12-09,13.53
2248,2008-12-10,13.93
2249,2008-12-11,13.44
2250,2008-12-12,13.69
2251,2008-12-15,13.5
2252,2008-12-16,13.83
2253,2008-12-17,13.55
2254,2008-12-18,13.59
2255,2008-12-19,14.1
2256,2008-12-22,13.78
2257,2008-12-23,13.83
2258,2008-12-24,14.0
2259,2008-12-26,14.11
2260,2008-12-29,13.67
2261,2008-12-30,13.94
2262,2008-12-31,14.0
2263,2009-01-02,14.86
2264,2009-01-05,14.85
2265,2009-01-06,14.81
2266,2009-01-07,14.5
2267,2009-01-08,14.6
2268,2009-01-09,14.19
2269,2009-01-12,14.31
2270,2009-01-13,14.27
2271,2009-01-14,13.69
2272,2009-01-15,13.82
2273,2009-01-16,13.81
2274,2009-01-20,12.94
2275,2009-01-21,13.4
2276,2009-01-22,13.07
2277,2009-01-23,12.72
2278,2009-01-26,12.9
2279,2009-01-27,13.34
2280,2009-01-28,13.33
2281,2009-01-29,13.03
2282,2009-01-30,12.66
2283,2009-02-02,13.0
2284,2009-02-03,13.11
2285,2009-02-04,13.06
2286,2009-02-05,13.35
2287,2009-02-06,13.67
2288,2009-02-09,13.48
2289,2009-02-10,12.86
2290,2009-02-11,13.1
2291,2009-02-12,13.27
2292,2009-02-13,13.2
2293,2009-02-17,12.64
2294,2009-02-18,12.85
2295,2009-02-19,12.76
2296,2009-02-20,12.73
2297,2009-02-23,12.29
2298,2009-02-24,12.78
2299,2009-02-25,12.69
2300,2009-02-26,12.56
2301,2009-02-27,12.58
2302,2009-03-02,12.23
2303,2009-03-03,12.21
2304,2009-03-04,12.33
2305,2009-03-05,11.98
2306,2009-03-06,11.82
2307,2009-03-09,11.4
2308,2009-03-10,12.06
2309,2009-03-11,12.09
2310,2009-03-12,12.42
2311,2009-03-13,12.94
2312,2009-03-16,12.89
2313,2009-03-17,13.05
2314,2009-03-18,13.34
2315,2009-03-19,13.19
2316,2009-03-20,13.03
2317,2009-03-23,13.65
2318,2009-03-24,13.27
2319,2009-03-25,13.61
2320,2009-03-26,13.93
2321,2009-03-27,13.76
2322,2009-03-30,13.69
2323,2009-03-31,13.81
2324,2009-04-01,13.98
2325,2009-04-02,14.3
2326,2009-04-03,14.58
2327,2009-04-06,14.29
2328,2009-04-07,13.75
2329,2009-04-08,13.9
2330,2009-04-09,14.15
2331,2009-04-13,14.25
2332,2009-04-14,14.21
2333,2009-04-15,14.28
2334,2009-04-16,14.64
2335,2009-04-17,14.4
2336,2009-04-20,14.06
2337,2009-04-21,14.52
2338,2009-04-22,14.47
2339,2009-04-23,14.52
2340,2009-04-24,14.68
2341,2009-04-27,14.58
2342,2009-04-28,14.5
2343,2009-04-29,12.84
2344,2009-04-30,12.47
2345,2009-05-01,12.68
2346,2009-05-04,12.73
2347,2009-05-05,12.83
2348,2009-05-06,12.99
2349,2009-05-07,13.29
2350,2009-05-08,13.71
2351,2009-05-11,13.22
2352,2009-05-12,13.15
2353,2009-05-13,12.81
2354,2009-05-14,12.91
2355,2009-05-15,13.0
2356,2009-05-18,13.19
2357,2009-05-19,13.13
2358,2009-05-20,13.44
2359,2009-05-21,13.22
2360,2009-05-22,13.35
2361,2009-05-26,13.6
2362,2009-05-27,13.6
2363,2009-05-28,13.58
2364,2009-05-29,13.65
2365,2009-06-01,13.97
2366,2009-06-02,14.06
2367,2009-06-03,13.99
2368,2009-06-04,14.13
2369,2009-06-05,14.11
2370,2009-06-08,14.22
2371,2009-06-09,14.27
2372,2009-06-10,14.36
2373,2009-06-11,14.35
2374,2009-06-12,14.46
2375,2009-06-15,13.78
2376,2009-06-16,13.61
2377,2009-06-17,13.61
2378,2009-06-18,13.5
2379,2009-06-19,13.3
2380,2009-06-22,13.15
2381,2009-06-23,13.26
2382,2009-06-24,13.2
2383,2009-06-25,13.37
2384,2009-06-26,13.46
2385,2009-06-29,13.18
2386,2009-06-30,13.39
2387,2009-07-01,13.7
2388,2009-07-02,13.35
2389,2009-07-06,13.27
2390,2009-07-07,13.0
2391,2009-07-08,13.0
2392,2009-07-09,12.97
2393,2009-07-10,12.84
2394,2009-07-13,12.96
2395,2009-07-14,13.03
2396,2009-07-15,12.8
2397,2009-07-16,13.22
2398,2009-07-17,13.3
2399,2009-07-20,13.47
2400,2009-07-21,13.63
2401,2009-07-22,13.56
2402,2009-07-23,13.47
2403,2009-07-24,13.32
2404,2009-07-27,13.39
2405,2009-07-28,13.67
2406,2009-07-29,14.52
2407,2009-07-30,14.61
2408,2009-07-31,14.68
2409,2009-08-03,14.64
2410,2009-08-04,14.64
2411,2009-08-05,14.58
2412,2009-08-06,14.62
2413,2009-08-07,14.91
2414,2009-08-10,14.86
2415,2009-08-11,14.77
2416,2009-08-12,15.09
2417,2009-08-13,15.03
2418,2009-08-14,15.11
2419,2009-08-17,14.88
2420,2009-08-18,15.12
2421,2009-08-19,15.16
2422,2009-08-20,15.07
2423,2009-08-21,15.36
2424,2009-08-24,15.37
2425,2009-08-25,15.47
2426,2009-08-26,15.62
2427,2009-08-27,15.31
2428,2009-08-28,15.39
2429,2009-08-31,15.26
2430,2009-09-01,15.03
2431,2009-09-02,14.93
2432,2009-09-03,15.01
2433,2009-09-04,15.13
2434,2009-09-08,15.25
2435,2009-09-09,15.26
2436,2009-09-10,15.42
2437,2009-09-11,15.53
2438,2009-09-14,15.53
2439,2009-09-15,15.67
2440,2009-09-16,15.95
2441,2009-09-17,15.89
2442,2009-09-18,16.02
2443,2009-09-21,16.13
2444,2009-09-22,16.07
2445,2009-09-23,16.09
2446,2009-09-24,16.02
2447,2009-09-25,15.78
2448,2009-09-28,16.37
2449,2009-09-29,16.31
2450,2009-09-30,16.11
2451,2009-10-01,15.72
2452,2009-10-02,15.44
2453,2009-10-05,15.75
2454,2009-10-06,15.96
2455,2009-10-07,16.0
2456,2009-10-08,16.28
2457,2009-10-09,16.27
2458,2009-10-12,16.3
2459,2009-10-13,16.4
2460,2009-10-14,16.59
2461,2009-10-15,16.59
2462,2009-10-16,16.56
2463,2009-10-19,16.77
2464,2009-10-20,16.73
2465,2009-10-21,16.62
2466,2009-10-22,16.73
2467,2009-10-23,16.57
2468,2009-10-26,16.47
2469,2009-10-27,16.55
2470,2009-10-28,15.45
2471,2009-10-29,15.98
2472,2009-10-30,15.97
2473,2009-11-02,16.23
2474,2009-11-03,16.22
2475,2009-11-04,16.22
2476,2009-11-05,16.62
2477,2009-11-06,16.75
2478,2009-11-09,17.04
2479,2009-11-10,16.94
2480,2009-11-11,17.16
2481,2009-11-12,17.08
2482,2009-11-13,17.13
2483,2009-11-16,17.49
2484,2009-11-17,17.43
2485,2009-11-18,17.4
2486,2009-11-19,17.29
2487,2009-11-20,17.18
2488,2009-11-23,17.54
2489,2009-11-24,17.49
2490,2009-11-25,17.5
2491,2009-11-27,17.15
2492,2009-11-30,17.28
2493,2009-12-01,17.55
2494,2009-12-02,17.48
2495,2009-12-03,17.29
2496,2009-12-04,17.55
2497,2009-12-07,17.57
2498,2009-12-08,17.49
2499,2009-12-09,17.22
2500,2009-12-10,17.28
2501,2009-12-11,17.3
2502,2009-12-14,17.44
2503,2009-12-15,17.31
2504,2009-12-16,17.49
2505,2009-12-17,17.35
2506,2009-12-18,17.35
2507,2009-12-21,17.45
2508,2009-12-22,17.42
2509,2009-12-23,17.39
2510,2009-12-24,17.43
2511,2009-12-28,17.4
2512,2009-12-29,17.34
2513,2009-12-30,17.45
2514,2009-12-31,17.27
2515,2010-01-04,17.21
2516,2010-01-05,17.21
2517,2010-01-06,16.89
2518,2010-01-07,16.78
2519,2010-01-08,17.02
2520,2010-01-11,17.0
2521,2010-01-12,16.94
2522,2010-01-13,17.07
2523,2010-01-14,16.98
2524,2010-01-15,16.51
2525,2010-01-19,17.08
2526,2010-01-20,17.01
2527,2010-01-21,14.98
2528,2010-01-22,14.69
2529,2010-01-25,14.54
2530,2010-01-26,14.93
2531,2010-01-27,14.82
2532,2010-01-28,14.65
2533,2010-01-29,14.31
2534,2010-02-01,14.54
2535,2010-02-02,14.59
2536,2010-02-03,14.48
2537,2010-02-04,14.51
2538,2010-02-05,14.56
2539,2010-02-08,14.41
2540,2010-02-09,14.56
2541,2010-02-10,14.34
2542,2010-02-11,14.34
2543,2010-02-12,14.23
2544,2010-02-16,14.37
2545,2010-02-17,14.36
2546,2010-02-18,14.37
2547,2010-02-19,14.38
2548,2010-02-22,14.4
2549,2010-02-23,14.47
2550,2010-02-24,14.5
2551,2010-02-25,14.45
2552,2010-02-26,14.24
2553,2010-03-01,14.5
2554,2010-03-02,14.4
2555,2010-03-03,14.54
2556,2010-03-04,14.55
2557,2010-03-05,14.89
2558,2010-03-08,14.96
2559,2010-03-09,15.04
2560,2010-03-10,15.04
2561,2010-03-11,15.09
2562,2010-03-12,15.13
2563,2010-03-15,15.13
2564,2010-03-16,15.13
2565,2010-03-17,15.3
2566,2010-03-18,15.22
2567,2010-03-19,15.16
2568,2010-03-22,15.54
2569,2010-03-23,15.61
2570,2010-03-24,15.47
2571,2010-03-25,15.47
2572,2010-03-26,15.61
2573,2010-03-29,15.73
2574,2010-03-30,15.92
2575,2010-03-31,15.66
2576,2010-04-01,15.83
2577,2010-04-05,16.03
2578,2010-04-06,16.09
2579,2010-04-07,16.11
2580,2010-04-08,16.1
2581,2010-04-09,16.33
2582,2010-04-12,16.25
2583,2010-04-13,16.17
2584,2010-04-14,16.41
2585,2010-04-15,16.49
2586,2010-04-16,16.21
2587,2010-04-19,16.28
2588,2010-04-20,16.5
2589,2010-04-21,16.4
2590,2010-04-22,16.52
2591,2010-04-23,16.77
2592,2010-04-26,16.63
2593,2010-04-27,16.13
2594,2010-04-28,16.04
2595,2010-04-29,16.19
2596,2010-04-30,16.01
2597,2010-05-03,15.96
2598,2010-05-04,15.58
2599,2010-05-05,15.5
2600,2010-05-06,15.23
2601,2010-05-07,14.95
2602,2010-05-10,15.52
2603,2010-05-11,15.43
2604,2010-05-12,15.67
2605,2010-05-13,15.56
2606,2010-05-14,15.26
2607,2010-05-17,15.42
2608,2010-05-18,15.34
2609,2010-05-19,15.03
2610,2010-05-20,14.3
2611,2010-05-21,14.46
2612,2010-05-24,14.36
2613,2010-05-25,14.24
2614,2010-05-26,14.32
2615,2010-05-27,14.74
2616,2010-05-28,14.6
2617,2010-06-01,14.32
2618,2010-06-02,14.55
2619,2010-06-03,14.84
2620,2010-06-04,14.28
2621,2010-06-07,13.95
2622,2010-06-08,14.14
2623,2010-06-09,14.04
2624,2010-06-10,14.46
2625,2010-06-11,14.41
2626,2010-06-14,14.38
2627,2010-06-15,14.82
2628,2010-06-16,14.76
2629,2010-06-17,14.77
2630,2010-06-18,14.85
2631,2010-06-21,14.64
2632,2010-06-22,14.45
2633,2010-06-23,14.34
2634,2010-06-24,14.13
2635,2010-06-25,14.13
2636,2010-06-28,14.03
2637,2010-06-29,13.64
2638,2010-06-30,13.6
2639,2010-07-01,13.79
2640,2010-07-02,13.63
2641,2010-07-06,13.71
2642,2010-07-07,14.21
2643,2010-07-08,14.34
2644,2010-07-09,14.45
2645,2010-07-12,14.48
2646,2010-07-13,14.74
2647,2010-07-14,14.71
2648,2010-07-15,14.73
2649,2010-07-16,14.15
2650,2010-07-19,14.28
2651,2010-07-20,14.46
2652,2010-07-21,14.16
2653,2010-07-22,15.33
2654,2010-07-23,15.42
2655,2010-07-26,15.49
2656,2010-07-27,15.3
2657,2010-07-28,15.06
2658,2010-07-29,14.9
2659,2010-07-30,14.91
2660,2010-08-02,15.12
2661,2010-08-03,14.9
2662,2010-08-04,15.05
2663,2010-08-05,15.07
2664,2010-08-06,15.2
2665,2010-08-09,15.43
2666,2010-08-10,15.06
2667,2010-08-11,14.52
2668,2010-08-12,14.37
2669,2010-08-13,14.36
2670,2010-08-16,14.39
2671,2010-08-17,14.51
2672,2010-08-18,14.52
2673,2010-08-19,14.24
2674,2010-08-20,14.19
2675,2010-08-23,14.16
2676,2010-08-24,14.0
2677,2010-08-25,14.25
2678,2010-08-26,14.26
2679,2010-08-27,14.55
2680,2010-08-30,14.31
2681,2010-08-31,14.2
2682,2010-09-01,14.83
2683,2010-09-02,14.34
2684,2010-09-03,14.54
2685,2010-09-07,14.35
2686,2010-09-08,14.26
2687,2010-09-09,14.08
2688,2010-09-10,14.21
2689,2010-09-13,14.56
2690,2010-09-14,14.45
2691,2010-09-15,14.65
2692,2010-09-16,14.75
2693,2010-09-17,14.99
2694,2010-09-20,15.27
2695,2010-09-21,15.06
2696,2010-09-22,14.99
2697,2010-09-23,14.86
2698,2010-09-24,15.26
2699,2010-09-27,15.21
2700,2010-09-28,15.27
2701,2010-09-29,15.22
2702,2010-09-30,15.24
2703,2010-10-01,15.27
2704,2010-10-04,15.23
2705,2010-10-05,15.47
2706,2010-10-06,15.28
2707,2010-10-07,15.28
2708,2010-10-08,15.35
2709,2010-10-11,15.37
2710,2010-10-12,15.5
2711,2010-10-13,15.64
2712,2010-10-14,15.76
2713,2010-10-15,15.91
2714,2010-10-18,15.99
2715,2010-10-19,15.7
2716,2010-10-20,15.98
2717,2010-10-21,15.77
2718,2010-10-22,15.98
2719,2010-10-25,15.81
2720,2010-10-26,15.69
2721,2010-10-27,15.51
2722,2010-10-28,15.5
2723,2010-10-29,15.61
2724,2010-11-01,15.49
2725,2010-11-02,15.64
2726,2010-11-03,15.67
2727,2010-11-04,15.8
2728,2010-11-05,15.92
2729,2010-11-08,15.8
2730,2010-11-09,15.69
2731,2010-11-10,15.86
2732,2010-11-11,15.79
2733,2010-11-12,15.52
2734,2010-11-15,15.36
2735,2010-11-16,15.1
2736,2010-11-17,15.35
2737,2010-11-18,15.56
2738,2010-11-19,15.62
2739,2010-11-22,15.65
2740,2010-11-23,15.47
2741,2010-11-24,15.44
2742,2010-11-26,15.43
2743,2010-11-29,15.19
2744,2010-11-30,15.09
2745,2010-12-01,15.28
2746,2010-12-02,15.43
2747,2010-12-03,15.56
2748,2010-12-06,15.42
2749,2010-12-07,15.43
2750,2010-12-08,15.41
2751,2010-12-09,15.26
2752,2010-12-10,15.34
2753,2010-12-13,15.34
2754,2010-12-14,15.2
2755,2010-12-15,15.26
2756,2010-12-16,15.33
2757,2010-12-17,15.29
2758,2010-12-20,15.28
2759,2010-12-21,15.17
2760,2010-12-22,15.3
2761,2010-12-23,15.2
2762,2010-12-27,15.29
2763,2010-12-28,15.38
2764,2010-12-29,15.49
2765,2010-12-30,15.39
2766,2010-12-31,15.38
2767,2011-01-03,15.74
2768,2011-01-04,15.57
2769,2011-01-05,15.86
2770,2011-01-06,15.96
2771,2011-01-07,15.95
2772,2011-01-10,16.02
2773,2011-01-11,16.04
2774,2011-01-12,16.13
2775,2011-01-13,15.81
2776,2011-01-14,16.41
2777,2011-01-18,17.45
2778,2011-01-19,17.22
2779,2011-01-20,17.07
2780,2011-01-21,17.07
2781,2011-01-24,17.38
2782,2011-01-25,17.53
2783,2011-01-26,17.95
2784,2011-01-27,17.85
2785,2011-01-28,17.38
2786,2011-01-31,17.41
2787,2011-02-01,17.74
2788,2011-02-02,17.4
2789,2011-02-03,17.38
2790,2011-02-04,17.41
2791,2011-02-07,17.66
2792,2011-02-08,17.76
2793,2011-02-09,17.66
2794,2011-02-10,17.73
2795,2011-02-11,17.7
2796,2011-02-14,17.77
2797,2011-02-15,17.71
2798,2011-02-16,17.71
2799,2011-02-17,17.72
2800,2011-02-18,17.63
2801,2011-02-22,17.37
2802,2011-02-23,17.22
2803,2011-02-24,17.26
2804,2011-02-25,17.63
2805,2011-02-28,17.75
2806,2011-03-01,17.74
2807,2011-03-02,17.99
2808,2011-03-03,18.4
2809,2011-03-04,18.08
2810,2011-03-07,17.85
2811,2011-03-08,18.15
2812,2011-03-09,18.17
2813,2011-03-10,17.84
2814,2011-03-11,17.92
2815,2011-03-14,17.84
2816,2011-03-15,17.57
2817,2011-03-16,17.48
2818,2011-03-17,17.67
2819,2011-03-18,17.77
2820,2011-03-21,18.06
2821,2011-03-22,17.97
2822,2011-03-23,18.01
2823,2011-03-24,18.24
2824,2011-03-25,18.18
2825,2011-03-28,18.15
2826,2011-03-29,17.99
2827,2011-03-30,18.08
2828,2011-03-31,18.02
2829,2011-04-01,18.23
2830,2011-04-04,18.46
2831,2011-04-05,18.42
2832,2011-04-06,18.53
2833,2011-04-07,18.57
2834,2011-04-08,18.39
2835,2011-04-11,18.42
2836,2011-04-12,18.27
2837,2011-04-13,18.42
2838,2011-04-14,18.83
2839,2011-04-15,18.96
2840,2011-04-18,18.67
2841,2011-04-19,18.71
2842,2011-04-20,18.89
2843,2011-04-21,19.11
2844,2011-04-25,19.06
2845,2011-04-26,19.1
2846,2011-04-27,18.65
2847,2011-04-28,18.82
2848,2011-04-29,18.85
2849,2011-05-02,18.86
2850,2011-05-03,19.02
2851,2011-05-04,18.83
2852,2011-05-05,18.68
2853,2011-05-06,18.85
2854,2011-05-09,18.9
2855,2011-05-10,19.21
2856,2011-05-11,18.92
2857,2011-05-12,19.1
2858,2011-05-13,18.99
2859,2011-05-16,18.74
2860,2011-05-17,18.62
2861,2011-05-18,18.95
2862,2011-05-19,18.93
2863,2011-05-20,18.85
2864,2011-05-23,18.41
2865,2011-05-24,18.32
2866,2011-05-25,18.38
2867,2011-05-26,18.32
2868,2011-05-27,18.47
2869,2011-05-31,18.6
2870,2011-06-01,18.24
2871,2011-06-02,18.2
2872,2011-06-03,17.82
2873,2011-06-06,17.82
2874,2011-06-07,17.76
2875,2011-06-08,17.6
2876,2011-06-09,17.68
2877,2011-06-10,17.45
2878,2011-06-13,17.48
2879,2011-06-14,17.55
2880,2011-06-15,17.15
2881,2011-06-16,17.46
2882,2011-06-17,17.75
2883,2011-06-20,17.81
2884,2011-06-21,18.09
2885,2011-06-22,18.02
2886,2011-06-23,17.95
2887,2011-06-24,17.76
2888,2011-06-27,17.89
2889,2011-06-28,18.21
2890,2011-06-29,18.3
2891,2011-06-30,18.58
2892,2011-07-01,18.79
2893,2011-07-05,18.72
2894,2011-07-06,18.78
2895,2011-07-07,18.91
2896,2011-07-08,18.65
2897,2011-07-11,18.42
2898,2011-07-12,18.34
2899,2011-07-13,18.47
2900,2011-07-14,18.13
2901,2011-07-15,18.12
2902,2011-07-18,17.83
2903,2011-07-19,18.08
2904,2011-07-20,18.14
2905,2011-07-21,18.28
2906,2011-07-22,18.17
2907,2011-07-25,18.25
2908,2011-07-26,18.16
2909,2011-07-27,19.13
2910,2011-07-28,19.05
2911,2011-07-29,18.61
2912,2011-08-01,18.37
2913,2011-08-02,17.96
2914,2011-08-03,18.16
2915,2011-08-04,17.52
2916,2011-08-05,17.73
2917,2011-08-08,16.52
2918,2011-08-09,16.79
2919,2011-08-10,16.42
2920,2011-08-11,17.22
2921,2011-08-12,17.39
2922,2011-08-15,17.27
2923,2011-08-16,17.29
2924,2011-08-17,17.21
2925,2011-08-18,16.5
2926,2011-08-19,16.55
2927,2011-08-22,16.74
2928,2011-08-23,17.41
2929,2011-08-24,17.76
2930,2011-08-25,17.14
2931,2011-08-26,17.48
2932,2011-08-29,18.04
2933,2011-08-30,18.1
2934,2011-08-31,18.15
2935,2011-09-01,17.71
2936,2011-09-02,17.2
2937,2011-09-06,17.12
2938,2011-09-07,17.7
2939,2011-09-08,17.44
2940,2011-09-09,17.01
2941,2011-09-12,17.33
2942,2011-09-13,17.51
2943,2011-09-14,17.88
2944,2011-09-15,18.19
2945,2011-09-16,18.29
2946,2011-09-19,18.11
2947,2011-09-20,18.07
2948,2011-09-21,17.57
2949,2011-09-22,17.06
2950,2011-09-23,17.19
2951,2011-09-26,17.53
2952,2011-09-27,17.65
2953,2011-09-28,17.2
2954,2011-09-29,17.2
2955,2011-09-30,16.93
2956,2011-10-03,16.95
2957,2011-10-04,17.43
2958,2011-10-05,17.85
2959,2011-10-06,17.83
2960,2011-10-07,17.96
2961,2011-10-10,18.36
2962,2011-10-11,18.4
2963,2011-10-12,18.7
2964,2011-10-13,18.82
2965,2011-10-14,19.0
2966,2011-10-17,18.63
2967,2011-10-18,18.84
2968,2011-10-19,18.44
2969,2011-10-20,18.5
2970,2011-10-21,18.88
2971,2011-10-24,19.26
2972,2011-10-25,18.71
2973,2011-10-26,19.61
2974,2011-10-27,20.07
2975,2011-10-28,20.25
2976,2011-10-31,19.89
2977,2011-11-01,19.38
2978,2011-11-02,19.75
2979,2011-11-03,20.25
2980,2011-11-04,20.08
2981,2011-11-07,20.08
2982,2011-11-08,20.21
2983,2011-11-09,19.45
2984,2011-11-10,19.68
2985,2011-11-11,20.26
2986,2011-11-14,19.92
2987,2011-11-15,20.2
2988,2011-11-16,19.83
2989,2011-11-17,19.34
2990,2011-11-18,19.5
2991,2011-11-21,19.17
2992,2011-11-22,19.06
2993,2011-11-23,18.77
2994,2011-11-25,18.73
2995,2011-11-28,19.25
2996,2011-11-29,19.29
2997,2011-11-30,20.04
2998,2011-12-01,20.03
2999,2011-12-02,20.07
3000,2011-12-05,20.26
3001,2011-12-06,20.29
3002,2011-12-07,19.95
3003,2011-12-08,19.65
3004,2011-12-09,20.2
3005,2011-12-12,19.84
3006,2011-12-13,19.57
3007,2011-12-14,19.29
3008,2011-12-15,19.21
3009,2011-12-16,19.21
3010,2011-12-19,18.96
3011,2011-12-20,19.76
3012,2011-12-21,19.59
3013,2011-12-22,19.63
3014,2011-12-23,19.68
3015,2011-12-27,19.68
3016,2011-12-28,19.49
3017,2011-12-29,19.61
3018,2011-12-30,19.56
3019,2012-01-03,19.93
3020,2012-01-04,19.66
3021,2012-01-05,19.51
3022,2012-01-06,19.4
3023,2012-01-09,19.51
3024,2012-01-10,20.25
3025,2012-01-11,20.38
3026,2012-01-12,20.58
3027,2012-01-13,20.62
3028,2012-01-17,20.69
3029,2012-01-18,20.89
3030,2012-01-19,20.94
3031,2012-01-20,20.8
3032,2012-01-23,20.71
3033,2012-01-24,20.94
3034,2012-01-25,21.83
3035,2012-01-26,21.72
3036,2012-01-27,21.46
3037,2012-01-30,21.38
3038,2012-01-31,21.44
3039,2012-02-01,21.4
3040,2012-02-02,21.37
3041,2012-02-03,21.6
3042,2012-02-06,21.69
3043,2012-02-07,21.6
3044,2012-02-08,21.51
3045,2012-02-09,21.61
3046,2012-02-10,21.42
3047,2012-02-13,21.43
3048,2012-02-14,21.55
3049,2012-02-15,21.47
3050,2012-02-16,21.6
3051,2012-02-17,21.64
3052,2012-02-21,21.56
3053,2012-02-22,21.55
3054,2012-02-23,21.77
3055,2012-02-24,21.96
3056,2012-02-27,21.92
3057,2012-02-28,21.94
3058,2012-02-29,21.88
3059,2012-03-01,21.85
3060,2012-03-02,21.98
3061,2012-03-05,21.94
3062,2012-03-06,21.64
3063,2012-03-07,22.05
3064,2012-03-08,22.18
3065,2012-03-09,22.32
3066,2012-03-12,22.33
3067,2012-03-13,22.52
3068,2012-03-14,22.65
3069,2012-03-15,22.71
3070,2012-03-16,22.83
3071,2012-03-19,22.74
3072,2012-03-20,22.74
3073,2012-03-21,22.9
3074,2012-03-22,22.71
3075,2012-03-23,22.77
3076,2012-03-26,23.18
3077,2012-03-27,23.01
3078,2012-03-28,22.85
3079,2012-03-29,22.91
3080,2012-03-30,23.07
3081,2012-04-02,23.24
3082,2012-04-03,23.12
3083,2012-04-04,22.65
3084,2012-04-05,22.77
3085,2012-04-09,22.54
3086,2012-04-10,22.4
3087,2012-04-11,22.68
3088,2012-04-12,22.92
3089,2012-04-13,22.64
3090,2012-04-16,22.82
3091,2012-04-17,23.21
3092,2012-04-18,23.12
3093,2012-04-19,23.29
3094,2012-04-20,23.39
3095,2012-04-23,23.1
3096,2012-04-24,23.2
3097,2012-04-25,23.43
3098,2012-04-26,23.69
3099,2012-04-27,23.77
3100,2012-04-30,23.52
3101,2012-05-01,23.62
3102,2012-05-02,23.63
3103,2012-05-03,23.4
3104,2012-05-04,23.12
3105,2012-05-07,23.02
3106,2012-05-08,22.86
3107,2012-05-09,22.84
3108,2012-05-10,22.83
3109,2012-05-11,22.89
3110,2012-05-14,22.61
3111,2012-05-15,22.82
3112,2012-05-16,22.52
3113,2012-05-17,22.36
3114,2012-05-18,21.88
3115,2012-05-21,22.51
3116,2012-05-22,22.65
3117,2012-05-23,23.2
3118,2012-05-24,23.35
3119,2012-05-25,23.56
3120,2012-05-29,23.76
3121,2012-05-30,23.5
3122,2012-05-31,23.27
3123,2012-06-01,22.51
3124,2012-06-04,22.55
3125,2012-06-05,22.7
3126,2012-06-06,23.26
3127,2012-06-07,23.33
3128,2012-06-08,23.45
3129,2012-06-11,23.21
3130,2012-06-12,23.34
3131,2012-06-13,23.03
3132,2012-06-14,23.53
3133,2012-06-15,23.81
3134,2012-06-18,23.91
3135,2012-06-19,23.92
3136,2012-06-20,23.89
3137,2012-06-21,23.49
3138,2012-06-22,23.64
3139,2012-06-25,23.23
3140,2012-06-26,23.18
3141,2012-06-27,23.25
3142,2012-06-28,23.28
3143,2012-06-29,23.93
3144,2012-07-02,24.32
3145,2012-07-03,24.39
3146,2012-07-05,24.25
3147,2012-07-06,24.04
3148,2012-07-09,23.76
3149,2012-07-10,23.63
3150,2012-07-11,23.7
3151,2012-07-12,23.5
3152,2012-07-13,23.42
3153,2012-07-16,23.47
3154,2012-07-17,23.49
3155,2012-07-18,23.78
3156,2012-07-19,24.2
3157,2012-07-20,24.06
3158,2012-07-23,23.7
3159,2012-07-24,23.68
3160,2012-07-25,22.64
3161,2012-07-26,22.88
3162,2012-07-27,23.62
3163,2012-07-30,23.74
3164,2012-07-31,23.65
3165,2012-08-01,23.5
3166,2012-08-02,23.21
3167,2012-08-03,23.47
3168,2012-08-06,23.67
3169,2012-08-07,23.79
3170,2012-08-08,23.7
3171,2012-08-09,23.7
3172,2012-08-10,23.67
3173,2012-08-13,23.77
3174,2012-08-14,23.62
3175,2012-08-15,23.69
3176,2012-08-16,23.73
3177,2012-08-17,23.98
3178,2012-08-20,23.55
3179,2012-08-21,23.31
3180,2012-08-22,23.23
3181,2012-08-23,23.26
3182,2012-08-24,23.41
3183,2012-08-27,23.29
3184,2012-08-28,23.19
3185,2012-08-29,23.19
3186,2012-08-30,23.05
3187,2012-08-31,23.18
3188,2012-09-04,23.32
3189,2012-09-05,23.17
3190,2012-09-06,23.53
3191,2012-09-07,23.67
3192,2012-09-10,23.42
3193,2012-09-11,23.34
3194,2012-09-12,23.34
3195,2012-09-13,23.59
3196,2012-09-14,23.86
3197,2012-09-17,23.88
3198,2012-09-18,23.95
3199,2012-09-19,24.16
3200,2012-09-20,24.12
3201,2012-09-21,24.31
3202,2012-09-24,23.89
3203,2012-09-25,23.75
3204,2012-09-26,23.63
3205,2012-09-27,23.95
3206,2012-09-28,23.7
3207,2012-10-01,23.61
3208,2012-10-02,23.79
3209,2012-10-03,24.0
3210,2012-10-04,24.1
3211,2012-10-05,24.19
3212,2012-10-08,23.97
3213,2012-10-09,23.63
3214,2012-10-10,23.29
3215,2012-10-11,23.24
3216,2012-10-12,23.03
3217,2012-10-15,23.28
3218,2012-10-16,23.35
3219,2012-10-17,23.44
3220,2012-10-18,23.46
3221,2012-10-19,23.03
3222,2012-10-22,23.24
3223,2012-10-23,23.03
3224,2012-10-24,22.25
3225,2012-10-25,22.41
3226,2012-10-26,22.46
3227,2012-10-31,22.49
3228,2012-11-01,22.66
3229,2012-11-02,22.36
3230,2012-11-05,22.12
3231,2012-11-06,22.37
3232,2012-11-07,22.3
3233,2012-11-08,21.99
3234,2012-11-09,22.02
3235,2012-11-12,22.03
3236,2012-11-13,21.92
3237,2012-11-14,21.64
3238,2012-11-15,21.61
3239,2012-11-16,21.44
3240,2012-11-19,21.66
3241,2012-11-20,21.62
3242,2012-11-21,21.73
3243,2012-11-23,21.98
3244,2012-11-26,21.8
3245,2012-11-27,21.72
3246,2012-11-28,21.8
3247,2012-11-29,21.87
3248,2012-11-30,21.95
3249,2012-12-03,21.9
3250,2012-12-04,22.07
3251,2012-12-05,22.35
3252,2012-12-06,22.25
3253,2012-12-07,22.18
3254,2012-12-10,21.96
3255,2012-12-11,22.31
3256,2012-12-12,22.2
3257,2012-12-13,22.15
3258,2012-12-14,21.96
3259,2012-12-17,22.16
3260,2012-12-18,22.19
3261,2012-12-19,21.93
3262,2012-12-20,21.8
3263,2012-12-21,21.67
3264,2012-12-24,21.65
3265,2012-12-26,21.42
3266,2012-12-27,21.55
3267,2012-12-28,21.23
3268,2012-12-31,21.42
3269,2013-01-02,22.3
3270,2013-01-03,22.38
3271,2013-01-04,22.27
3272,2013-01-07,22.29
3273,2013-01-08,22.7
3274,2013-01-09,23.55
3275,2013-01-10,23.33
3276,2013-01-11,23.66
3277,2013-01-14,23.75
3278,2013-01-15,23.76
3279,2013-01-16,23.73
3280,2013-01-17,23.87
3281,2013-01-18,23.62
3282,2013-01-22,23.56
3283,2013-01-23,23.33
3284,2013-01-24,23.65
3285,2013-01-25,23.75
3286,2013-01-28,23.27
3287,2013-01-29,23.07
3288,2013-01-30,22.98
3289,2013-01-31,23.25
3290,2013-02-01,23.21
3291,2013-02-04,23.13
3292,2013-02-05,23.3
3293,2013-02-06,23.36
3294,2013-02-07,23.08
3295,2013-02-08,23.2
3296,2013-02-11,23.01
3297,2013-02-12,23.0
3298,2013-02-13,23.01
3299,2013-02-14,23.03
3300,2013-02-15,23.27
3301,2013-02-19,23.48
3302,2013-02-20,21.97
3303,2013-02-21,22.27
3304,2013-02-22,22.87
3305,2013-02-25,23.16
3306,2013-02-26,23.36
3307,2013-02-27,23.75
3308,2013-02-28,23.76
3309,2013-03-01,23.8
3310,2013-03-04,23.78
3311,2013-03-05,24.11
3312,2013-03-06,24.17
3313,2013-03-07,24.25
3314,2013-03-08,24.25
3315,2013-03-11,24.39
3316,2013-03-12,24.35
3317,2013-03-13,24.41
3318,2013-03-14,24.45
3319,2013-03-15,24.29
3320,2013-03-18,24.01
3321,2013-03-19,23.83
3322,2013-03-20,24.1
3323,2013-03-21,24.19
3324,2013-03-22,24.37
3325,2013-03-25,24.5
3326,2013-03-26,24.73
3327,2013-03-27,24.57
3328,2013-03-28,24.78
3329,2013-04-01,24.44
3330,2013-04-02,24.32
3331,2013-04-03,24.02
3332,2013-04-04,24.22
3333,2013-04-05,24.03
3334,2013-04-08,24.17
3335,2013-04-09,24.48
3336,2013-04-10,24.9
3337,2013-04-11,24.94
3338,2013-04-12,24.9
3339,2013-04-15,24.33
3340,2013-04-16,24.58
3341,2013-04-17,24.23
3342,2013-04-18,23.82
3343,2013-04-19,23.95
3344,2013-04-22,24.01
3345,2013-04-23,24.24
3346,2013-04-24,23.49
3347,2013-04-25,23.44
3348,2013-04-26,23.24
3349,2013-04-29,23.49
3350,2013-04-30,23.62
3351,2013-05-01,23.5
3352,2013-05-02,23.64
3353,2013-05-03,23.92
3354,2013-05-06,23.82
3355,2013-05-07,23.93
3356,2013-05-08,23.99
3357,2013-05-09,24.07
3358,2013-05-10,24.24
3359,2013-05-13,23.96
3360,2013-05-14,23.98
3361,2013-05-15,23.96
3362,2013-05-16,23.9
3363,2013-05-17,24.2
3364,2013-05-20,24.14
3365,2013-05-21,24.01
3366,2013-05-22,23.66
3367,2013-05-23,23.6
3368,2013-05-24,23.65
3369,2013-05-28,23.82
3370,2013-05-29,23.64
3371,2013-05-30,23.72
3372,2013-05-31,23.51
3373,2013-06-03,23.47
3374,2013-06-04,23.46
3375,2013-06-05,23.19
3376,2013-06-06,23.17
3377,2013-06-07,23.43
3378,2013-06-10,23.41
3379,2013-06-11,23.19
3380,2013-06-12,22.94
3381,2013-06-13,23.76
3382,2013-06-14,23.46
3383,2013-06-17,23.35
3384,2013-06-18,23.25
3385,2013-06-19,23.0
3386,2013-06-20,22.62
3387,2013-06-21,22.78
3388,2013-06-24,23.19
3389,2013-06-25,23.52
3390,2013-06-26,23.74
3391,2013-06-27,24.32
3392,2013-06-28,24.48
3393,2013-07-01,24.71
3394,2013-07-02,24.65
3395,2013-07-03,24.71
3396,2013-07-05,24.78
3397,2013-07-08,24.9
3398,2013-07-09,25.28
3399,2013-07-10,25.3
3400,2013-07-11,25.67
3401,2013-07-12,25.64
3402,2013-07-15,25.72
3403,2013-07-16,25.5
3404,2013-07-17,25.45
3405,2013-07-18,25.62
3406,2013-07-19,25.47
3407,2013-07-22,25.64
3408,2013-07-23,26.0
3409,2013-07-24,27.19
3410,2013-07-25,27.13
3411,2013-07-26,27.17
3412,2013-07-29,27.16
3413,2013-07-30,27.34
3414,2013-07-31,27.41
3415,2013-08-01,28.08
3416,2013-08-02,28.17
3417,2013-08-05,28.16
3418,2013-08-06,28.04
3419,2013-08-07,27.82
3420,2013-08-08,28.05
3421,2013-08-09,27.91
3422,2013-08-12,28.14
3423,2013-08-13,28.49
3424,2013-08-14,28.55
3425,2013-08-15,28.11
3426,2013-08-16,28.07
3427,2013-08-19,28.0
3428,2013-08-20,28.2
3429,2013-08-21,28.01
3430,2013-08-22,28.29
3431,2013-08-23,28.35
3432,2013-08-26,28.07
3433,2013-08-27,27.66
3434,2013-08-28,27.83
3435,2013-08-29,27.91
3436,2013-08-30,27.67
3437,2013-09-03,27.72
3438,2013-09-04,27.95
3439,2013-09-05,28.26
3440,2013-09-06,28.2
3441,2013-09-09,28.48
3442,2013-09-10,28.86
3443,2013-09-11,29.1
3444,2013-09-12,29.11
3445,2013-09-13,29.11
3446,2013-09-16,29.25
3447,2013-09-17,29.4
3448,2013-09-18,29.93
3449,2013-09-19,29.86
3450,2013-09-20,29.51
3451,2013-09-23,29.33
3452,2013-09-24,29.18
3453,2013-09-25,29.15
3454,2013-09-26,29.45
3455,2013-09-27,29.31
3456,2013-09-30,29.42
3457,2013-10-01,29.49
3458,2013-10-02,29.69
3459,2013-10-03,29.1
3460,2013-10-04,29.4
3461,2013-10-07,28.94
3462,2013-10-08,28.49
3463,2013-10-09,28.5
3464,2013-10-10,29.18
3465,2013-10-11,29.59
3466,2013-10-14,30.15
3467,2013-10-15,29.75
3468,2013-10-16,30.15
3469,2013-10-17,30.09
3470,2013-10-18,30.32
3471,2013-10-21,30.49
3472,2013-10-22,30.65
3473,2013-10-23,30.01
3474,2013-10-24,30.25
3475,2013-10-25,30.04
3476,2013-10-28,30.02
3477,2013-10-29,30.08
3478,2013-10-30,30.19
3479,2013-10-31,29.83
3480,2013-11-01,29.73
3481,2013-11-04,29.75
3482,2013-11-05,29.66
3483,2013-11-06,29.92
3484,2013-11-07,29.77
3485,2013-11-08,30.18
3486,2013-11-11,30.26
3487,2013-11-12,30.55
3488,2013-11-13,30.74
3489,2013-11-14,31.03
3490,2013-11-15,30.95
3491,2013-11-18,30.8
3492,2013-11-19,30.81
3493,2013-11-20,30.54
3494,2013-11-21,31.14
3495,2013-11-22,31.3
3496,2013-11-25,31.37
3497,2013-11-26,31.1
3498,2013-11-27,31.03
3499,2013-11-29,31.05
3500,2013-12-02,30.79
3501,2013-12-03,31.32
3502,2013-12-04,30.63
3503,2013-12-05,30.34
3504,2013-12-06,30.76
3505,2013-12-09,30.92
3506,2013-12-10,31.18
3507,2013-12-11,31.03
3508,2013-12-12,31.2
3509,2013-12-13,31.29
3510,2013-12-16,31.49
3511,2013-12-17,31.54
3512,2013-12-18,32.46
3513,2013-12-19,32.74
3514,2013-12-20,33.06
3515,2013-12-23,33.02
3516,2013-12-24,33.08
3517,2013-12-26,33.3
3518,2013-12-27,33.2
3519,2013-12-30,33.24
3520,2013-12-31,33.28
3521,2014-01-02,32.79
3522,2014-01-03,32.85
3523,2014-01-06,32.8
3524,2014-01-07,33.03
3525,2014-01-08,32.99
3526,2014-01-09,32.74
3527,2014-01-10,32.5
3528,2014-01-13,32.03
3529,2014-01-14,32.31
3530,2014-01-15,32.68
3531,2014-01-16,32.44
3532,2014-01-17,32.2
3533,2014-01-21,32.2
3534,2014-01-22,32.15
3535,2014-01-23,31.88
3536,2014-01-24,30.96
3537,2014-01-27,30.3
3538,2014-01-28,30.58
3539,2014-01-29,30.53
3540,2014-01-30,30.68
3541,2014-01-31,29.88
3542,2014-02-03,28.77
3543,2014-02-04,28.87
3544,2014-02-05,28.71
3545,2014-02-06,28.9
3546,2014-02-07,29.5
3547,2014-02-10,29.41
3548,2014-02-11,29.65
3549,2014-02-12,29.59
3550,2014-02-13,29.48
3551,2014-02-14,29.54
3552,2014-02-18,29.62
3553,2014-02-19,29.69
3554,2014-02-20,29.85
3555,2014-02-21,30.11
3556,2014-02-24,30.24
3557,2014-02-25,30.36
3558,2014-02-26,30.42
3559,2014-02-27,30.59
3560,2014-02-28,30.46
3561,2014-03-03,30.24
3562,2014-03-04,30.9
3563,2014-03-05,30.67
3564,2014-03-06,30.85
3565,2014-03-07,30.8
3566,2014-03-10,30.73
3567,2014-03-11,30.7
3568,2014-03-12,30.73
3569,2014-03-13,30.44
3570,2014-03-14,30.17
3571,2014-03-17,30.47
3572,2014-03-18,30.83
3573,2014-03-19,30.68
3574,2014-03-20,30.84
3575,2014-03-21,30.63
3576,2014-03-24,30.21
3577,2014-03-25,30.01
3578,2014-03-26,29.53
3579,2014-03-27,29.69
3580,2014-03-28,30.42
3581,2014-03-31,30.41
3582,2014-04-01,30.36
3583,2014-04-02,30.31
3584,2014-04-03,30.17
3585,2014-04-04,29.91
3586,2014-04-07,29.62
3587,2014-04-08,29.86
3588,2014-04-09,30.43
3589,2014-04-10,29.39
3590,2014-04-11,28.81
3591,2014-04-14,28.7
3592,2014-04-15,28.97
3593,2014-04-16,29.33
3594,2014-04-17,29.44
3595,2014-04-21,28.96
3596,2014-04-22,29.2
3597,2014-04-23,28.78
3598,2014-04-24,29.39
3599,2014-04-25,29.79
3600,2014-04-28,30.13
3601,2014-04-29,30.8
3602,2014-04-30,31.77
3603,2014-05-01,31.81
3604,2014-05-02,32.33
3605,2014-05-05,32.7
3606,2014-05-06,32.45
3607,2014-05-07,32.39
3608,2014-05-08,32.32
3609,2014-05-09,32.14
3610,2014-05-12,32.53
3611,2014-05-13,32.16
3612,2014-05-14,31.67
3613,2014-05-15,31.02
3614,2014-05-16,31.19
3615,2014-05-19,31.17
3616,2014-05-20,30.68
3617,2014-05-21,30.79
3618,2014-05-22,30.62
3619,2014-05-23,30.73
3620,2014-05-27,30.71
3621,2014-05-28,30.61
3622,2014-05-29,30.58
3623,2014-05-30,30.26
3624,2014-06-02,30.54
3625,2014-06-03,30.37
3626,2014-06-04,30.59
3627,2014-06-05,30.79
3628,2014-06-06,31.15
3629,2014-06-09,31.03
3630,2014-06-10,30.97
3631,2014-06-11,30.7
3632,2014-06-12,30.37
3633,2014-06-13,30.49
3634,2014-06-16,30.08
3635,2014-06-17,30.2
3636,2014-06-18,30.66
3637,2014-06-19,30.51
3638,2014-06-20,30.85
3639,2014-06-23,30.76
3640,2014-06-24,30.78
3641,2014-06-25,31.16
3642,2014-06-26,31.16
3643,2014-06-27,31.45
3644,2014-06-30,31.41
3645,2014-07-01,31.91
3646,2014-07-02,31.81
3647,2014-07-03,32.06
3648,2014-07-07,32.05
3649,2014-07-08,31.88
3650,2014-07-09,31.97
3651,2014-07-10,31.69
3652,2014-07-11,31.67
3653,2014-07-14,31.89
3654,2014-07-15,31.74
3655,2014-07-16,31.86
3656,2014-07-17,31.27
3657,2014-07-18,31.74
3658,2014-07-21,31.58
3659,2014-07-22,31.92
3660,2014-07-23,32.25
3661,2014-07-24,32.41
3662,2014-07-25,32.25
3663,2014-07-28,32.33
3664,2014-07-29,32.33
3665,2014-07-30,32.32
3666,2014-07-31,32.0
3667,2014-08-01,31.96
3668,2014-08-04,32.095
3669,2014-08-05,31.85
3670,2014-08-06,31.58
3671,2014-08-07,31.5
3672,2014-08-08,31.54
3673,2014-08-11,31.38
3674,2014-08-12,31.16
3675,2014-08-13,31.34
3676,2014-08-14,31.47
3677,2014-08-15,31.03
3678,2014-08-18,31.73
3679,2014-08-19,31.65
3680,2014-08-20,31.38
3681,2014-08-21,31.68
3682,2014-08-22,31.51
3683,2014-08-25,31.57
3684,2014-08-26,31.75
3685,2014-08-27,31.39
3686,2014-08-28,31.26
3687,2014-08-29,31.46
3688,2014-09-02,31.29
3689,2014-09-03,31.39
3690,2014-09-04,31.18
3691,2014-09-05,31.47
3692,2014-09-08,31.42
3693,2014-09-09,31.01
3694,2014-09-10,31.63
3695,2014-09-11,31.7
3696,2014-09-12,31.75
3697,2014-09-15,31.82
3698,2014-09-16,31.68
3699,2014-09-17,31.57
3700,2014-09-18,31.75
3701,2014-09-19,31.79
3702,2014-09-22,31.48
3703,2014-09-23,31.09
3704,2014-09-24,31.5
3705,2014-09-25,30.97
3706,2014-09-26,30.85
3707,2014-09-29,30.63
3708,2014-09-30,30.96
3709,2014-10-01,30.57
3710,2014-10-02,30.5
3711,2014-10-03,30.8
3712,2014-10-06,30.72
3713,2014-10-07,30.02
3714,2014-10-08,30.22
3715,2014-10-09,29.6
3716,2014-10-10,29.18
3717,2014-10-13,29.15
3718,2014-10-14,29.17
3719,2014-10-15,29.2
3720,2014-10-16,28.83
3721,2014-10-17,29.29
3722,2014-10-20,29.85
3723,2014-10-21,30.57
3724,2014-10-22,30.48
3725,2014-10-23,30.74
3726,2014-10-24,30.92
3727,2014-10-27,30.66
3728,2014-10-28,31.13
3729,2014-10-29,32.52
3730,2014-10-30,32.67
3731,2014-10-31,33.79
3732,2014-11-03,33.79
3733,2014-11-04,33.77
3734,2014-11-05,33.85
3735,2014-11-06,33.91
3736,2014-11-07,33.86
3737,2014-11-10,33.81
3738,2014-11-11,33.74
3739,2014-11-12,33.73
3740,2014-11-13,33.29
3741,2014-11-14,32.78
3742,2014-11-17,32.88
3743,2014-11-18,32.77
3744,2014-11-19,32.35
3745,2014-11-20,32.53
3746,2014-11-21,32.81
3747,2014-11-24,32.96
3748,2014-11-25,33.01
3749,2014-11-26,32.98
3750,2014-11-28,32.99
3751,2014-12-01,32.97
3752,2014-12-02,33.53
3753,2014-12-03,33.54
3754,2014-12-04,33.43
3755,2014-12-05,33.63
3756,2014-12-08,33.33
3757,2014-12-09,33.49
3758,2014-12-10,32.72
3759,2014-12-11,33.08
3760,2014-12-12,32.34
3761,2014-12-15,32.34
3762,2014-12-16,32.25
3763,2014-12-17,32.93
3764,2014-12-18,34.06
3765,2014-12-19,34.18
3766,2014-12-22,34.16
3767,2014-12-23,34.36
3768,2014-12-24,34.3
3769,2014-12-26,34.41
3770,2014-12-29,34.27
3771,2014-12-30,34.06
3772,2014-12-31,33.96
3773,2015-01-02,34.17
3774,2015-01-05,33.87
3775,2015-01-06,33.34
3776,2015-01-07,33.69
3777,2015-01-08,34.52
3778,2015-01-09,33.85
3779,2015-01-12,33.66
3780,2015-01-13,33.87
3781,2015-01-14,33.63
3782,2015-01-15,33.27
3783,2015-01-16,34.13
3784,2015-01-20,34.19
3785,2015-01-21,34.1
3786,2015-01-22,34.63
3787,2015-01-23,34.86
3788,2015-01-26,34.86
3789,2015-01-27,34.22
3790,2015-01-28,36.42
3791,2015-01-29,36.7
3792,2015-01-30,35.37
3793,2015-02-02,35.85
3794,2015-02-03,36.57
3795,2015-02-04,36.14
3796,2015-02-05,36.6
3797,2015-02-06,36.48
3798,2015-02-09,36.07
3799,2015-02-10,36.49
3800,2015-02-11,36.52
3801,2015-02-12,36.92
3802,2015-02-13,37.09
3803,2015-02-17,37.13
3804,2015-02-18,37.26
3805,2015-02-19,37.52
3806,2015-02-20,38.03
3807,2015-02-23,37.9
3808,2015-02-24,38.04
3809,2015-02-25,38.33
3810,2015-02-26,38.4
3811,2015-02-27,38.2
3812,2015-03-02,38.73
3813,2015-03-03,38.17
3814,2015-03-04,38.12
3815,2015-03-05,38.08
3816,2015-03-06,37.49
3817,2015-03-09,37.83
3818,2015-03-10,37.15
3819,2015-03-11,37.41
3820,2015-03-12,38.04
3821,2015-03-13,37.9
3822,2015-03-16,38.38
3823,2015-03-17,38.46
3824,2015-03-18,39.02
3825,2015-03-19,38.72
3826,2015-03-20,38.5
3827,2015-03-23,38.93
3828,2015-03-24,38.76
3829,2015-03-25,38.06
3830,2015-03-26,37.88
3831,2015-03-27,37.75
3832,2015-03-30,38.39
3833,2015-03-31,38.15
3834,2015-04-01,37.96
3835,2015-04-02,38.14
3836,2015-04-06,38.15
3837,2015-04-07,38.18
3838,2015-04-08,38.5
3839,2015-04-09,38.27
3840,2015-04-10,38.26
3841,2015-04-13,37.97
3842,2015-04-14,37.89
3843,2015-04-15,38.08
3844,2015-04-16,38.45
3845,2015-04-17,38.11
3846,2015-04-20,38.16
3847,2015-04-21,38.1
3848,2015-04-22,38.26
3849,2015-04-23,38.58
3850,2015-04-24,38.44
3851,2015-04-27,38.23
3852,2015-04-28,38.39
3853,2015-04-29,40.22
3854,2015-04-30,39.56
3855,2015-05-01,39.86
3856,2015-05-04,40.29
3857,2015-05-05,40.21
3858,2015-05-06,40.55
3859,2015-05-07,40.66
3860,2015-05-08,41.11
3861,2015-05-11,40.98
3862,2015-05-12,41.08
3863,2015-05-13,41.0
3864,2015-05-14,41.33
3865,2015-05-15,41.4
3866,2015-05-18,41.91
3867,2015-05-19,41.92
3868,2015-05-20,41.84
3869,2015-05-21,41.68
3870,2015-05-22,41.5
3871,2015-05-26,40.78
3872,2015-05-27,41.33
3873,2015-05-28,41.23
3874,2015-05-29,41.2
3875,2015-06-01,41.18
3876,2015-06-02,41.3
3877,2015-06-03,41.59
3878,2015-06-04,41.07
3879,2015-06-05,41.44
3880,2015-06-08,40.96
3881,2015-06-09,40.88
3882,2015-06-10,41.74
3883,2015-06-11,41.86
3884,2015-06-12,41.6
3885,2015-06-15,41.16
3886,2015-06-16,41.75
3887,2015-06-17,41.75
3888,2015-06-18,42.44
3889,2015-06-19,42.33
3890,2015-06-22,42.69
3891,2015-06-23,42.53
3892,2015-06-24,42.35
3893,2015-06-25,42.5
3894,2015-06-26,42.72
3895,2015-06-29,41.75
3896,2015-06-30,41.77
3897,2015-07-01,42.02
3898,2015-07-02,41.95
3899,2015-07-06,42.05
3900,2015-07-07,42.16
3901,2015-07-08,41.52
3902,2015-07-09,41.74
3903,2015-07-10,42.34
3904,2015-07-13,42.7
3905,2015-07-14,43.12
3906,2015-07-15,43.19
3907,2015-07-16,43.85
3908,2015-07-17,43.97
3909,2015-07-20,44.72
3910,2015-07-21,45.28
3911,2015-07-22,44.96
3912,2015-07-23,44.51
3913,2015-07-24,44.72
3914,2015-07-27,43.94
3915,2015-07-28,44.78
3916,2015-07-29,46.83
3917,2015-07-30,46.24
3918,2015-07-31,46.22
3919,2015-08-03,46.54
3920,2015-08-04,47.07
3921,2015-08-05,47.54
3922,2015-08-06,46.72
3923,2015-08-07,46.95
3924,2015-08-10,47.36
3925,2015-08-11,47.07
3926,2015-08-12,47.26
3927,2015-08-13,47.47
3928,2015-08-14,48.14
3929,2015-08-17,48.23
3930,2015-08-18,48.64
3931,2015-08-19,48.32
3932,2015-08-20,47.47
3933,2015-08-21,45.67
3934,2015-08-24,43.38
3935,2015-08-25,42.63
3936,2015-08-26,44.71
3937,2015-08-27,46.02
3938,2015-08-28,46.36
3939,2015-08-31,45.83
3940,2015-09-01,44.34
3941,2015-09-02,45.23
3942,2015-09-03,45.62
3943,2015-09-04,44.88
3944,2015-09-08,46.28
3945,2015-09-09,45.8
3946,2015-09-10,46.25
3947,2015-09-11,46.66
3948,2015-09-14,46.7
3949,2015-09-15,47.49
3950,2015-09-16,47.61
3951,2015-09-17,47.48
3952,2015-09-18,46.31
3953,2015-09-21,47.15
3954,2015-09-22,46.65
3955,2015-09-23,46.75
3956,2015-09-24,46.75
3957,2015-09-25,46.52
3958,2015-09-28,44.77
3959,2015-09-29,44.9
3960,2015-09-30,45.43
3961,2015-10-01,45.82
3962,2015-10-02,46.21
3963,2015-10-05,46.59
3964,2015-10-06,46.36
3965,2015-10-07,47.07
3966,2015-10-08,47.65
3967,2015-10-09,48.2
3968,2015-10-12,48.97
3969,2015-10-13,48.67
3970,2015-10-14,48.02
3971,2015-10-15,48.44
3972,2015-10-16,49.0
3973,2015-10-19,49.81
3974,2015-10-20,49.48
3975,2015-10-21,48.94
3976,2015-10-22,50.32
3977,2015-10-23,51.22
3978,2015-10-26,51.19
3979,2015-10-27,51.65
3980,2015-10-28,54.72
3981,2015-10-29,54.19
3982,2015-10-30,52.45
3983,2015-11-02,52.74
3984,2015-11-03,52.51
3985,2015-11-04,52.53
3986,2015-11-05,52.43
3987,2015-11-06,52.66
3988,2015-11-09,52.07
3989,2015-11-10,53.35
3990,2015-11-11,53.56
3991,2015-11-12,53.07
3992,2015-11-13,52.89
3993,2015-11-16,52.87
3994,2015-11-17,53.58
3995,2015-11-18,54.36
3996,2015-11-19,54.48
3997,2015-11-20,55.09
3998,2015-11-23,55.72
3999,2015-11-24,55.35
4000,2015-11-25,55.63
4001,2015-11-27,55.93
4002,2015-11-30,55.96
4003,2015-12-01,56.37
4004,2015-12-02,55.98
4005,2015-12-03,55.17
4006,2015-12-04,56.23
4007,2015-12-07,55.84
4008,2015-12-08,56.14
4009,2015-12-09,55.3
4010,2015-12-10,56.09
4011,2015-12-11,53.74
4012,2015-12-14,54.89
4013,2015-12-15,55.74
4014,2015-12-16,55.88
4015,2015-12-17,52.79
4016,2015-12-18,51.01
4017,2015-12-21,51.33
4018,2015-12-22,50.7
4019,2015-12-23,50.95
4020,2015-12-24,50.96
4021,2015-12-28,50.75
4022,2015-12-29,51.0
4023,2015-12-30,50.15
4024,2015-12-31,49.8
4025,2016-01-04,48.24
4026,2016-01-05,48.55
4027,2016-01-06,47.9
4028,2016-01-07,46.45
4029,2016-01-08,45.53
4030,2016-01-11,45.46
4031,2016-01-12,46.5
4032,2016-01-13,44.95
4033,2016-01-14,45.86
4034,2016-01-15,45.28
4035,2016-01-19,45.11
4036,2016-01-20,44.86
4037,2016-01-21,45.19
4038,2016-01-22,45.48
4039,2016-01-25,45.23
4040,2016-01-26,46.0
4041,2016-01-27,39.22
4042,2016-01-28,37.96
4043,2016-01-29,40.16
4044,2016-02-01,40.03
4045,2016-02-02,38.97
4046,2016-02-03,38.98
4047,2016-02-04,39.73
4048,2016-02-05,38.85
4049,2016-02-08,38.35
4050,2016-02-09,38.51
4051,2016-02-10,38.97
4052,2016-02-11,38.46
4053,2016-02-12,39.38
4054,2016-02-16,40.83
4055,2016-02-17,41.85
4056,2016-02-18,41.57
4057,2016-02-19,42.79
4058,2016-02-22,43.15
4059,2016-02-23,42.51
4060,2016-02-24,43.7
4061,2016-02-25,44.47
4062,2016-02-26,44.48
4063,2016-02-29,43.58
4064,2016-03-01,44.66
4065,2016-03-02,44.65
4066,2016-03-03,45.86
4067,2016-03-04,45.41
4068,2016-03-07,44.83
4069,2016-03-08,43.88
4070,2016-03-09,44.48
4071,2016-03-10,44.16
4072,2016-03-11,44.79
4073,2016-03-14,44.78
4074,2016-03-15,44.44
4075,2016-03-16,45.35
4076,2016-03-17,45.32
4077,2016-03-18,45.0
4078,2016-03-21,45.76
4079,2016-03-22,45.94
4080,2016-03-23,46.2
4081,2016-03-24,45.98
4082,2016-03-28,45.68
4083,2016-03-29,46.85
4084,2016-03-30,46.75
4085,2016-03-31,47.58
4086,2016-04-01,48.5
4087,2016-04-04,48.41
4088,2016-04-05,47.9
4089,2016-04-06,48.49
4090,2016-04-07,48.31
4091,2016-04-08,48.51
4092,2016-04-11,49.1
4093,2016-04-12,49.44
4094,2016-04-13,49.73
4095,2016-04-14,49.35
4096,2016-04-15,49.67
4097,2016-04-18,50.68
4098,2016-04-19,50.81
4099,2016-04-20,51.33
4100,2016-04-21,50.68
4101,2016-04-22,51.0
4102,2016-04-25,51.51
4103,2016-04-26,51.93
4104,2016-04-27,52.69
4105,2016-04-28,51.59
4106,2016-04-29,51.14
4107,2016-05-02,51.64
4108,2016-05-03,51.14
4109,2016-05-04,51.41
4110,2016-05-05,51.57
4111,2016-05-06,52.28
4112,2016-05-09,52.84
4113,2016-05-10,53.23
4114,2016-05-11,53.26
4115,2016-05-12,53.28
4116,2016-05-13,52.83
4117,2016-05-16,53.15
4118,2016-05-17,53.44
4119,2016-05-18,53.5
4120,2016-05-19,53.33
4121,2016-05-20,54.09
4122,2016-05-23,53.94
4123,2016-05-24,54.81
4124,2016-05-25,53.55
4125,2016-05-26,53.64
4126,2016-05-27,53.9
4127,2016-05-31,53.7
4128,2016-06-01,53.69
4129,2016-06-02,53.93
4130,2016-06-03,53.47
4131,2016-06-06,53.5
4132,2016-06-07,53.72
4133,2016-06-08,53.75
4134,2016-06-09,53.37
4135,2016-06-10,52.52
4136,2016-06-13,51.56
4137,2016-06-14,51.98
4138,2016-06-15,52.01
4139,2016-06-16,52.35
4140,2016-06-17,52.4
4141,2016-06-20,53.02
4142,2016-06-21,52.72
4143,2016-06-22,52.39
4144,2016-06-23,52.78
4145,2016-06-24,50.47
4146,2016-06-27,49.25
4147,2016-06-28,50.81
4148,2016-06-29,51.32
4149,2016-06-30,53.11
4150,2016-07-01,52.85
4151,2016-07-05,52.64
4152,2016-07-06,52.57
4153,2016-07-07,52.61
4154,2016-07-08,54.01
4155,2016-07-11,54.28
4156,2016-07-12,54.72
4157,2016-07-13,54.62
4158,2016-07-14,54.88
4159,2016-07-15,54.75
4160,2016-07-18,54.89
4161,2016-07-19,55.06
4162,2016-07-20,55.62
4163,2016-07-21,54.97
4164,2016-07-22,55.56
4165,2016-07-25,55.95
4166,2016-07-26,56.43
4167,2016-07-27,51.33
4168,2016-07-28,52.3
4169,2016-07-29,50.92
4170,2016-08-01,49.79
4171,2016-08-02,48.57
4172,2016-08-03,49.46
4173,2016-08-04,48.98
4174,2016-08-05,49.32
4175,2016-08-08,48.57
4176,2016-08-09,48.29
4177,2016-08-10,48.64
4178,2016-08-11,48.54
4179,2016-08-12,48.83
4180,2016-08-15,48.17
4181,2016-08-16,47.65
4182,2016-08-17,48.12
4183,2016-08-18,48.26
4184,2016-08-19,48.25
4185,2016-08-22,48.5
4186,2016-08-23,48.61
4187,2016-08-24,48.09
4188,2016-08-25,48.28
4189,2016-08-26,48.56
4190,2016-08-29,48.92
4191,2016-08-30,49.18
4192,2016-08-31,49.25
4193,2016-09-01,49.86
4194,2016-09-02,50.86
4195,2016-09-06,50.21
4196,2016-09-07,50.4
4197,2016-09-08,50.24
4198,2016-09-09,49.08
4199,2016-09-12,49.14
4200,2016-09-13,48.19
4201,2016-09-14,47.49
4202,2016-09-15,47.98
4203,2016-09-16,47.06
4204,2016-09-19,46.65
4205,2016-09-20,46.58
4206,2016-09-21,47.27
4207,2016-09-22,47.56
4208,2016-09-23,47.31
4209,2016-09-26,47.1
4210,2016-09-27,47.39
4211,2016-09-28,47.74
4212,2016-09-29,46.72
4213,2016-09-30,47.15
4214,2016-10-03,47.82
4215,2016-10-04,47.19
4216,2016-10-05,48.65
4217,2016-10-06,48.01
4218,2016-10-07,47.29
4219,2016-10-10,47.3
4220,2016-10-11,46.85
4221,2016-10-12,47.62
4222,2016-10-13,46.77
4223,2016-10-14,47.2
4224,2016-10-17,47.01
4225,2016-10-18,48.31
4226,2016-10-19,48.17
4227,2016-10-20,47.8
4228,2016-10-21,47.71
4229,2016-10-24,48.3
4230,2016-10-25,48.23
4231,2016-10-26,50.96
4232,2016-10-27,50.09
4233,2016-10-28,50.07
4234,2016-10-31,49.88
4235,2016-11-01,49.32
4236,2016-11-02,48.71
4237,2016-11-03,48.54
4238,2016-11-04,48.98
4239,2016-11-07,49.38
4240,2016-11-08,49.68
4241,2016-11-09,50.58
4242,2016-11-10,49.83
4243,2016-11-11,49.25
4244,2016-11-14,48.73
4245,2016-11-15,49.29
4246,2016-11-16,50.0
4247,2016-11-17,50.22
4248,2016-11-18,50.32
4249,2016-11-21,51.01
4250,2016-11-22,51.33
4251,2016-11-23,51.54
4252,2016-11-25,51.61
4253,2016-11-28,51.22
4254,2016-11-29,50.6
4255,2016-11-30,49.22
4256,2016-12-01,47.59
4257,2016-12-02,48.03
4258,2016-12-05,48.72
4259,2016-12-06,48.23
4260,2016-12-07,48.54
4261,2016-12-08,49.0
4262,2016-12-09,49.65
4263,2016-12-12,49.51
4264,2016-12-13,49.51
4265,2016-12-14,49.4
4266,2016-12-15,48.89
4267,2016-12-16,50.09
4268,2016-12-19,50.11
4269,2016-12-20,50.55
4270,2016-12-21,50.25
4271,2016-12-22,50.05
4272,2016-12-23,49.99
4273,2016-12-27,49.99
4274,2016-12-28,49.3
4275,2016-12-29,49.25
4276,2016-12-30,49.03
4277,2017-01-03,51.44
4278,2017-01-04,52.32
4279,2017-01-05,52.48
4280,2017-01-06,52.97
4281,2017-01-09,53.4
4282,2017-01-10,53.08
4283,2017-01-11,52.79
4284,2017-01-12,53.25
4285,2017-01-13,53.99
4286,2017-01-17,53.6
4287,2017-01-18,53.79
4288,2017-01-19,53.38
4289,2017-01-20,53.43
4290,2017-01-23,53.06
4291,2017-01-24,53.19
4292,2017-01-25,51.71
4293,2017-01-26,51.25
4294,2017-01-27,51.28
4295,2017-01-30,51.27
4296,2017-01-31,50.68
4297,2017-02-01,50.32
4298,2017-02-02,51.0
4299,2017-02-03,52.87
4300,2017-02-06,52.83
4301,2017-02-07,53.45
4302,2017-02-08,53.59
4303,2017-02-09,53.69
4304,2017-02-10,53.59
4305,2017-02-13,54.03
4306,2017-02-14,54.01
4307,2017-02-15,54.26
4308,2017-02-16,53.95
4309,2017-02-17,54.47
4310,2017-02-21,55.05
4311,2017-02-22,55.03
4312,2017-02-23,55.13
4313,2017-02-24,55.18
4314,2017-02-27,54.99
4315,2017-02-28,54.48
4316,2017-03-01,55.28
4317,2017-03-02,54.87
4318,2017-03-03,54.95
4319,2017-03-06,54.07
4320,2017-03-07,54.26
4321,2017-03-08,54.01
4322,2017-03-09,54.16
4323,2017-03-10,54.95
4324,2017-03-13,54.74
4325,2017-03-14,54.12
4326,2017-03-15,54.02
4327,2017-03-16,53.92
4328,2017-03-17,53.4
4329,2017-03-20,53.24
4330,2017-03-21,51.9
4331,2017-03-22,52.25
4332,2017-03-23,52.28
4333,2017-03-24,51.81
4334,2017-03-27,51.82
4335,2017-03-28,52.73
4336,2017-03-29,53.01
4337,2017-03-30,53.26
4338,2017-03-31,53.46
4339,2017-04-03,52.83
4340,2017-04-04,52.65
4341,2017-04-05,52.72
4342,2017-04-06,52.86
4343,2017-04-07,52.68
4344,2017-04-10,52.81
4345,2017-04-11,52.25
4346,2017-04-12,52.26
4347,2017-04-13,52.12
4348,2017-04-17,52.76
4349,2017-04-18,52.99
4350,2017-04-19,53.52
4351,2017-04-20,53.64
4352,2017-04-21,53.49
4353,2017-04-24,53.81
4354,2017-04-25,54.31
4355,2017-04-26,58.19
4356,2017-04-27,57.88
4357,2017-04-28,57.31
4358,2017-05-01,57.09
4359,2017-05-02,57.45
4360,2017-05-03,57.5
4361,2017-05-04,57.54
4362,2017-05-05,57.46
4363,2017-05-08,58.3
4364,2017-05-09,57.93
4365,2017-05-10,58.06
4366,2017-05-11,57.95
4367,2017-05-12,57.76
4368,2017-05-15,58.66
4369,2017-05-16,58.52
4370,2017-05-17,57.95
4371,2017-05-18,57.77
4372,2017-05-19,58.5
4373,2017-05-22,59.43
4374,2017-05-23,58.77
4375,2017-05-24,59.35
4376,2017-05-25,59.64
4377,2017-05-26,59.58
4378,2017-05-30,59.35
4379,2017-05-31,59.55
4380,2017-06-01,59.49
4381,2017-06-02,59.23
4382,2017-06-05,59.31
4383,2017-06-06,59.35
4384,2017-06-07,59.37
4385,2017-06-08,59.35
4386,2017-06-09,59.47
4387,2017-06-12,59.31
4388,2017-06-13,59.63
4389,2017-06-14,59.24
4390,2017-06-15,59.38
4391,2017-06-16,58.95
4392,2017-06-19,59.11
4393,2017-06-20,58.79
4394,2017-06-21,58.79
4395,2017-06-22,59.22
4396,2017-06-23,58.77
4397,2017-06-26,58.73
4398,2017-06-27,58.43
4399,2017-06-28,58.76
4400,2017-06-29,58.02
4401,2017-06-30,58.25
4402,2017-07-03,57.99
4403,2017-07-05,58.39
4404,2017-07-06,57.62
4405,2017-07-07,58.66
4406,2017-07-10,58.89
4407,2017-07-11,59.4
4408,2017-07-12,60.18
4409,2017-07-13,60.66
4410,2017-07-14,60.67
4411,2017-07-17,60.5
4412,2017-07-18,61.53
4413,2017-07-19,61.7
4414,2017-07-20,61.41
4415,2017-07-21,61.57
4416,2017-07-24,62.4
4417,2017-07-25,62.9
4418,2017-07-26,64.02
4419,2017-07-27,63.09
4420,2017-07-28,63.81
4421,2017-07-31,63.46
4422,2017-08-01,64.0
4423,2017-08-02,63.69
4424,2017-08-03,63.72
4425,2017-08-04,64.11
4426,2017-08-07,64.18
4427,2017-08-08,64.03
4428,2017-08-09,64.25
4429,2017-08-10,63.43
4430,2017-08-11,63.06
4431,2017-08-14,63.84
4432,2017-08-15,64.14
4433,2017-08-16,65.41
4434,2017-08-17,64.9
4435,2017-08-18,64.95
4436,2017-08-21,65.88
4437,2017-08-22,66.33
4438,2017-08-23,67.12
4439,2017-08-24,66.7
4440,2017-08-25,66.4
4441,2017-08-28,67.5
4442,2017-08-29,67.77
4443,2017-08-30,68.2
4444,2017-08-31,69.12
4445,2017-09-01,68.95
4446,2017-09-05,68.87
4447,2017-09-06,68.92
4448,2017-09-07,70.04
4449,2017-09-08,69.48
4450,2017-09-11,69.75
4451,2017-09-12,68.78
4452,2017-09-13,67.54
4453,2017-09-14,67.16
4454,2017-09-15,66.7
4455,2017-09-18,66.37
4456,2017-09-19,66.07
4457,2017-09-20,67.45
4458,2017-09-21,68.81
4459,2017-09-22,69.07
4460,2017-09-25,65.64
4461,2017-09-26,65.74
4462,2017-09-27,65.04
4463,2017-09-28,65.03
4464,2017-09-29,65.5
4465,2017-10-02,65.56
4466,2017-10-03,66.06
4467,2017-10-04,66.32
4468,2017-10-05,67.01
4469,2017-10-06,66.86
4470,2017-10-09,67.33
4471,2017-10-10,67.68
4472,2017-10-11,67.57
4473,2017-10-12,67.81
4474,2017-10-13,67.68
4475,2017-10-16,67.68
4476,2017-10-17,67.4
4477,2017-10-18,67.16
4478,2017-10-19,67.33
4479,2017-10-20,67.88
4480,2017-10-23,68.15
4481,2017-10-24,68.18
4482,2017-10-25,70.44
4483,2017-10-26,70.71
4484,2017-10-27,70.51
4485,2017-10-30,70.98
4486,2017-10-31,72.05
4487,2017-11-01,72.14
4488,2017-11-02,72.17
4489,2017-11-03,72.26
4490,2017-11-06,73.66
4491,2017-11-07,72.0
4492,2017-11-08,71.99
4493,2017-11-09,72.23
4494,2017-11-10,72.33
4495,2017-11-13,72.77
4496,2017-11-14,73.41
4497,2017-11-15,73.04
4498,2017-11-16,74.02
4499,2017-11-17,73.78
4500,2017-11-20,73.38
4501,2017-11-21,74.02
4502,2017-11-22,73.77
4503,2017-11-24,74.51
4504,2017-11-27,74.05
4505,2017-11-28,74.16
4506,2017-11-29,72.33
4507,2017-11-30,74.36
4508,2017-12-01,73.88
4509,2017-12-04,73.1
4510,2017-12-05,74.02
4511,2017-12-06,74.81
4512,2017-12-07,75.93
4513,2017-12-08,76.58
4514,2017-12-11,76.62
4515,2017-12-12,77.0
4516,2017-12-13,76.5
4517,2017-12-14,76.63
4518,2017-12-15,77.81
4519,2017-12-18,79.01
4520,2017-12-19,79.67
4521,2017-12-20,79.99
4522,2017-12-21,78.56
4523,2017-12-22,78.8
4524,2017-12-26,79.11
4525,2017-12-27,79.3
4526,2017-12-28,79.7
4527,2017-12-29,79.09
4528,2018-01-02,78.48
4529,2018-01-03,78.78
4530,2018-01-04,79.42
4531,2018-01-05,79.94
4532,2018-01-08,81.14
4533,2018-01-09,80.69
4534,2018-01-10,81.49
4535,2018-01-11,82.18
4536,2018-01-12,82.0
4537,2018-01-16,82.22
4538,2018-01-17,82.94
4539,2018-01-18,82.73
4540,2018-01-19,83.25
4541,2018-01-22,83.75
4542,2018-01-23,83.92
4543,2018-01-24,87.28
4544,2018-01-25,88.28
4545,2018-01-26,88.94
4546,2018-01-29,87.43
4547,2018-01-30,87.68
4548,2018-01-31,88.86
4549,2018-02-01,88.42
4550,2018-02-02,86.83
4551,2018-02-05,84.24
4552,2018-02-06,85.12
4553,2018-02-07,85.37
4554,2018-02-08,81.17
4555,2018-02-09,83.35
4556,2018-02-12,84.04
4557,2018-02-13,84.98
4558,2018-02-14,84.62
4559,2018-02-15,86.25
4560,2018-02-16,87.08
4561,2018-02-20,87.01
4562,2018-02-21,86.56
4563,2018-02-22,86.8
4564,2018-02-23,88.82
4565,2018-02-26,88.85
4566,2018-02-27,87.99
4567,2018-02-28,87.95
4568,2018-03-01,87.22
4569,2018-03-02,87.57
4570,2018-03-05,88.47
4571,2018-03-06,88.91
4572,2018-03-07,89.39
4573,2018-03-08,89.22
4574,2018-03-09,90.74
4575,2018-03-12,89.95
4576,2018-03-13,89.51
4577,2018-03-14,89.86
4578,2018-03-15,89.76
4579,2018-03-16,89.97
4580,2018-03-19,89.18
4581,2018-03-20,89.93
4582,2018-03-21,89.17
4583,2018-03-22,87.22
4584,2018-03-23,85.38
4585,2018-03-26,87.61
4586,2018-03-27,85.59
4587,2018-03-28,84.85
4588,2018-03-29,86.26
4589,2018-04-02,84.74
4590,2018-04-03,85.08
4591,2018-04-04,85.69
4592,2018-04-05,86.86
4593,2018-04-06,83.98
4594,2018-04-09,84.58
4595,2018-04-10,85.53
4596,2018-04-11,84.58
4597,2018-04-12,85.42
4598,2018-04-13,85.48
4599,2018-04-16,86.64
4600,2018-04-17,87.88
4601,2018-04-18,88.26
4602,2018-04-19,88.02
4603,2018-04-20,87.28
4604,2018-04-23,86.77
4605,2018-04-24,85.61
4606,2018-04-25,84.49
4607,2018-04-26,84.64
4608,2018-04-27,83.12
4609,2018-04-30,84.06
4610,2018-05-01,84.41
4611,2018-05-02,83.25
4612,2018-05-03,83.97
4613,2018-05-04,85.21
4614,2018-05-07,86.39
4615,2018-05-08,87.31
4616,2018-05-09,87.82
4617,2018-05-10,88.72
4618,2018-05-11,88.31
