,Timestamp,VIV
0,2000-01-03,22.88
1,2000-01-04,20.31
2,2000-01-05,22.0
3,2000-01-06,20.0
4,2000-01-07,22.0
5,2000-01-10,24.06
6,2000-01-11,23.5
7,2000-01-12,24.5
8,2000-01-13,29.06
9,2000-01-14,29.62
10,2000-01-18,30.44
11,2000-01-19,29.88
12,2000-01-20,29.5
13,2000-01-21,29.44
14,2000-01-24,28.75
15,2000-01-25,28.62
16,2000-01-26,30.0
17,2000-01-27,30.44
18,2000-01-28,29.0
19,2000-01-31,28.75
20,2000-02-01,29.94
21,2000-02-02,30.0
22,2000-02-03,32.25
23,2000-02-04,33.19
24,2000-02-07,33.56
25,2000-02-08,33.88
26,2000-02-09,34.44
27,2000-02-10,36.12
28,2000-02-11,35.98
29,2000-02-14,36.25
30,2000-02-15,35.5
31,2000-02-16,34.62
32,2000-02-17,34.62
33,2000-02-18,33.75
34,2000-02-22,33.19
35,2000-02-23,34.38
36,2000-02-24,35.12
37,2000-02-25,34.62
38,2000-02-28,33.69
39,2000-02-29,34.19
40,2000-03-01,34.44
41,2000-03-02,35.88
42,2000-03-03,37.12
43,2000-03-06,37.06
44,2000-03-07,35.0
45,2000-03-08,34.25
46,2000-03-09,34.56
47,2000-03-10,33.56
48,2000-03-13,32.75
49,2000-03-14,32.19
50,2000-03-15,32.02
51,2000-03-16,31.62
52,2000-03-17,30.75
53,2000-03-20,32.06
54,2000-03-21,32.38
55,2000-03-22,32.25
56,2000-03-23,33.0
57,2000-03-24,32.38
58,2000-03-27,32.12
59,2000-03-28,31.0
60,2000-03-29,30.38
61,2000-03-30,29.38
62,2000-03-31,29.69
63,2000-04-03,28.88
64,2000-04-04,27.88
65,2000-04-05,27.44
66,2000-04-06,29.0
67,2000-04-07,30.0
68,2000-04-10,28.75
69,2000-04-11,28.31
70,2000-04-12,27.62
71,2000-04-13,27.0
72,2000-04-14,26.12
73,2000-04-17,25.94
74,2000-04-18,27.5
75,2000-04-19,26.5
76,2000-04-20,26.25
77,2000-04-24,25.69
78,2000-04-25,26.56
79,2000-04-26,26.5
80,2000-04-27,25.62
81,2000-04-28,25.25
82,2000-05-01,27.44
83,2000-05-02,26.88
84,2000-05-03,26.36
85,2000-05-04,25.5
86,2000-05-05,25.78
87,2000-05-08,24.91
88,2000-05-09,24.88
89,2000-05-10,24.28
90,2000-05-11,24.66
91,2000-05-12,24.86
92,2000-05-15,26.25
93,2000-05-16,26.38
94,2000-05-17,24.81
95,2000-05-18,24.0
96,2000-05-19,24.0
97,2000-05-22,23.12
98,2000-05-23,22.56
99,2000-05-24,23.31
100,2000-05-25,23.12
101,2000-05-26,23.81
102,2000-05-30,26.12
103,2000-05-31,25.31
104,2000-06-01,26.0
105,2000-06-02,27.5
106,2000-06-05,27.62
107,2000-06-06,27.0
108,2000-06-07,26.69
109,2000-06-08,26.88
110,2000-06-09,27.81
111,2000-06-12,27.5
112,2000-06-13,27.44
113,2000-06-14,27.62
114,2000-06-15,27.56
115,2000-06-16,26.25
116,2000-06-19,25.92
117,2000-06-20,25.5
118,2000-06-21,24.62
119,2000-06-22,24.56
120,2000-06-23,24.31
121,2000-06-26,24.38
122,2000-06-27,26.0
123,2000-06-28,21.0
124,2000-06-29,18.88
125,2000-06-30,18.5
126,2000-07-03,17.5
127,2000-07-05,16.56
128,2000-07-06,17.0
129,2000-07-07,17.62
130,2000-07-10,17.5
131,2000-07-11,17.12
132,2000-07-12,17.0
133,2000-07-13,16.12
134,2000-07-14,16.31
135,2000-07-17,16.5
136,2000-07-18,16.31
137,2000-07-19,15.75
138,2000-07-20,15.81
139,2000-07-21,15.88
140,2000-07-24,15.81
141,2000-07-25,15.81
142,2000-07-26,15.88
143,2000-07-27,15.5
144,2000-07-28,15.31
145,2000-07-31,15.44
146,2000-08-01,15.94
147,2000-08-02,16.0
148,2000-08-03,16.19
149,2000-08-04,16.19
150,2000-08-07,16.31
151,2000-08-08,16.0
152,2000-08-09,15.75
153,2000-08-10,15.75
154,2000-08-11,16.31
155,2000-08-14,16.88
156,2000-08-15,17.56
157,2000-08-16,17.69
158,2000-08-17,18.88
159,2000-08-18,18.44
160,2000-08-21,17.88
161,2000-08-22,17.62
162,2000-08-23,17.25
163,2000-08-24,16.88
164,2000-08-25,17.06
165,2000-08-28,17.5
166,2000-08-29,17.25
167,2000-08-30,17.19
168,2000-08-31,17.81
169,2000-09-01,17.75
170,2000-09-05,17.81
171,2000-09-06,17.69
172,2000-09-07,17.38
173,2000-09-08,17.25
174,2000-09-11,16.88
175,2000-09-12,16.06
176,2000-09-13,16.31
177,2000-09-14,16.19
178,2000-09-15,16.12
179,2000-09-18,15.56
180,2000-09-19,15.62
181,2000-09-20,15.38
182,2000-09-21,15.38
183,2000-09-22,16.0
184,2000-09-25,15.94
185,2000-09-26,15.81
186,2000-09-27,15.56
187,2000-09-28,15.75
188,2000-09-29,15.62
189,2000-10-02,15.5
190,2000-10-03,15.38
191,2000-10-04,16.0
192,2000-10-05,16.94
193,2000-10-06,16.38
194,2000-10-09,15.94
195,2000-10-10,15.75
196,2000-10-11,15.5
197,2000-10-12,14.94
198,2000-10-13,14.94
199,2000-10-16,15.0
200,2000-10-17,14.69
201,2000-10-18,14.5
202,2000-10-19,14.88
203,2000-10-20,14.75
204,2000-10-23,13.94
205,2000-10-24,14.5
206,2000-10-25,14.12
207,2000-10-26,14.38
208,2000-10-27,14.38
209,2000-10-30,14.75
210,2000-10-31,14.25
211,2000-11-01,14.0
212,2000-11-02,13.81
213,2000-11-03,13.62
214,2000-11-06,13.88
215,2000-11-07,14.0
216,2000-11-08,13.75
217,2000-11-09,13.69
218,2000-11-10,14.0
219,2000-11-13,13.62
220,2000-11-14,13.44
221,2000-11-15,13.5
222,2000-11-16,13.44
223,2000-11-17,13.19
224,2000-11-20,13.56
225,2000-11-21,13.12
226,2000-11-22,12.75
227,2000-11-24,12.62
228,2000-11-27,12.31
229,2000-11-28,12.06
230,2000-11-29,12.31
231,2000-11-30,12.31
232,2000-12-01,12.5
233,2000-12-04,12.5
234,2000-12-05,13.5
235,2000-12-06,13.06
236,2000-12-07,13.56
237,2000-12-08,14.12
238,2000-12-11,14.25
239,2000-12-12,14.19
240,2000-12-13,14.56
241,2000-12-14,14.75
242,2000-12-15,14.44
243,2000-12-18,14.19
244,2000-12-19,14.31
245,2000-12-20,13.75
246,2000-12-21,13.75
247,2000-12-22,13.75
248,2000-12-26,13.31
249,2000-12-27,13.56
250,2000-12-28,14.19
251,2000-12-29,13.38
252,2001-01-02,13.56
253,2001-01-03,14.56
254,2001-01-04,14.81
255,2001-01-05,14.25
256,2001-01-08,13.81
257,2001-01-09,14.0
258,2001-01-10,13.94
259,2001-01-11,13.81
260,2001-01-12,14.06
261,2001-01-16,14.06
262,2001-01-17,14.06
263,2001-01-18,14.31
264,2001-01-19,14.31
265,2001-01-22,14.0
266,2001-01-23,14.38
267,2001-01-24,15.5
268,2001-01-25,15.5
269,2001-01-26,16.06
270,2001-01-29,16.2
271,2001-01-30,15.8
272,2001-01-31,16.25
273,2001-02-01,15.85
274,2001-02-02,15.29
275,2001-02-05,15.15
276,2001-02-06,15.52
277,2001-02-07,15.51
278,2001-02-08,15.7
279,2001-02-09,15.4
280,2001-02-12,15.4
281,2001-02-13,15.15
282,2001-02-14,15.29
283,2001-02-15,14.95
284,2001-02-16,14.5
285,2001-02-20,14.7
286,2001-02-21,14.52
287,2001-02-22,14.8
288,2001-02-23,14.79
289,2001-02-26,14.64
290,2001-02-27,14.71
291,2001-02-28,14.8
292,2001-03-01,15.15
293,2001-03-02,15.15
294,2001-03-05,15.2
295,2001-03-06,15.1
296,2001-03-07,14.85
297,2001-03-08,15.0
298,2001-03-09,14.9
299,2001-03-12,14.35
300,2001-03-13,14.31
301,2001-03-14,14.15
302,2001-03-15,14.0
303,2001-03-16,13.85
304,2001-03-19,13.5
305,2001-03-20,13.82
306,2001-03-21,13.35
307,2001-03-22,12.41
308,2001-03-23,12.7
309,2001-03-26,13.16
310,2001-03-27,13.3
311,2001-03-28,13.15
312,2001-03-29,12.88
313,2001-03-30,12.8
314,2001-04-02,12.8
315,2001-04-03,12.5
316,2001-04-04,12.79
317,2001-04-05,13.3
318,2001-04-06,13.45
319,2001-04-09,13.6
320,2001-04-10,14.01
321,2001-04-11,13.78
322,2001-04-12,13.95
323,2001-04-16,13.25
324,2001-04-17,13.34
325,2001-04-18,13.75
326,2001-04-19,13.25
327,2001-04-20,12.49
328,2001-04-23,12.5
329,2001-04-24,12.6
330,2001-04-25,12.65
331,2001-04-26,13.25
332,2001-04-27,13.49
333,2001-04-30,13.5
334,2001-05-01,13.32
335,2001-05-02,13.41
336,2001-05-03,13.8
337,2001-05-04,13.85
338,2001-05-07,13.51
339,2001-05-08,13.25
340,2001-05-09,13.1
341,2001-05-10,13.28
342,2001-05-11,12.6
343,2001-05-14,12.45
344,2001-05-15,12.5
345,2001-05-16,13.0
346,2001-05-17,13.2
347,2001-05-18,13.0
348,2001-05-21,13.35
349,2001-05-22,13.18
350,2001-05-23,13.08
351,2001-05-24,12.78
352,2001-05-25,12.76
353,2001-05-29,12.85
354,2001-05-30,13.1
355,2001-05-31,13.1
356,2001-06-01,12.85
357,2001-06-04,12.9
358,2001-06-05,12.94
359,2001-06-06,12.46
360,2001-06-07,12.4
361,2001-06-08,12.45
362,2001-06-11,12.3
363,2001-06-12,12.03
364,2001-06-13,11.88
365,2001-06-14,11.55
366,2001-06-15,11.47
367,2001-06-18,11.04
368,2001-06-19,10.98
369,2001-06-20,10.9
370,2001-06-21,11.5
371,2001-06-22,11.75
372,2001-06-25,11.6
373,2001-06-26,11.46
374,2001-06-27,11.16
375,2001-06-28,11.26
376,2001-06-29,11.29
377,2001-07-02,11.26
378,2001-07-03,11.23
379,2001-07-05,10.6
380,2001-07-06,10.11
381,2001-07-09,10.44
382,2001-07-10,9.83
383,2001-07-11,9.9
384,2001-07-12,9.78
385,2001-07-13,9.67
386,2001-07-16,9.46
387,2001-07-17,9.84
388,2001-07-18,9.55
389,2001-07-19,9.63
390,2001-07-20,10.07
391,2001-07-23,10.53
392,2001-07-24,10.1
393,2001-07-25,10.32
394,2001-07-26,10.2
395,2001-07-27,10.19
396,2001-07-30,10.25
397,2001-07-31,9.99
398,2001-08-01,9.7
399,2001-08-02,9.95
400,2001-08-03,9.9
401,2001-08-06,10.2
402,2001-08-07,10.15
403,2001-08-08,9.9
404,2001-08-09,9.89
405,2001-08-10,9.75
406,2001-08-13,9.84
407,2001-08-14,10.05
408,2001-08-15,10.45
409,2001-08-16,10.34
410,2001-08-17,10.14
411,2001-08-20,10.14
412,2001-08-21,9.96
413,2001-08-22,10.01
414,2001-08-23,10.05
415,2001-08-24,10.1
416,2001-08-27,9.97
417,2001-08-28,10.0
418,2001-08-29,10.06
419,2001-08-30,10.07
420,2001-08-31,9.9
421,2001-09-04,9.97
422,2001-09-05,9.54
423,2001-09-06,9.2
424,2001-09-07,9.16
425,2001-09-10,8.96
426,2001-09-17,7.9
427,2001-09-18,7.85
428,2001-09-19,8.23
429,2001-09-20,8.25
430,2001-09-21,7.84
431,2001-09-24,8.13
432,2001-09-25,8.13
433,2001-09-26,7.58
434,2001-09-27,7.94
435,2001-09-28,8.17
436,2001-10-01,8.15
437,2001-10-02,8.09
438,2001-10-03,7.86
439,2001-10-04,7.9
440,2001-10-05,7.76
441,2001-10-08,7.83
442,2001-10-09,7.9
443,2001-10-10,8.26
444,2001-10-11,8.3
445,2001-10-12,8.35
446,2001-10-15,8.84
447,2001-10-16,9.01
448,2001-10-17,9.25
449,2001-10-18,8.9
450,2001-10-19,9.05
451,2001-10-22,9.34
452,2001-10-23,9.55
453,2001-10-24,9.42
454,2001-10-25,9.4
455,2001-10-26,9.35
456,2001-10-29,9.22
457,2001-10-30,8.86
458,2001-10-31,9.08
459,2001-11-01,9.53
460,2001-11-02,9.49
461,2001-11-05,10.47
462,2001-11-06,11.02
463,2001-11-07,11.53
464,2001-11-08,11.5
465,2001-11-09,11.33
466,2001-11-12,11.0
467,2001-11-13,11.3
468,2001-11-14,11.3
469,2001-11-15,11.33
470,2001-11-16,11.39
471,2001-11-19,11.61
472,2001-11-20,11.22
473,2001-11-21,11.5
474,2001-11-23,12.4
475,2001-11-26,12.87
476,2001-11-27,12.5
477,2001-11-28,12.25
478,2001-11-29,11.75
479,2001-11-30,11.77
480,2001-12-03,11.95
481,2001-12-04,11.9
482,2001-12-05,12.3
483,2001-12-06,12.7
484,2001-12-07,12.59
485,2001-12-10,13.05
486,2001-12-11,12.83
487,2001-12-12,13.1
488,2001-12-13,12.9
489,2001-12-14,12.51
490,2001-12-17,13.04
491,2001-12-18,13.56
492,2001-12-19,13.1
493,2001-12-20,12.55
494,2001-12-21,13.13
495,2001-12-24,13.09
496,2001-12-26,13.44
497,2001-12-27,13.7
498,2001-12-28,13.0
499,2001-12-31,13.2
500,2002-01-02,13.45
501,2002-01-03,13.87
502,2002-01-04,13.9
503,2002-01-07,13.9
504,2002-01-08,13.5
505,2002-01-09,12.85
506,2002-01-10,12.29
507,2002-01-11,12.61
508,2002-01-14,12.25
509,2002-01-15,12.25
510,2002-01-16,12.19
511,2002-01-17,12.3
512,2002-01-18,12.6
513,2002-01-22,12.2
514,2002-01-23,12.68
515,2002-01-24,12.67
516,2002-01-25,12.55
517,2002-01-28,12.15
518,2002-01-29,11.89
519,2002-01-30,11.5
520,2002-01-31,12.14
521,2002-02-01,12.0
522,2002-02-04,11.8
523,2002-02-05,11.73
524,2002-02-06,11.9
525,2002-02-07,12.0
526,2002-02-08,11.9
527,2002-02-11,12.03
528,2002-02-12,12.1
529,2002-02-13,12.45
530,2002-02-14,13.0
531,2002-02-15,12.75
532,2002-02-19,12.63
533,2002-02-20,12.72
534,2002-02-21,13.1
535,2002-02-22,13.08
536,2002-02-25,13.5
537,2002-02-26,13.23
538,2002-02-27,13.7
539,2002-02-28,13.8
540,2002-03-01,14.09
541,2002-03-04,14.4
542,2002-03-05,14.72
543,2002-03-06,14.1
544,2002-03-07,14.0
545,2002-03-08,14.5
546,2002-03-11,14.3
547,2002-03-12,14.7
548,2002-03-13,14.75
549,2002-03-14,14.75
550,2002-03-15,15.3
551,2002-03-18,15.22
552,2002-03-19,15.27
553,2002-03-20,15.25
554,2002-03-21,15.13
555,2002-03-22,14.5
556,2002-03-25,14.47
557,2002-03-26,14.44
558,2002-03-27,15.05
559,2002-03-28,15.01
560,2002-04-01,15.15
561,2002-04-02,14.96
562,2002-04-03,14.51
563,2002-04-04,14.8
564,2002-04-05,14.95
565,2002-04-08,14.6
566,2002-04-09,14.8
567,2002-04-10,15.05
568,2002-04-11,15.1
569,2002-04-12,15.2
570,2002-04-15,14.76
571,2002-04-16,14.84
572,2002-04-17,14.87
573,2002-04-18,14.73
574,2002-04-19,14.59
575,2002-04-22,14.15
576,2002-04-23,13.89
577,2002-04-24,13.93
578,2002-04-25,13.81
579,2002-04-26,13.5
580,2002-04-29,13.5
581,2002-04-30,13.72
582,2002-05-01,13.85
583,2002-05-02,13.01
584,2002-05-03,13.23
585,2002-05-06,12.6
586,2002-05-07,13.05
587,2002-05-08,13.4
588,2002-05-09,12.96
589,2002-05-10,13.0
590,2002-05-13,12.8
591,2002-05-14,13.2
592,2002-05-15,13.37
593,2002-05-16,13.75
594,2002-05-17,13.53
595,2002-05-20,13.4
596,2002-05-21,13.25
597,2002-05-22,13.0
598,2002-05-23,13.0
599,2002-05-24,12.76
600,2002-05-28,13.0
601,2002-05-29,13.56
602,2002-05-30,13.44
603,2002-05-31,13.65
604,2002-06-03,13.4
605,2002-06-04,13.27
606,2002-06-05,13.2
607,2002-06-06,12.39
608,2002-06-07,12.9
609,2002-06-10,13.28
610,2002-06-11,12.95
611,2002-06-12,12.45
612,2002-06-13,12.62
613,2002-06-14,12.45
614,2002-06-17,13.0
615,2002-06-18,12.8
616,2002-06-19,12.65
617,2002-06-20,11.76
618,2002-06-21,11.07
619,2002-06-24,11.4
620,2002-06-25,11.2
621,2002-06-26,10.74
622,2002-06-27,11.3
623,2002-06-28,11.96
624,2002-07-01,11.31
625,2002-07-02,10.87
626,2002-07-03,10.88
627,2002-07-05,11.01
628,2002-07-08,11.26
629,2002-07-09,11.46
630,2002-07-10,11.32
631,2002-07-11,11.3
632,2002-07-12,11.51
633,2002-07-15,11.03
634,2002-07-16,11.0
635,2002-07-17,11.08
636,2002-07-18,11.6
637,2002-07-19,11.8
638,2002-07-22,10.8
639,2002-07-23,10.95
640,2002-07-24,10.96
641,2002-07-25,10.51
642,2002-07-26,10.1
643,2002-07-29,10.05
644,2002-07-30,9.7
645,2002-07-31,9.2
646,2002-08-01,10.1
647,2002-08-02,10.35
648,2002-08-05,9.99
649,2002-08-06,10.2
650,2002-08-07,10.78
651,2002-08-08,11.16
652,2002-08-09,10.85
653,2002-08-12,10.1
654,2002-08-13,10.2
655,2002-08-14,9.89
656,2002-08-15,9.67
657,2002-08-16,10.3
658,2002-08-19,10.4
659,2002-08-20,10.09
660,2002-08-21,10.4
661,2002-08-22,10.2
662,2002-08-23,10.22
663,2002-08-26,10.59
664,2002-08-27,10.95
665,2002-08-28,10.95
666,2002-08-29,11.15
667,2002-08-30,11.4
668,2002-09-03,10.75
669,2002-09-04,10.55
670,2002-09-05,10.39
671,2002-09-06,10.25
672,2002-09-09,10.55
673,2002-09-10,10.45
674,2002-09-11,10.85
675,2002-09-12,10.72
676,2002-09-13,10.7
677,2002-09-16,10.22
678,2002-09-17,9.95
679,2002-09-18,9.43
680,2002-09-19,9.11
681,2002-09-20,9.4
682,2002-09-23,8.74
683,2002-09-24,8.25
684,2002-09-25,8.7
685,2002-09-26,8.4
686,2002-09-27,7.89
687,2002-09-30,7.8
688,2002-10-01,8.44
689,2002-10-02,8.5
690,2002-10-03,8.38
691,2002-10-04,8.55
692,2002-10-07,8.26
693,2002-10-08,8.15
694,2002-10-09,7.65
695,2002-10-10,7.72
696,2002-10-11,7.98
697,2002-10-14,7.87
698,2002-10-15,7.78
699,2002-10-16,7.65
700,2002-10-17,8.13
701,2002-10-18,8.27
702,2002-10-21,8.55
703,2002-10-22,8.65
704,2002-10-23,9.05
705,2002-10-24,9.4
706,2002-10-25,9.5
707,2002-10-28,9.25
708,2002-10-29,9.05
709,2002-10-30,9.7
710,2002-10-31,9.9
711,2002-11-01,10.38
712,2002-11-04,10.6
713,2002-11-05,10.35
714,2002-11-06,9.8
715,2002-11-07,9.86
716,2002-11-08,10.16
717,2002-11-11,10.15
718,2002-11-12,9.75
719,2002-11-13,9.65
720,2002-11-14,9.47
721,2002-11-15,9.45
722,2002-11-18,9.72
723,2002-11-19,10.38
724,2002-11-20,10.7
725,2002-11-21,10.82
726,2002-11-22,10.7
727,2002-11-25,10.53
728,2002-11-26,10.4
729,2002-11-27,10.26
730,2002-11-29,10.29
731,2002-12-02,10.1
732,2002-12-03,9.69
733,2002-12-04,9.47
734,2002-12-05,9.15
735,2002-12-06,9.4
736,2002-12-09,9.19
737,2002-12-10,9.25
738,2002-12-11,9.46
739,2002-12-12,9.53
740,2002-12-13,9.52
741,2002-12-16,10.05
742,2002-12-17,10.18
743,2002-12-18,10.28
744,2002-12-19,10.37
745,2002-12-20,10.1
746,2002-12-23,9.55
747,2002-12-24,9.55
748,2002-12-26,9.55
749,2002-12-27,9.14
750,2002-12-30,9.08
751,2002-12-31,9.2
752,2003-01-02,9.7
753,2003-01-03,10.03
754,2003-01-06,10.49
755,2003-01-07,10.35
756,2003-01-08,9.96
757,2003-01-09,9.9
758,2003-01-10,9.97
759,2003-01-13,9.85
760,2003-01-14,10.06
761,2003-01-15,9.84
762,2003-01-16,9.9
763,2003-01-17,9.78
764,2003-01-21,9.41
765,2003-01-22,9.35
766,2003-01-23,9.31
767,2003-01-24,8.88
768,2003-01-27,8.62
769,2003-01-28,8.52
770,2003-01-29,8.77
771,2003-01-30,8.4
772,2003-01-31,8.5
773,2003-02-03,8.5
774,2003-02-04,8.16
775,2003-02-05,8.28
776,2003-02-06,8.29
777,2003-02-07,8.75
778,2003-02-10,8.73
779,2003-02-11,8.74
780,2003-02-12,8.7
781,2003-02-13,8.32
782,2003-02-14,8.29
783,2003-02-18,8.68
784,2003-02-19,8.72
785,2003-02-20,9.01
786,2003-02-21,9.19
787,2003-02-24,9.29
788,2003-02-25,9.11
789,2003-02-26,9.0
790,2003-02-27,9.28
791,2003-02-28,9.17
792,2003-03-03,9.08
793,2003-03-04,9.09
794,2003-03-05,9.3
795,2003-03-06,9.35
796,2003-03-07,9.39
797,2003-03-10,9.2
798,2003-03-11,9.08
799,2003-03-12,9.46
800,2003-03-13,9.7
801,2003-03-14,9.5
802,2003-03-17,9.6
803,2003-03-18,9.59
804,2003-03-19,9.44
805,2003-03-20,9.28
806,2003-03-21,9.56
807,2003-03-24,9.29
808,2003-03-25,9.24
809,2003-03-26,9.19
810,2003-03-27,9.25
811,2003-03-28,9.33
812,2003-03-31,9.3
813,2003-04-01,9.55
814,2003-04-02,9.89
815,2003-04-03,9.96
816,2003-04-04,9.95
817,2003-04-07,10.25
818,2003-04-08,10.11
819,2003-04-09,10.45
820,2003-04-10,10.36
821,2003-04-11,10.08
822,2003-04-14,10.15
823,2003-04-15,10.42
824,2003-04-16,10.23
825,2003-04-17,10.76
826,2003-04-21,10.74
827,2003-04-22,10.74
828,2003-04-23,10.98
829,2003-04-24,10.71
830,2003-04-25,10.8
831,2003-04-28,11.1
832,2003-04-29,11.58
833,2003-04-30,11.85
834,2003-05-01,11.73
835,2003-05-02,11.85
836,2003-05-05,11.7
837,2003-05-06,11.4
838,2003-05-07,11.51
839,2003-05-08,11.59
840,2003-05-09,11.94
841,2003-05-12,11.5
842,2003-05-13,11.1
843,2003-05-14,10.85
844,2003-05-15,10.6
845,2003-05-16,10.81
846,2003-05-19,10.45
847,2003-05-20,10.15
848,2003-05-21,10.37
849,2003-05-22,10.32
850,2003-05-23,10.8
851,2003-05-27,10.15
852,2003-05-28,10.24
853,2003-05-29,10.54
854,2003-05-30,10.54
855,2003-06-02,10.35
856,2003-06-03,10.55
857,2003-06-04,10.78
858,2003-06-05,11.1
859,2003-06-06,11.17
860,2003-06-09,11.05
861,2003-06-10,11.25
862,2003-06-11,11.23
863,2003-06-12,11.3
864,2003-06-13,11.43
865,2003-06-16,11.56
866,2003-06-17,11.43
867,2003-06-18,11.26
868,2003-06-19,11.39
869,2003-06-20,11.04
870,2003-06-23,11.15
871,2003-06-24,11.35
872,2003-06-25,11.3
873,2003-06-26,11.36
874,2003-06-27,11.47
875,2003-06-30,11.53
876,2003-07-01,11.69
877,2003-07-02,11.72
878,2003-07-03,11.49
879,2003-07-07,11.0
880,2003-07-08,10.97
881,2003-07-09,11.06
882,2003-07-10,10.77
883,2003-07-11,10.45
884,2003-07-14,10.85
885,2003-07-15,10.95
886,2003-07-16,10.87
887,2003-07-17,10.83
888,2003-07-18,10.8
889,2003-07-21,10.88
890,2003-07-22,10.84
891,2003-07-23,10.74
892,2003-07-24,10.75
893,2003-07-25,10.75
894,2003-07-28,10.9
895,2003-07-29,10.65
896,2003-07-30,10.53
897,2003-07-31,10.31
898,2003-08-01,9.7
899,2003-08-04,9.35
900,2003-08-05,9.65
901,2003-08-06,9.4
902,2003-08-07,9.9
903,2003-08-08,9.92
904,2003-08-11,9.98
905,2003-08-12,9.75
906,2003-08-13,9.74
907,2003-08-14,9.69
908,2003-08-15,9.9
909,2003-08-18,10.1
910,2003-08-19,10.08
911,2003-08-20,10.14
912,2003-08-21,10.35
913,2003-08-22,10.3
914,2003-08-25,10.21
915,2003-08-26,10.77
916,2003-08-27,10.95
917,2003-08-28,11.59
918,2003-08-29,11.21
919,2003-09-02,11.7
920,2003-09-03,11.86
921,2003-09-04,12.03
922,2003-09-05,12.24
923,2003-09-08,12.28
924,2003-09-09,12.05
925,2003-09-10,12.37
926,2003-09-11,12.35
927,2003-09-12,12.38
928,2003-09-15,13.2
929,2003-09-16,13.68
930,2003-09-17,13.68
931,2003-09-18,13.55
932,2003-09-19,13.2
933,2003-09-22,12.8
934,2003-09-23,12.8
935,2003-09-24,12.55
936,2003-09-25,12.46
937,2003-09-26,12.39
938,2003-09-29,12.49
939,2003-09-30,12.5
940,2003-10-01,12.83
941,2003-10-02,13.05
942,2003-10-03,13.7
943,2003-10-06,14.15
944,2003-10-07,13.32
945,2003-10-08,13.78
946,2003-10-09,13.48
947,2003-10-10,13.42
948,2003-10-13,13.49
949,2003-10-14,13.37
950,2003-10-15,13.15
951,2003-10-16,12.95
952,2003-10-17,12.65
953,2003-10-20,13.05
954,2003-10-21,13.25
955,2003-10-22,13.5
956,2003-10-23,13.1
957,2003-10-24,13.2
958,2003-10-27,13.15
959,2003-10-28,13.4
960,2003-10-29,13.63
961,2003-10-30,13.8
962,2003-10-31,14.3
963,2003-11-03,14.6
964,2003-11-04,14.67
965,2003-11-05,14.87
966,2003-11-06,14.6
967,2003-11-07,14.53
968,2003-11-10,13.97
969,2003-11-11,13.55
970,2003-11-12,13.75
971,2003-11-13,13.45
972,2003-11-14,13.35
973,2003-11-17,13.38
974,2003-11-18,13.17
975,2003-11-19,13.41
976,2003-11-20,13.5
977,2003-11-21,13.52
978,2003-11-24,13.91
979,2003-11-25,13.75
980,2003-11-26,13.85
981,2003-11-28,14.0
982,2003-12-01,14.34
983,2003-12-02,14.36
984,2003-12-03,14.02
985,2003-12-04,14.05
986,2003-12-05,14.35
987,2003-12-08,14.15
988,2003-12-09,14.53
989,2003-12-10,14.15
990,2003-12-11,14.55
991,2003-12-12,14.72
992,2003-12-15,15.11
993,2003-12-16,15.06
994,2003-12-17,15.29
995,2003-12-18,15.41
996,2003-12-19,16.06
997,2003-12-22,16.47
998,2003-12-23,16.25
999,2003-12-24,15.72
1000,2003-12-26,15.42
1001,2003-12-29,15.49
1002,2003-12-30,15.69
1003,2003-12-31,15.73
1004,2004-01-02,16.4
1005,2004-01-05,16.86
1006,2004-01-06,16.99
1007,2004-01-07,16.96
1008,2004-01-08,17.1
1009,2004-01-09,16.99
1010,2004-01-12,17.6
1011,2004-01-13,17.65
1012,2004-01-14,17.7
1013,2004-01-15,17.81
1014,2004-01-16,17.98
1015,2004-01-20,18.03
1016,2004-01-21,18.0
1017,2004-01-22,17.8
1018,2004-01-23,18.15
1019,2004-01-26,19.25
1020,2004-01-27,18.8
1021,2004-01-28,18.41
1022,2004-01-29,17.8
1023,2004-01-30,17.46
1024,2004-02-02,17.11
1025,2004-02-03,17.25
1026,2004-02-04,16.7
1027,2004-02-05,16.05
1028,2004-02-06,17.8
1029,2004-02-09,17.7
1030,2004-02-10,17.3
1031,2004-02-11,18.09
1032,2004-02-12,18.01
1033,2004-02-13,17.55
1034,2004-02-17,17.07
1035,2004-02-18,16.85
1036,2004-02-19,15.75
1037,2004-02-20,15.9
1038,2004-02-23,15.94
1039,2004-02-24,16.5
1040,2004-02-25,16.52
1041,2004-02-26,16.39
1042,2004-02-27,16.49
1043,2004-03-01,17.41
1044,2004-03-02,17.29
1045,2004-03-03,17.92
1046,2004-03-04,18.21
1047,2004-03-05,19.03
1048,2004-03-08,18.12
1049,2004-03-09,17.8
1050,2004-03-10,17.34
1051,2004-03-11,16.38
1052,2004-03-12,17.14
1053,2004-03-15,16.38
1054,2004-03-16,16.93
1055,2004-03-17,16.89
1056,2004-03-18,17.3
1057,2004-03-19,17.36
1058,2004-03-22,16.91
1059,2004-03-23,16.67
1060,2004-03-24,16.0
1061,2004-03-25,16.1
1062,2004-03-26,16.11
1063,2004-03-29,15.9
1064,2004-03-30,16.7
1065,2004-03-31,16.95
1066,2004-04-01,17.1
1067,2004-04-02,17.18
1068,2004-04-05,17.07
1069,2004-04-06,16.97
1070,2004-04-07,16.61
1071,2004-04-08,16.91
1072,2004-04-12,16.9
1073,2004-04-13,16.99
1074,2004-04-14,16.89
1075,2004-04-15,15.86
1076,2004-04-16,15.85
1077,2004-04-19,15.7
1078,2004-04-20,15.01
1079,2004-04-21,15.03
1080,2004-04-22,15.3
1081,2004-04-23,15.58
1082,2004-04-26,15.28
1083,2004-04-27,15.35
1084,2004-04-28,14.75
1085,2004-04-29,14.49
1086,2004-04-30,14.68
1087,2004-05-03,14.19
1088,2004-05-04,14.15
1089,2004-05-05,14.12
1090,2004-05-06,13.61
1091,2004-05-07,13.03
1092,2004-05-10,12.5
1093,2004-05-11,12.84
1094,2004-05-12,12.8
1095,2004-05-13,12.8
1096,2004-05-14,13.13
1097,2004-05-17,12.66
1098,2004-05-18,13.1
1099,2004-05-19,12.88
1100,2004-05-20,12.45
1101,2004-05-21,12.56
1102,2004-05-24,12.49
1103,2004-05-25,12.9
1104,2004-05-26,12.9
1105,2004-05-27,13.24
1106,2004-05-28,13.4
1107,2004-06-01,12.95
1108,2004-06-02,13.2
1109,2004-06-03,12.99
1110,2004-06-04,13.28
1111,2004-06-07,13.75
1112,2004-06-08,13.82
1113,2004-06-09,13.81
1114,2004-06-10,14.05
1115,2004-06-14,13.36
1116,2004-06-15,13.7
1117,2004-06-16,14.33
1118,2004-06-17,14.1
1119,2004-06-18,14.23
1120,2004-06-21,14.47
1121,2004-06-22,13.95
1122,2004-06-23,14.22
1123,2004-06-24,14.38
1124,2004-06-25,14.26
1125,2004-06-28,14.07
1126,2004-06-29,14.8
1127,2004-06-30,14.87
1128,2004-07-01,15.2
1129,2004-07-02,16.65
1130,2004-07-06,16.09
1131,2004-07-07,16.18
1132,2004-07-08,15.85
1133,2004-07-09,16.28
1134,2004-07-12,16.18
1135,2004-07-13,16.15
1136,2004-07-14,16.0
1137,2004-07-15,16.25
1138,2004-07-16,16.69
1139,2004-07-19,16.15
1140,2004-07-20,16.19
1141,2004-07-21,15.8
1142,2004-07-22,15.58
1143,2004-07-23,15.37
1144,2004-07-26,15.35
1145,2004-07-27,16.08
1146,2004-07-28,16.75
1147,2004-07-29,16.59
1148,2004-07-30,16.37
1149,2004-08-02,16.85
1150,2004-08-03,16.61
1151,2004-08-04,16.2
1152,2004-08-05,15.93
1153,2004-08-06,16.25
1154,2004-08-09,16.05
1155,2004-08-10,16.44
1156,2004-08-11,16.7
1157,2004-08-12,16.76
1158,2004-08-13,16.99
1159,2004-08-16,17.01
1160,2004-08-17,17.21
1161,2004-08-18,17.83
1162,2004-08-19,17.71
1163,2004-08-20,17.95
1164,2004-08-23,18.16
1165,2004-08-24,18.25
1166,2004-08-25,18.78
1167,2004-08-26,18.48
1168,2004-08-27,18.15
1169,2004-08-30,17.75
1170,2004-08-31,17.33
1171,2004-09-01,16.62
1172,2004-09-02,16.71
1173,2004-09-03,16.65
1174,2004-09-07,17.06
1175,2004-09-08,17.2
1176,2004-09-09,17.19
1177,2004-09-10,16.87
1178,2004-09-13,16.84
1179,2004-09-14,16.8
1180,2004-09-15,16.95
1181,2004-09-16,17.84
1182,2004-09-17,17.7
1183,2004-09-20,17.7
1184,2004-09-21,17.65
1185,2004-09-22,17.51
1186,2004-09-23,17.54
1187,2004-09-24,17.49
1188,2004-09-27,17.47
1189,2004-09-28,17.51
1190,2004-09-29,17.65
1191,2004-09-30,17.52
1192,2004-10-01,17.87
1193,2004-10-04,17.8
1194,2004-10-05,17.49
1195,2004-10-06,17.8
1196,2004-10-07,17.7
1197,2004-10-08,17.95
1198,2004-10-11,17.86
1199,2004-10-12,16.45
1200,2004-10-13,16.14
1201,2004-10-14,15.6
1202,2004-10-15,16.29
1203,2004-10-18,16.1
1204,2004-10-19,15.99
1205,2004-10-20,15.95
1206,2004-10-21,16.05
1207,2004-10-22,15.75
1208,2004-10-25,15.8
1209,2004-10-26,16.09
1210,2004-10-27,15.95
1211,2004-10-28,15.89
1212,2004-10-29,16.05
1213,2004-11-01,16.0
1214,2004-11-02,16.35
1215,2004-11-03,17.0
1216,2004-11-04,17.16
1217,2004-11-05,16.94
1218,2004-11-08,17.05
1219,2004-11-09,16.82
1220,2004-11-10,16.9
1221,2004-11-11,17.2
1222,2004-11-12,17.65
1223,2004-11-15,18.12
1224,2004-11-16,18.06
1225,2004-11-17,18.2
1226,2004-11-18,17.9
1227,2004-11-19,17.69
1228,2004-11-22,18.09
1229,2004-11-23,18.23
1230,2004-11-24,18.06
1231,2004-11-26,18.09
1232,2004-11-29,17.74
1233,2004-11-30,17.9
1234,2004-12-01,18.05
1235,2004-12-02,17.85
1236,2004-12-03,18.3
1237,2004-12-06,18.5
1238,2004-12-07,18.05
1239,2004-12-08,18.75
1240,2004-12-09,17.74
1241,2004-12-10,18.0
1242,2004-12-13,18.03
1243,2004-12-14,17.78
1244,2004-12-15,18.37
1245,2004-12-16,18.46
1246,2004-12-17,18.52
1247,2004-12-20,18.86
1248,2004-12-21,18.94
1249,2004-12-22,19.03
1250,2004-12-23,19.09
1251,2004-12-27,19.05
1252,2004-12-28,19.21
1253,2004-12-29,19.15
1254,2004-12-30,19.31
1255,2004-12-31,19.43
1256,2005-01-03,19.3
1257,2005-01-04,18.6
1258,2005-01-05,18.24
1259,2005-01-06,17.91
1260,2005-01-07,18.14
1261,2005-01-10,17.71
1262,2005-01-11,17.92
1263,2005-01-12,18.02
1264,2005-01-13,17.9
1265,2005-01-14,17.5
1266,2005-01-18,16.75
1267,2005-01-19,16.57
1268,2005-01-20,16.16
1269,2005-01-21,16.42
1270,2005-01-24,17.48
1271,2005-01-25,18.0
1272,2005-01-26,18.01
1273,2005-01-27,17.94
1274,2005-01-28,18.58
1275,2005-01-31,18.9
1276,2005-02-01,18.48
1277,2005-02-02,18.75
1278,2005-02-03,19.15
1279,2005-02-04,19.55
1280,2005-02-07,19.79
1281,2005-02-08,20.16
1282,2005-02-09,20.3
1283,2005-02-10,20.62
1284,2005-02-11,21.31
1285,2005-02-14,20.72
1286,2005-02-15,21.2
1287,2005-02-16,21.11
1288,2005-02-17,21.48
1289,2005-02-18,21.35
1290,2005-02-22,21.09
1291,2005-02-23,21.03
1292,2005-02-24,21.97
1293,2005-02-25,21.65
1294,2005-02-28,20.81
1295,2005-03-01,20.98
1296,2005-03-02,21.49
1297,2005-03-03,21.35
1298,2005-03-04,21.84
1299,2005-03-07,21.45
1300,2005-03-08,21.1
1301,2005-03-09,20.94
1302,2005-03-10,20.33
1303,2005-03-11,20.4
1304,2005-03-14,19.92
1305,2005-03-15,19.66
1306,2005-03-16,19.6
1307,2005-03-17,20.15
1308,2005-03-18,19.55
1309,2005-03-21,19.2
1310,2005-03-22,19.1
1311,2005-03-23,18.7
1312,2005-03-24,19.09
1313,2005-03-28,19.15
1314,2005-03-29,19.0
1315,2005-03-30,19.21
1316,2005-03-31,19.14
1317,2005-04-01,19.13
1318,2005-04-04,19.51
1319,2005-04-05,19.41
1320,2005-04-06,19.52
1321,2005-04-07,20.0
1322,2005-04-08,19.06
1323,2005-04-11,19.25
1324,2005-04-12,20.15
1325,2005-04-13,20.11
1326,2005-04-14,19.44
1327,2005-04-15,19.35
1328,2005-04-18,18.8
1329,2005-04-19,19.2
1330,2005-04-20,18.9
1331,2005-04-21,18.95
1332,2005-04-22,18.87
1333,2005-04-25,19.3
1334,2005-04-26,19.31
1335,2005-04-27,19.38
1336,2005-04-28,18.7
1337,2005-04-29,19.12
1338,2005-05-02,19.04
1339,2005-05-03,19.07
1340,2005-05-04,19.95
1341,2005-05-05,19.81
1342,2005-05-06,20.07
1343,2005-05-09,20.36
1344,2005-05-10,20.319
1345,2005-05-11,19.65
1346,2005-05-12,18.92
1347,2005-05-13,18.6
1348,2005-05-16,18.89
1349,2005-05-17,18.38
1350,2005-05-18,19.18
1351,2005-05-19,19.39
1352,2005-05-20,18.91
1353,2005-05-23,19.27
1354,2005-05-24,19.05
1355,2005-05-25,18.99
1356,2005-05-26,19.2
1357,2005-05-27,19.54
1358,2005-05-31,19.17
1359,2005-06-01,19.17
1360,2005-06-02,20.09
1361,2005-06-03,19.58
1362,2005-06-06,19.01
1363,2005-06-07,18.65
1364,2005-06-08,18.58
1365,2005-06-09,19.03
1366,2005-06-10,19.19
1367,2005-06-13,19.2
1368,2005-06-14,19.74
1369,2005-06-15,19.7
1370,2005-06-16,19.86
1371,2005-06-17,20.0
1372,2005-06-20,20.17
1373,2005-06-21,20.18
1374,2005-06-22,19.94
1375,2005-06-23,19.65
1376,2005-06-24,19.85
1377,2005-06-27,19.94
1378,2005-06-28,20.1
1379,2005-06-29,20.28
1380,2005-06-30,20.43
1381,2005-07-01,20.8
1382,2005-07-05,19.81
1383,2005-07-06,19.31
1384,2005-07-07,19.6
1385,2005-07-08,19.37
1386,2005-07-11,19.99
1387,2005-07-12,20.08
1388,2005-07-13,19.99
1389,2005-07-14,19.92
1390,2005-07-15,20.1
1391,2005-07-18,20.07
1392,2005-07-19,19.74
1393,2005-07-20,19.65
1394,2005-07-21,19.6
1395,2005-07-22,19.1
1396,2005-07-25,18.6
1397,2005-07-26,18.61
1398,2005-07-27,18.81
1399,2005-07-28,19.34
1400,2005-07-29,19.27
1401,2005-08-01,19.15
1402,2005-08-02,19.08
1403,2005-08-03,19.13
1404,2005-08-04,18.82
1405,2005-08-05,18.89
1406,2005-08-08,18.6
1407,2005-08-09,18.78
1408,2005-08-10,18.45
1409,2005-08-11,18.05
1410,2005-08-12,18.05
1411,2005-08-15,18.8
1412,2005-08-16,18.45
1413,2005-08-17,18.55
1414,2005-08-18,18.16
1415,2005-08-19,17.7
1416,2005-08-22,18.16
1417,2005-08-23,17.75
1418,2005-08-24,17.54
1419,2005-08-25,18.17
1420,2005-08-26,17.82
1421,2005-08-29,17.9
1422,2005-08-30,18.01
1423,2005-08-31,18.53
1424,2005-09-01,18.62
1425,2005-09-02,19.86
1426,2005-09-06,20.43
1427,2005-09-07,20.39
1428,2005-09-08,20.19
1429,2005-09-09,20.5
1430,2005-09-12,20.18
1431,2005-09-13,20.3
1432,2005-09-14,20.5
1433,2005-09-15,20.58
1434,2005-09-16,20.31
1435,2005-09-19,20.14
1436,2005-09-20,19.83
1437,2005-09-21,20.32
1438,2005-09-22,20.21
1439,2005-09-23,19.54
1440,2005-09-26,19.66
1441,2005-09-27,19.01
1442,2005-09-28,19.44
1443,2005-09-29,19.72
1444,2005-09-30,19.88
1445,2005-10-03,19.68
1446,2005-10-04,19.12
1447,2005-10-05,18.89
1448,2005-10-06,18.34
1449,2005-10-07,18.8599
1450,2005-10-10,19.26
1451,2005-10-11,19.35
1452,2005-10-12,18.76
1453,2005-10-13,18.82
1454,2005-10-14,18.87
1455,2005-10-17,19.46
1456,2005-10-18,18.74
1457,2005-10-19,18.8
1458,2005-10-20,18.55
1459,2005-10-21,19.15
1460,2005-10-24,19.16
1461,2005-10-25,18.95
1462,2005-10-26,19.03
1463,2005-10-27,18.5
1464,2005-10-28,19.05
1465,2005-10-31,19.53
1466,2005-11-01,19.63
1467,2005-11-02,19.72
1468,2005-11-03,19.96
1469,2005-11-04,20.39
1470,2005-11-07,20.62
1471,2005-11-08,20.74
1472,2005-11-09,20.95
1473,2005-11-10,21.43
1474,2005-11-11,21.58
1475,2005-11-14,21.27
1476,2005-11-15,21.22
1477,2005-11-16,21.331
1478,2005-11-17,21.74
1479,2005-11-18,21.53
1480,2005-11-21,21.48
1481,2005-11-22,21.52
1482,2005-11-23,21.43
1483,2005-11-25,21.43
1484,2005-11-28,21.2
1485,2005-11-29,21.3
1486,2005-11-30,20.92
1487,2005-12-01,20.93
1488,2005-12-02,21.04
1489,2005-12-05,21.0
1490,2005-12-06,21.26
1491,2005-12-07,21.17
1492,2005-12-08,21.04
1493,2005-12-09,20.72
1494,2005-12-12,20.94
1495,2005-12-13,21.1
1496,2005-12-14,20.92
1497,2005-12-15,20.78
1498,2005-12-16,20.37
1499,2005-12-19,19.86
1500,2005-12-20,20.21
1501,2005-12-21,20.49
1502,2005-12-22,20.15
1503,2005-12-23,20.5
1504,2005-12-27,20.3
1505,2005-12-28,20.01
1506,2005-12-29,20.46
1507,2005-12-30,20.4399
1508,2006-01-03,20.71
1509,2006-01-04,20.66
1510,2006-01-05,20.75
1511,2006-01-06,20.93
1512,2006-01-09,20.86
1513,2006-01-10,20.64
1514,2006-01-11,20.58
1515,2006-01-12,21.02
1516,2006-01-13,21.14
1517,2006-01-17,20.92
1518,2006-01-18,20.75
1519,2006-01-19,21.66
1520,2006-01-20,21.65
1521,2006-01-23,22.11
1522,2006-01-24,22.59
1523,2006-01-25,22.58
1524,2006-01-26,23.06
1525,2006-01-27,23.1
1526,2006-01-30,23.52
1527,2006-01-31,23.73
1528,2006-02-01,23.02
1529,2006-02-02,22.8
1530,2006-02-03,23.35
1531,2006-02-06,24.25
1532,2006-02-07,23.98
1533,2006-02-08,24.13
1534,2006-02-09,24.29
1535,2006-02-10,24.7
1536,2006-02-13,24.82
1537,2006-02-14,24.94
1538,2006-02-15,25.03
1539,2006-02-16,25.5
1540,2006-02-17,25.01
1541,2006-02-21,23.7
1542,2006-02-22,23.65
1543,2006-02-23,23.24
1544,2006-02-24,23.26
1545,2006-02-27,23.41
1546,2006-02-28,23.51
1547,2006-03-01,24.06
1548,2006-03-02,24.42
1549,2006-03-03,24.15
1550,2006-03-06,23.92
1551,2006-03-07,23.24
1552,2006-03-08,23.78
1553,2006-03-09,23.6
1554,2006-03-10,23.89
1555,2006-03-13,23.48
1556,2006-03-14,24.011
1557,2006-03-15,24.61
1558,2006-03-16,24.98
1559,2006-03-17,24.38
1560,2006-03-20,24.04
1561,2006-03-21,23.55
1562,2006-03-22,24.22
1563,2006-03-23,23.59
1564,2006-03-24,23.0
1565,2006-03-27,24.16
1566,2006-03-28,24.38
1567,2006-03-29,24.08
1568,2006-03-30,24.89
1569,2006-03-31,24.7
1570,2006-04-03,25.03
1571,2006-04-04,25.14
1572,2006-04-05,24.65
1573,2006-04-06,24.44
1574,2006-04-07,24.3
1575,2006-04-10,24.12
1576,2006-04-11,24.24
1577,2006-04-12,24.68
1578,2006-04-13,24.02
1579,2006-04-17,24.32
1580,2006-04-18,24.67
1581,2006-04-19,24.65
1582,2006-04-20,24.33
1583,2006-04-21,24.72
1584,2006-04-24,24.44
1585,2006-04-25,24.32
1586,2006-04-26,24.86
1587,2006-04-27,24.99
1588,2006-04-28,24.5
1589,2006-05-01,24.41
1590,2006-05-02,24.35
1591,2006-05-03,24.38
1592,2006-05-04,24.7
1593,2006-05-05,24.48
1594,2006-05-08,24.36
1595,2006-05-09,24.5
1596,2006-05-10,24.46
1597,2006-05-11,24.05
1598,2006-05-12,22.45
1599,2006-05-15,22.1025
1600,2006-05-16,22.44
1601,2006-05-17,21.05
1602,2006-05-18,21.18
1603,2006-05-19,21.42
1604,2006-05-22,19.85
1605,2006-05-23,19.33
1606,2006-05-24,19.3
1607,2006-05-25,20.2
1608,2006-05-26,21.33
1609,2006-05-30,18.85
1610,2006-05-31,18.84
1611,2006-06-01,20.06
1612,2006-06-02,21.2
1613,2006-06-05,20.12
1614,2006-06-06,20.69
1615,2006-06-07,21.06
1616,2006-06-08,20.49
1617,2006-06-09,20.16
1618,2006-06-12,19.15
1619,2006-06-13,18.89
1620,2006-06-14,19.45
1621,2006-06-15,20.5
1622,2006-06-16,19.66
1623,2006-06-19,19.57
1624,2006-06-20,19.5
1625,2006-06-21,19.78
1626,2006-06-22,19.75
1627,2006-06-23,19.92
1628,2006-06-26,19.91
1629,2006-06-27,19.65
1630,2006-06-28,19.74
1631,2006-06-29,20.6
1632,2006-06-30,21.1
1633,2006-07-03,21.61
1634,2006-07-05,20.32
1635,2006-07-06,20.6
1636,2006-07-07,20.64
1637,2006-07-10,21.11
1638,2006-07-11,21.2
1639,2006-07-12,20.68
1640,2006-07-13,19.98
1641,2006-07-14,19.95
1642,2006-07-17,19.96
1643,2006-07-18,20.65
1644,2006-07-19,21.35
1645,2006-07-20,20.9
1646,2006-07-21,20.75
1647,2006-07-24,21.04
1648,2006-07-25,20.78
1649,2006-07-26,20.78
1650,2006-07-27,20.93
1651,2006-07-28,21.7
1652,2006-07-31,21.7
1653,2006-08-01,21.51
1654,2006-08-02,21.89
1655,2006-08-03,22.38
1656,2006-08-04,22.45
1657,2006-08-07,22.65
1658,2006-08-08,22.8
1659,2006-08-09,22.7
1660,2006-08-10,23.24
1661,2006-08-11,22.8
1662,2006-08-14,22.69
1663,2006-08-15,23.1
1664,2006-08-16,24.12
1665,2006-08-17,24.02
1666,2006-08-18,24.22
1667,2006-08-21,23.98
1668,2006-08-22,23.39
1669,2006-08-23,22.29
1670,2006-08-24,22.35
1671,2006-08-25,22.46
1672,2006-08-28,22.73
1673,2006-08-29,22.9
1674,2006-08-30,22.9
1675,2006-08-31,22.65
1676,2006-09-01,23.0
1677,2006-09-05,23.29
1678,2006-09-06,23.16
1679,2006-09-07,22.93
1680,2006-09-08,22.91
1681,2006-09-11,22.61
1682,2006-09-12,22.98
1683,2006-09-13,22.89
1684,2006-09-14,22.74
1685,2006-09-15,22.7
1686,2006-09-18,22.94
1687,2006-09-19,22.53
1688,2006-09-20,22.61
1689,2006-09-21,22.35
1690,2006-09-22,22.26
1691,2006-09-25,22.17
1692,2006-09-26,22.24
1693,2006-09-27,21.99
1694,2006-09-28,22.59
1695,2006-09-29,22.32
1696,2006-10-02,22.71
1697,2006-10-03,22.5
1698,2006-10-04,23.35
1699,2006-10-05,23.41
1700,2006-10-06,23.01
1701,2006-10-09,22.8
1702,2006-10-10,23.11
1703,2006-10-11,23.11
1704,2006-10-12,23.4
1705,2006-10-13,23.62
1706,2006-10-16,23.71
1707,2006-10-17,23.44
1708,2006-10-18,23.25
1709,2006-10-19,23.32
1710,2006-10-20,23.11
1711,2006-10-23,23.26
1712,2006-10-24,23.25
1713,2006-10-25,23.23
1714,2006-10-26,23.54
1715,2006-10-27,23.57
1716,2006-10-30,23.55
1717,2006-10-31,23.55
1718,2006-11-01,23.59
1719,2006-11-02,23.58
1720,2006-11-03,24.2
1721,2006-11-06,24.33
1722,2006-11-07,24.18
1723,2006-11-08,24.33
1724,2006-11-09,24.34
1725,2006-11-10,24.23
1726,2006-11-13,24.33
1727,2006-11-14,24.44
1728,2006-11-15,24.7
1729,2006-11-16,24.46
1730,2006-11-17,23.0
1731,2006-11-20,23.24
1732,2006-11-21,23.22
1733,2006-11-22,23.04
1734,2006-11-24,22.76
1735,2006-11-27,22.27
1736,2006-11-28,22.59
1737,2006-11-29,22.67
1738,2006-11-30,22.67
1739,2006-12-01,22.6
1740,2006-12-04,22.95
1741,2006-12-05,23.13
1742,2006-12-06,23.48
1743,2006-12-07,23.63
1744,2006-12-08,23.74
1745,2006-12-11,24.12
1746,2006-12-12,24.45
1747,2006-12-13,24.85
1748,2006-12-14,24.94
1749,2006-12-15,24.81
1750,2006-12-18,24.95
1751,2006-12-19,25.21
1752,2006-12-20,24.89
1753,2006-12-21,24.95
1754,2006-12-22,24.91
1755,2006-12-26,25.09
1756,2006-12-27,25.34
1757,2006-12-28,25.5
1758,2006-12-29,25.63
1759,2007-01-03,25.91
1760,2007-01-04,25.79
1761,2007-01-05,25.07
1762,2007-01-08,25.2
1763,2007-01-09,24.5
1764,2007-01-10,24.59
1765,2007-01-11,24.49
1766,2007-01-12,24.63
1767,2007-01-16,24.69
1768,2007-01-17,24.79
1769,2007-01-18,24.72
1770,2007-01-19,24.82
1771,2007-01-22,25.0
1772,2007-01-23,25.15
1773,2007-01-24,25.22
1774,2007-01-25,24.85
1775,2007-01-26,25.14
1776,2007-01-29,24.83
1777,2007-01-30,24.98
1778,2007-01-31,25.44
1779,2007-02-01,26.1
1780,2007-02-02,26.47
1781,2007-02-05,27.0
1782,2007-02-06,27.14
1783,2007-02-07,26.65
1784,2007-02-08,26.5
1785,2007-02-09,26.27
1786,2007-02-12,25.86
1787,2007-02-13,26.17
1788,2007-02-14,26.43
1789,2007-02-15,26.18
1790,2007-02-16,26.1
1791,2007-02-20,26.61
1792,2007-02-21,26.72
1793,2007-02-22,26.29
1794,2007-02-23,26.15
1795,2007-02-26,26.09
1796,2007-02-27,23.7699
1797,2007-02-28,24.6
1798,2007-03-01,24.36
1799,2007-03-02,24.05
1800,2007-03-05,23.62
1801,2007-03-06,24.17
1802,2007-03-07,24.18
1803,2007-03-08,24.3
1804,2007-03-09,25.03
1805,2007-03-12,24.99
1806,2007-03-13,24.31
1807,2007-03-14,24.19
1808,2007-03-15,23.84
1809,2007-03-16,23.73
1810,2007-03-19,24.1
1811,2007-03-20,24.15
1812,2007-03-21,25.32
1813,2007-03-22,25.33
1814,2007-03-23,25.36
1815,2007-03-26,25.53
1816,2007-03-27,25.41
1817,2007-03-28,25.34
1818,2007-03-29,26.21
1819,2007-03-30,25.61
1820,2007-04-02,26.01
1821,2007-04-03,26.07
1822,2007-04-04,26.1
1823,2007-04-05,25.9
1824,2007-04-09,25.92
1825,2007-04-10,25.46
1826,2007-04-11,25.3
1827,2007-04-12,25.41
1828,2007-04-13,25.97
1829,2007-04-16,25.7
1830,2007-04-17,25.65
1831,2007-04-18,25.7
1832,2007-04-19,25.6
1833,2007-04-20,26.0
1834,2007-04-23,25.77
1835,2007-04-24,25.87
1836,2007-04-25,26.0
1837,2007-04-26,26.42
1838,2007-04-27,26.42
1839,2007-04-30,26.67
1840,2007-05-01,26.5
1841,2007-05-02,26.88
1842,2007-05-03,27.4
1843,2007-05-04,28.14
1844,2007-05-07,28.01
1845,2007-05-08,27.51
1846,2007-05-09,28.11
1847,2007-05-10,27.89
1848,2007-05-11,27.76
1849,2007-05-14,28.01
1850,2007-05-15,28.25
1851,2007-05-16,28.94
1852,2007-05-17,29.07
1853,2007-05-18,29.12
1854,2007-05-21,29.6
1855,2007-05-22,29.6101
1856,2007-05-23,28.66
1857,2007-05-24,27.57
1858,2007-05-25,28.46
1859,2007-05-29,28.47
1860,2007-05-30,29.22
1861,2007-05-31,29.39
1862,2007-06-01,29.97
1863,2007-06-04,30.05
1864,2007-06-05,30.0699
1865,2007-06-06,28.69
1866,2007-06-07,27.88
1867,2007-06-08,29.31
1868,2007-06-11,30.2
1869,2007-06-12,30.82
1870,2007-06-13,31.85
1871,2007-06-14,32.37
1872,2007-06-15,32.83
1873,2007-06-18,32.99
1874,2007-06-19,32.95
1875,2007-06-20,32.04
1876,2007-06-21,32.7
1877,2007-06-22,32.2
1878,2007-06-25,31.85
1879,2007-06-26,32.24
1880,2007-06-27,32.5
1881,2007-06-28,32.56
1882,2007-06-29,32.54
1883,2007-07-02,32.8
1884,2007-07-03,34.27
1885,2007-07-05,34.02
1886,2007-07-06,35.0
1887,2007-07-09,34.97
1888,2007-07-10,35.53
1889,2007-07-11,35.21
1890,2007-07-12,35.78
1891,2007-07-13,36.1
1892,2007-07-16,35.88
1893,2007-07-17,36.91
1894,2007-07-18,36.33
1895,2007-07-19,37.15
1896,2007-07-20,36.58
1897,2007-07-23,35.21
1898,2007-07-24,32.21
1899,2007-07-25,31.95
1900,2007-07-26,29.65
1901,2007-07-27,29.82
1902,2007-07-30,31.37
1903,2007-07-31,31.6
1904,2007-08-01,31.58
1905,2007-08-02,31.7
1906,2007-08-03,30.48
1907,2007-08-06,31.04
1908,2007-08-07,31.31
1909,2007-08-08,32.8
1910,2007-08-09,30.85
1911,2007-08-10,29.11
1912,2007-08-13,29.38
1913,2007-08-14,27.87
1914,2007-08-15,26.98
1915,2007-08-16,26.71
1916,2007-08-17,27.0
1917,2007-08-20,27.15
1918,2007-08-21,28.39
1919,2007-08-22,29.56
1920,2007-08-23,31.36
1921,2007-08-24,32.59
1922,2007-08-27,32.49
1923,2007-08-28,30.1
1924,2007-08-29,31.82
1925,2007-08-30,31.77
1926,2007-08-31,32.73
1927,2007-09-04,33.2
1928,2007-09-05,32.46
1929,2007-09-06,32.5
1930,2007-09-07,31.26
1931,2007-09-10,31.02
1932,2007-09-11,32.29
1933,2007-09-12,32.2
1934,2007-09-13,32.92
1935,2007-09-14,32.8
1936,2007-09-17,32.15
1937,2007-09-18,33.83
1938,2007-09-19,33.39
1939,2007-09-20,33.16
1940,2007-09-21,33.2
1941,2007-09-24,32.83
1942,2007-09-25,33.03
1943,2007-09-26,33.23
1944,2007-09-27,33.37
1945,2007-09-28,32.45
1946,2007-10-01,32.68
1947,2007-10-02,32.58
1948,2007-10-03,31.64
1949,2007-10-04,32.48
1950,2007-10-05,33.3
1951,2007-10-08,33.49
1952,2007-10-09,35.16
1953,2007-10-10,34.12
1954,2007-10-11,34.1
1955,2007-10-12,34.59
1956,2007-10-15,33.77
1957,2007-10-16,33.02
1958,2007-10-17,32.96
1959,2007-10-18,33.05
1960,2007-10-19,31.8101
1961,2007-10-22,32.07
1962,2007-10-23,33.22
1963,2007-10-24,33.74
1964,2007-10-25,33.39
1965,2007-10-26,33.62
1966,2007-10-29,33.6
1967,2007-10-30,33.65
1968,2007-10-31,34.22
1969,2007-11-01,32.45
1970,2007-11-02,32.13
1971,2007-11-05,33.45
1972,2007-11-06,33.86
1973,2007-11-07,31.5
1974,2007-11-08,30.73
1975,2007-11-09,30.78
1976,2007-11-12,28.75
1977,2007-11-13,28.56
1978,2007-11-14,28.1
1979,2007-11-15,28.21
1980,2007-11-16,28.93
1981,2007-11-19,27.82
1982,2007-11-20,28.0
1983,2007-11-21,27.51
1984,2007-11-23,27.46
1985,2007-11-26,26.03
1986,2007-11-27,26.27
1987,2007-11-28,26.87
1988,2007-11-29,26.9
1989,2007-11-30,26.27
1990,2007-12-03,26.92
1991,2007-12-04,26.96
1992,2007-12-05,28.85
1993,2007-12-06,28.8
1994,2007-12-07,28.18
1995,2007-12-10,28.01
1996,2007-12-11,27.72
1997,2007-12-12,27.72
1998,2007-12-13,27.2
1999,2007-12-14,26.77
2000,2007-12-17,25.45
2001,2007-12-18,26.07
2002,2007-12-19,26.0
2003,2007-12-20,25.59
2004,2007-12-21,26.16
2005,2007-12-24,26.59
2006,2007-12-26,26.16
2007,2007-12-27,25.77
2008,2007-12-28,25.63
2009,2007-12-31,25.45
2010,2008-01-02,25.34
2011,2008-01-03,25.51
2012,2008-01-04,24.08
2013,2008-01-07,25.43
2014,2008-01-08,26.0
2015,2008-01-09,26.56
2016,2008-01-10,27.45
2017,2008-01-11,26.5
2018,2008-01-14,26.1
2019,2008-01-15,24.84
2020,2008-01-16,24.64
2021,2008-01-17,24.17
2022,2008-01-18,24.33
2023,2008-01-22,24.32
2024,2008-01-23,24.86
2025,2008-01-24,24.73
2026,2008-01-25,24.57
2027,2008-01-28,25.6
2028,2008-01-29,25.89
2029,2008-01-30,26.58
2030,2008-01-31,27.73
2031,2008-02-01,27.28
2032,2008-02-04,27.5
2033,2008-02-05,26.21
2034,2008-02-06,26.56
2035,2008-02-07,26.72
2036,2008-02-08,26.54
2037,2008-02-11,27.59
2038,2008-02-12,28.1
2039,2008-02-13,27.02
2040,2008-02-14,27.5
2041,2008-02-15,27.81
2042,2008-02-19,28.14
2043,2008-02-20,29.34
2044,2008-02-21,29.83
2045,2008-02-22,29.63
2046,2008-02-25,29.47
2047,2008-02-26,28.84
2048,2008-02-27,28.75
2049,2008-02-28,28.11
2050,2008-02-29,28.2
2051,2008-03-03,28.15
2052,2008-03-04,27.31
2053,2008-03-05,28.6
2054,2008-03-06,26.88
2055,2008-03-07,26.8
2056,2008-03-10,26.26
2057,2008-03-11,27.33
2058,2008-03-12,27.19
2059,2008-03-13,26.76
2060,2008-03-14,25.89
2061,2008-03-17,25.35
2062,2008-03-18,26.46
2063,2008-03-19,24.97
2064,2008-03-20,25.78
2065,2008-03-24,26.19
2066,2008-03-25,26.1
2067,2008-03-26,26.31
2068,2008-03-27,24.97
2069,2008-03-28,25.12
2070,2008-03-31,25.03
2071,2008-04-01,26.62
2072,2008-04-02,26.72
2073,2008-04-03,27.07
2074,2008-04-04,26.87
2075,2008-04-07,26.58
2076,2008-04-08,26.28
2077,2008-04-09,26.05
2078,2008-04-10,26.12
2079,2008-04-11,25.74
2080,2008-04-14,25.53
2081,2008-04-15,25.32
2082,2008-04-16,26.13
2083,2008-04-17,26.01
2084,2008-04-18,25.73
2085,2008-04-21,26.12
2086,2008-04-22,26.13
2087,2008-04-23,26.18
2088,2008-04-24,26.42
2089,2008-04-25,26.59
2090,2008-04-28,26.3
2091,2008-04-29,25.17
2092,2008-04-30,26.52
2093,2008-05-01,27.21
2094,2008-05-02,26.88
2095,2008-05-05,27.113
2096,2008-05-06,26.98
2097,2008-05-07,26.74
2098,2008-05-08,26.98
2099,2008-05-09,26.94
2100,2008-05-12,27.43
2101,2008-05-13,27.47
2102,2008-05-14,28.24
2103,2008-05-15,29.52
2104,2008-05-16,29.3
2105,2008-05-19,29.02
2106,2008-05-20,29.32
2107,2008-05-21,29.21
2108,2008-05-22,28.52
2109,2008-05-23,28.0
2110,2008-05-27,27.88
2111,2008-05-28,27.77
2112,2008-05-29,27.94
2113,2008-05-30,28.16
2114,2008-06-02,28.33
2115,2008-06-03,27.81
2116,2008-06-04,28.1
2117,2008-06-05,28.9
2118,2008-06-06,27.75
2119,2008-06-09,28.0
2120,2008-06-10,27.49
2121,2008-06-11,27.52
2122,2008-06-12,27.28
2123,2008-06-13,26.74
2124,2008-06-16,26.7
2125,2008-06-17,27.41
2126,2008-06-18,27.08
2127,2008-06-19,28.15
2128,2008-06-20,27.03
2129,2008-06-23,27.2
2130,2008-06-24,27.2
2131,2008-06-25,28.33
2132,2008-06-26,27.87
2133,2008-06-27,27.84
2134,2008-06-30,28.13
2135,2008-07-01,27.46
2136,2008-07-02,27.203
2137,2008-07-03,26.75
2138,2008-07-07,25.32
2139,2008-07-08,25.35
2140,2008-07-09,25.37
2141,2008-07-10,26.08
2142,2008-07-11,26.12
2143,2008-07-14,26.85
2144,2008-07-15,27.3
2145,2008-07-16,27.66
2146,2008-07-17,27.6
2147,2008-07-18,27.35
2148,2008-07-21,27.92
2149,2008-07-22,27.16
2150,2008-07-23,27.2
2151,2008-07-24,27.41
2152,2008-07-25,27.59
2153,2008-07-28,28.14
2154,2008-07-29,28.33
2155,2008-07-30,28.88
2156,2008-07-31,29.24
2157,2008-08-01,29.08
2158,2008-08-04,29.45
2159,2008-08-05,29.86
2160,2008-08-06,30.42
2161,2008-08-07,30.04
2162,2008-08-08,29.4
2163,2008-08-11,28.77
2164,2008-08-12,28.87
2165,2008-08-13,29.56
2166,2008-08-14,29.92
2167,2008-08-15,29.13
2168,2008-08-18,28.53
2169,2008-08-19,28.92
2170,2008-08-20,28.52
2171,2008-08-21,28.27
2172,2008-08-22,28.61
2173,2008-08-25,28.4
2174,2008-08-26,28.09
2175,2008-08-27,28.15
2176,2008-08-28,28.66
2177,2008-08-29,28.54
2178,2008-09-02,27.77
2179,2008-09-03,26.91
2180,2008-09-04,25.5
2181,2008-09-05,25.57
2182,2008-09-08,25.37
2183,2008-09-09,23.87
2184,2008-09-10,24.43
2185,2008-09-11,23.99
2186,2008-09-12,25.37
2187,2008-09-15,23.86
2188,2008-09-16,23.5
2189,2008-09-17,22.06
2190,2008-09-18,20.65
2191,2008-09-19,23.12
2192,2008-09-22,23.54
2193,2008-09-23,23.47
2194,2008-09-24,22.91
2195,2008-09-25,23.86
2196,2008-09-26,23.9
2197,2008-09-29,20.8
2198,2008-09-30,23.2
2199,2008-10-01,24.02
2200,2008-10-02,22.58
2201,2008-10-03,22.41
2202,2008-10-06,20.38
2203,2008-10-07,20.1
2204,2008-10-08,19.65
2205,2008-10-09,19.9
2206,2008-10-10,19.18
2207,2008-10-13,23.45
2208,2008-10-14,24.05
2209,2008-10-15,22.21
2210,2008-10-16,24.6
2211,2008-10-17,25.4
2212,2008-10-20,25.35
2213,2008-10-21,22.86
2214,2008-10-22,20.54
2215,2008-10-23,21.84
2216,2008-10-24,21.96
2217,2008-10-27,23.5
2218,2008-10-28,25.35
2219,2008-10-29,26.09
2220,2008-10-30,23.83
2221,2008-10-31,22.75
2222,2008-11-03,22.15
2223,2008-11-04,23.1
2224,2008-11-05,21.85
2225,2008-11-06,22.22
2226,2008-11-07,23.86
2227,2008-11-10,23.86
2228,2008-11-11,23.48
2229,2008-11-12,22.33
2230,2008-11-13,23.09
2231,2008-11-14,22.5
2232,2008-11-17,21.61
2233,2008-11-18,22.32
2234,2008-11-19,20.52
2235,2008-11-20,19.04
2236,2008-11-21,20.66
2237,2008-11-24,21.34
2238,2008-11-25,19.88
2239,2008-11-26,21.35
2240,2008-11-28,19.74
2241,2008-12-01,18.62
2242,2008-12-02,19.67
2243,2008-12-03,19.49
2244,2008-12-04,19.49
2245,2008-12-05,20.76
2246,2008-12-08,20.95
2247,2008-12-09,20.72
2248,2008-12-10,20.62
2249,2008-12-11,19.71
2250,2008-12-12,21.0
2251,2008-12-15,20.03
2252,2008-12-16,21.59
2253,2008-12-17,21.07
2254,2008-12-18,21.72
2255,2008-12-19,20.76
2256,2008-12-22,20.0
2257,2008-12-23,19.32
2258,2008-12-24,19.51
2259,2008-12-26,18.97
2260,2008-12-29,18.87
2261,2008-12-30,19.51
2262,2008-12-31,19.41
2263,2009-01-02,19.46
2264,2009-01-05,20.12
2265,2009-01-06,19.84
2266,2009-01-07,18.97
2267,2009-01-08,18.59
2268,2009-01-09,18.64
2269,2009-01-12,18.43
2270,2009-01-13,18.31
2271,2009-01-14,17.79
2272,2009-01-15,17.82
2273,2009-01-16,17.57
2274,2009-01-20,17.12
2275,2009-01-21,18.11
2276,2009-01-22,18.08
2277,2009-01-23,18.65
2278,2009-01-26,18.38
2279,2009-01-27,18.3
2280,2009-01-28,18.75
2281,2009-01-29,18.91
2282,2009-01-30,18.78
2283,2009-02-02,18.88
2284,2009-02-03,19.05
2285,2009-02-04,18.99
2286,2009-02-05,18.95
2287,2009-02-06,19.29
2288,2009-02-09,19.1
2289,2009-02-10,18.62
2290,2009-02-11,18.75
2291,2009-02-12,19.22
2292,2009-02-13,19.29
2293,2009-02-17,18.46
2294,2009-02-18,18.65
2295,2009-02-19,18.64
2296,2009-02-20,18.33
2297,2009-02-23,17.31
2298,2009-02-24,18.08
2299,2009-02-25,18.3
2300,2009-02-26,18.27
2301,2009-02-27,18.38
2302,2009-03-02,17.51
2303,2009-03-03,17.57
2304,2009-03-04,18.11
2305,2009-03-05,17.57
2306,2009-03-06,17.38
2307,2009-03-09,17.27
2308,2009-03-10,18.0
2309,2009-03-11,18.71
2310,2009-03-12,19.2
2311,2009-03-13,19.26
2312,2009-03-16,19.42
2313,2009-03-17,19.98
2314,2009-03-18,19.91
2315,2009-03-19,19.97
2316,2009-03-20,20.58
2317,2009-03-23,21.17
2318,2009-03-24,20.99
2319,2009-03-25,21.3
2320,2009-03-26,20.8
2321,2009-03-27,20.17
2322,2009-03-30,20.45
2323,2009-03-31,20.78
2324,2009-04-01,21.28
2325,2009-04-02,21.75
2326,2009-04-03,22.43
2327,2009-04-06,21.8
2328,2009-04-07,21.45
2329,2009-04-08,21.64
2330,2009-04-09,22.07
2331,2009-04-13,22.07
2332,2009-04-14,21.34
2333,2009-04-15,21.3
2334,2009-04-16,22.1
2335,2009-04-17,21.89
2336,2009-04-20,21.01
2337,2009-04-21,21.03
2338,2009-04-22,21.12
2339,2009-04-23,21.34
2340,2009-04-24,21.86
2341,2009-04-27,20.95
2342,2009-04-28,21.65
2343,2009-04-29,22.16
2344,2009-04-30,21.69
2345,2009-05-01,22.48
2346,2009-05-04,22.68
2347,2009-05-05,22.29
2348,2009-05-06,22.72
2349,2009-05-07,22.71
2350,2009-05-08,23.46
2351,2009-05-11,23.1
2352,2009-05-12,23.0
2353,2009-05-13,22.13
2354,2009-05-14,22.0
2355,2009-05-15,21.42
2356,2009-05-18,22.29
2357,2009-05-19,22.66
2358,2009-05-20,23.0
2359,2009-05-21,22.24
2360,2009-05-22,22.15
2361,2009-05-26,22.1
2362,2009-05-27,22.32
2363,2009-05-28,22.6
2364,2009-05-29,23.12
2365,2009-06-01,23.59
2366,2009-06-02,24.55
2367,2009-06-03,24.01
2368,2009-06-04,24.02
2369,2009-06-05,23.65
2370,2009-06-08,23.15
2371,2009-06-09,23.32
2372,2009-06-10,23.08
2373,2009-06-11,23.41
2374,2009-06-12,23.39
2375,2009-06-15,23.18
2376,2009-06-16,22.78
2377,2009-06-17,22.47
2378,2009-06-18,22.1
2379,2009-06-19,22.0
2380,2009-06-22,21.52
2381,2009-06-23,21.82
2382,2009-06-24,21.68
2383,2009-06-25,22.24
2384,2009-06-26,22.09
2385,2009-06-29,22.16
2386,2009-06-30,22.24
2387,2009-07-01,22.55
2388,2009-07-02,22.19
2389,2009-07-06,22.19
2390,2009-07-07,21.66
2391,2009-07-08,21.61
2392,2009-07-09,21.93
2393,2009-07-10,21.43
2394,2009-07-13,21.49
2395,2009-07-14,21.17
2396,2009-07-15,21.61
2397,2009-07-16,21.97
2398,2009-07-17,22.2
2399,2009-07-20,22.63
2400,2009-07-21,22.27
2401,2009-07-22,21.93
2402,2009-07-23,22.2
2403,2009-07-24,22.37
2404,2009-07-27,23.0
2405,2009-07-28,22.34
2406,2009-07-29,22.64
2407,2009-07-30,22.89
2408,2009-07-31,23.18
2409,2009-08-03,23.55
2410,2009-08-04,23.7
2411,2009-08-05,23.89
2412,2009-08-06,23.8
2413,2009-08-07,23.89
2414,2009-08-10,23.72
2415,2009-08-11,23.3
2416,2009-08-12,23.64
2417,2009-08-13,23.25
2418,2009-08-14,22.91
2419,2009-08-17,22.77
2420,2009-08-18,22.61
2421,2009-08-19,22.65
2422,2009-08-20,22.71
2423,2009-08-21,23.06
2424,2009-08-24,23.06
2425,2009-08-25,23.23
2426,2009-08-26,23.23
2427,2009-08-27,23.29
2428,2009-08-28,22.89
2429,2009-08-31,22.74
2430,2009-09-01,22.52
2431,2009-09-02,22.63
2432,2009-09-03,22.84
2433,2009-09-04,23.5
2434,2009-09-08,23.46
2435,2009-09-09,23.42
2436,2009-09-10,23.8
2437,2009-09-11,24.02
2438,2009-09-14,24.17
2439,2009-09-15,24.76
2440,2009-09-16,24.99
2441,2009-09-17,24.85
2442,2009-09-18,25.01
2443,2009-09-21,24.85
2444,2009-09-22,25.36
2445,2009-09-23,24.92
2446,2009-09-24,24.87
2447,2009-09-25,24.71
2448,2009-09-28,24.95
2449,2009-09-29,24.94
2450,2009-09-30,25.56
2451,2009-10-01,24.44
2452,2009-10-02,24.74
2453,2009-10-05,25.38
2454,2009-10-06,25.38
2455,2009-10-07,24.96
2456,2009-10-08,25.66
2457,2009-10-09,25.5
2458,2009-10-12,25.7
2459,2009-10-13,25.56
2460,2009-10-14,26.41
2461,2009-10-15,26.29
2462,2009-10-16,25.8
2463,2009-10-19,26.09
2464,2009-10-20,25.52
2465,2009-10-21,26.08
2466,2009-10-22,25.97
2467,2009-10-23,25.7
2468,2009-10-26,25.12
2469,2009-10-27,25.3
2470,2009-10-28,24.25
2471,2009-10-29,25.46
2472,2009-10-30,24.79
2473,2009-11-02,24.99
2474,2009-11-03,24.88
2475,2009-11-04,25.22
2476,2009-11-05,25.94
2477,2009-11-06,26.69
2478,2009-11-09,27.38
2479,2009-11-10,26.91
2480,2009-11-11,25.96
2481,2009-11-12,25.07
2482,2009-11-13,25.88
2483,2009-11-16,26.11
2484,2009-11-17,26.1
2485,2009-11-18,26.3
2486,2009-11-19,25.71
2487,2009-11-20,25.49
2488,2009-11-23,25.99
2489,2009-11-24,25.88
2490,2009-11-25,25.72
2491,2009-11-27,25.03
2492,2009-11-30,24.79
2493,2009-12-01,25.09
2494,2009-12-02,25.53
2495,2009-12-03,25.33
2496,2009-12-04,25.23
2497,2009-12-07,25.06
2498,2009-12-08,24.61
2499,2009-12-09,24.53
2500,2009-12-10,24.75
2501,2009-12-11,24.84
2502,2009-12-14,25.1
2503,2009-12-15,24.94
2504,2009-12-16,24.58
2505,2009-12-17,24.07
2506,2009-12-18,23.74
2507,2009-12-21,24.05
2508,2009-12-22,24.21
2509,2009-12-23,24.4
2510,2009-12-24,24.35
2511,2009-12-28,24.67
2512,2009-12-29,24.77
2513,2009-12-30,25.16
2514,2009-12-31,24.97
2515,2010-01-04,25.31
2516,2010-01-05,24.94
2517,2010-01-06,25.42
2518,2010-01-07,24.87
2519,2010-01-08,24.89
2520,2010-01-11,24.61
2521,2010-01-12,24.46
2522,2010-01-13,24.48
2523,2010-01-14,24.05
2524,2010-01-15,23.98
2525,2010-01-19,23.87
2526,2010-01-20,23.65
2527,2010-01-21,23.31
2528,2010-01-22,23.06
2529,2010-01-25,23.04
2530,2010-01-26,22.86
2531,2010-01-27,22.81
2532,2010-01-28,22.37
2533,2010-01-29,22.38
2534,2010-02-01,22.79
2535,2010-02-02,22.67
2536,2010-02-03,22.48
2537,2010-02-04,21.99
2538,2010-02-05,21.72
2539,2010-02-08,21.56
2540,2010-02-09,22.11
2541,2010-02-10,22.01
2542,2010-02-11,22.24
2543,2010-02-12,21.88
2544,2010-02-16,22.16
2545,2010-02-17,22.19
2546,2010-02-18,22.46
2547,2010-02-19,22.28
2548,2010-02-22,22.31
2549,2010-02-23,21.93
2550,2010-02-24,22.1
2551,2010-02-25,21.97
2552,2010-02-26,21.99
2553,2010-03-01,22.09
2554,2010-03-02,22.09
2555,2010-03-03,22.01
2556,2010-03-04,22.02
2557,2010-03-05,22.18
2558,2010-03-08,22.05
2559,2010-03-09,22.31
2560,2010-03-10,22.84
2561,2010-03-11,23.0
2562,2010-03-12,22.7
2563,2010-03-15,22.65
2564,2010-03-16,22.52
2565,2010-03-17,22.48
2566,2010-03-18,22.34
2567,2010-03-19,21.75
2568,2010-03-22,21.89
2569,2010-03-23,22.02
2570,2010-03-24,21.56
2571,2010-03-25,21.02
2572,2010-03-26,21.08
2573,2010-03-29,21.62
2574,2010-03-30,21.55
2575,2010-03-31,21.76
2576,2010-04-01,21.9
2577,2010-04-05,22.1
2578,2010-04-06,22.18
2579,2010-04-07,22.18
2580,2010-04-08,20.68
2581,2010-04-09,20.42
2582,2010-04-12,20.15
2583,2010-04-13,20.08
2584,2010-04-14,20.17
2585,2010-04-15,19.99
2586,2010-04-16,19.62
2587,2010-04-19,19.57
2588,2010-04-20,20.17
2589,2010-04-21,19.95
2590,2010-04-22,19.88
2591,2010-04-23,19.6
2592,2010-04-26,19.64
2593,2010-04-27,19.02
2594,2010-04-28,19.26
2595,2010-04-29,19.42
2596,2010-04-30,19.58
2597,2010-05-03,19.57
2598,2010-05-04,18.86
2599,2010-05-05,18.58
2600,2010-05-06,18.01
2601,2010-05-07,18.24
2602,2010-05-10,19.05
2603,2010-05-11,19.69
2604,2010-05-12,20.2
2605,2010-05-13,20.02
2606,2010-05-14,20.05
2607,2010-05-17,19.77
2608,2010-05-18,19.91
2609,2010-05-19,19.64
2610,2010-05-20,18.59
2611,2010-05-21,19.04
2612,2010-05-24,18.86
2613,2010-05-25,18.76
2614,2010-05-26,19.11
2615,2010-05-27,19.58
2616,2010-05-28,19.49
2617,2010-06-01,19.35
2618,2010-06-02,20.37
2619,2010-06-03,20.09
2620,2010-06-04,20.02
2621,2010-06-07,20.6
2622,2010-06-08,20.72
2623,2010-06-09,20.47
2624,2010-06-10,21.69
2625,2010-06-11,21.76
2626,2010-06-14,21.86
2627,2010-06-15,21.87
2628,2010-06-16,21.4
2629,2010-06-17,21.67
2630,2010-06-18,21.5
2631,2010-06-21,21.47
2632,2010-06-22,21.35
2633,2010-06-23,20.91
2634,2010-06-24,20.6
2635,2010-06-25,20.66
2636,2010-06-28,20.49
2637,2010-06-29,19.72
2638,2010-06-30,20.36
2639,2010-07-01,20.84
2640,2010-07-02,21.06
2641,2010-07-06,20.87
2642,2010-07-07,21.26
2643,2010-07-08,21.32
2644,2010-07-09,21.43
2645,2010-07-12,21.15
2646,2010-07-13,21.29
2647,2010-07-14,21.38
2648,2010-07-15,21.49
2649,2010-07-16,21.19
2650,2010-07-19,21.24
2651,2010-07-20,21.62
2652,2010-07-21,21.34
2653,2010-07-22,21.61
2654,2010-07-23,21.53
2655,2010-07-26,21.67
2656,2010-07-27,21.15
2657,2010-07-28,21.55
2658,2010-07-29,21.4
2659,2010-07-30,21.53
2660,2010-08-02,21.5
2661,2010-08-03,21.62
2662,2010-08-04,22.2
2663,2010-08-05,22.33
2664,2010-08-06,22.29
2665,2010-08-09,21.74
2666,2010-08-10,21.21
2667,2010-08-11,20.98
2668,2010-08-12,21.0
2669,2010-08-13,21.18
2670,2010-08-16,21.47
2671,2010-08-17,21.56
2672,2010-08-18,21.65
2673,2010-08-19,21.76
2674,2010-08-20,21.97
2675,2010-08-23,21.71
2676,2010-08-24,22.02
2677,2010-08-25,22.39
2678,2010-08-26,21.94
2679,2010-08-27,22.8
2680,2010-08-30,22.3
2681,2010-08-31,22.78
2682,2010-09-01,23.48
2683,2010-09-02,23.6
2684,2010-09-03,23.25
2685,2010-09-07,22.9
2686,2010-09-08,23.98
2687,2010-09-09,23.65
2688,2010-09-10,24.01
2689,2010-09-13,23.96
2690,2010-09-14,24.0
2691,2010-09-15,23.87
2692,2010-09-16,24.01
2693,2010-09-17,24.01
2694,2010-09-20,24.24
2695,2010-09-21,24.22
2696,2010-09-22,24.18
2697,2010-09-23,24.17
2698,2010-09-24,24.36
2699,2010-09-27,24.58
2700,2010-09-28,24.28
2701,2010-09-29,24.33
2702,2010-09-30,24.43
2703,2010-10-01,24.6
2704,2010-10-04,24.0
2705,2010-10-05,24.53
2706,2010-10-06,24.63
2707,2010-10-07,24.66
2708,2010-10-08,25.11
2709,2010-10-11,25.2
2710,2010-10-12,25.24
2711,2010-10-13,25.35
2712,2010-10-14,25.09
2713,2010-10-15,24.8
2714,2010-10-18,24.71
2715,2010-10-19,24.21
2716,2010-10-20,24.6
2717,2010-10-21,24.31
2718,2010-10-22,24.01
2719,2010-10-25,24.11
2720,2010-10-26,24.336
2721,2010-10-27,24.67
2722,2010-10-28,24.24
2723,2010-10-29,24.5
2724,2010-11-01,24.94
2725,2010-11-02,25.19
2726,2010-11-03,24.71
2727,2010-11-04,25.2
2728,2010-11-05,24.97
2729,2010-11-08,24.82
2730,2010-11-09,24.84
2731,2010-11-10,24.94
2732,2010-11-11,24.74
2733,2010-11-12,24.56
2734,2010-11-15,24.77
2735,2010-11-16,24.21
2736,2010-11-17,24.44
2737,2010-11-18,24.36
2738,2010-11-19,24.39
2739,2010-11-22,23.98
2740,2010-11-23,23.3
2741,2010-11-24,23.71
2742,2010-11-26,23.97
2743,2010-11-29,23.79
2744,2010-11-30,23.8
2745,2010-12-01,23.96
2746,2010-12-02,23.95
2747,2010-12-03,23.96
2748,2010-12-06,23.55
2749,2010-12-07,23.35
2750,2010-12-08,23.19
2751,2010-12-09,22.96
2752,2010-12-10,22.99
2753,2010-12-13,23.28
2754,2010-12-14,23.46
2755,2010-12-15,23.32
2756,2010-12-16,23.05
2757,2010-12-17,22.86
2758,2010-12-20,22.7
2759,2010-12-21,23.16
2760,2010-12-22,23.51
2761,2010-12-23,23.56
2762,2010-12-27,24.04
2763,2010-12-28,24.53
2764,2010-12-29,24.33
2765,2010-12-30,24.44
2766,2010-12-31,24.47
2767,2011-01-03,24.45
2768,2011-01-04,24.67
2769,2011-01-05,24.54
2770,2011-01-06,24.5
2771,2011-01-07,24.27
2772,2011-01-10,24.58
2773,2011-01-11,24.78
2774,2011-01-12,25.15
2775,2011-01-13,25.34
2776,2011-01-14,25.16
2777,2011-01-18,24.95
2778,2011-01-19,24.71
2779,2011-01-20,24.45
2780,2011-01-21,24.68
2781,2011-01-24,25.02
2782,2011-01-25,25.04
2783,2011-01-26,25.29
2784,2011-01-27,25.12
2785,2011-01-28,24.58
2786,2011-01-31,24.33
2787,2011-02-01,24.25
2788,2011-02-02,24.19
2789,2011-02-03,24.17
2790,2011-02-04,23.62
2791,2011-02-07,23.81
2792,2011-02-08,24.11
2793,2011-02-09,23.6
2794,2011-02-10,23.57
2795,2011-02-11,23.59
2796,2011-02-14,23.2
2797,2011-02-15,23.21
2798,2011-02-16,23.8
2799,2011-02-17,24.18
2800,2011-02-18,24.11
2801,2011-02-22,24.16
2802,2011-02-23,23.92
2803,2011-02-24,24.1
2804,2011-02-25,24.22
2805,2011-02-28,24.33
2806,2011-03-01,24.3
2807,2011-03-02,24.47
2808,2011-03-03,25.17
2809,2011-03-04,25.16
2810,2011-03-07,25.09
2811,2011-03-08,25.04
2812,2011-03-09,25.12
2813,2011-03-10,25.1
2814,2011-03-11,25.2
2815,2011-03-14,25.26
2816,2011-03-15,25.04
2817,2011-03-16,24.78
2818,2011-03-17,24.72
2819,2011-03-18,25.0
2820,2011-03-21,23.24
2821,2011-03-22,23.43
2822,2011-03-23,23.47
2823,2011-03-24,23.66
2824,2011-03-25,24.53
2825,2011-03-28,23.07
2826,2011-03-29,23.61
2827,2011-03-30,23.62
2828,2011-03-31,24.63
2829,2011-04-01,25.0
2830,2011-04-04,25.41
2831,2011-04-05,26.14
2832,2011-04-06,25.77
2833,2011-04-07,26.34
2834,2011-04-08,26.13
2835,2011-04-11,26.49
2836,2011-04-12,26.72
2837,2011-04-13,26.73
2838,2011-04-14,27.09
2839,2011-04-15,27.25
2840,2011-04-18,27.57
2841,2011-04-19,27.81
2842,2011-04-20,27.63
2843,2011-04-21,27.91
2844,2011-04-25,27.27
2845,2011-04-26,27.63
2846,2011-04-27,27.36
2847,2011-04-28,27.48
2848,2011-04-29,27.11
2849,2011-05-02,27.04
2850,2011-05-03,26.88
2851,2011-05-04,26.2
2852,2011-05-05,25.54
2853,2011-05-06,26.37
2854,2011-05-09,26.61
2855,2011-05-10,26.61
2856,2011-05-11,26.43
2857,2011-05-12,26.93
2858,2011-05-13,26.4
2859,2011-05-16,26.56
2860,2011-05-17,26.74
2861,2011-05-18,27.01
2862,2011-05-19,27.44
2863,2011-05-20,27.3
2864,2011-05-23,27.18
2865,2011-05-24,27.67
2866,2011-05-25,28.3
2867,2011-05-26,28.48
2868,2011-05-27,28.91
2869,2011-05-31,29.24
2870,2011-06-01,28.89
2871,2011-06-02,30.4
2872,2011-06-03,30.07
2873,2011-06-06,29.59
2874,2011-06-07,29.7
2875,2011-06-08,29.57
2876,2011-06-09,28.86
2877,2011-06-10,28.73
2878,2011-06-13,28.45
2879,2011-06-14,27.96
2880,2011-06-15,28.4
2881,2011-06-16,28.04
2882,2011-06-17,28.37
2883,2011-06-20,28.49
2884,2011-06-21,28.8
2885,2011-06-22,28.15
2886,2011-06-23,28.42
2887,2011-06-24,28.65
2888,2011-06-27,29.19
2889,2011-06-28,29.28
2890,2011-06-29,28.82
2891,2011-06-30,29.7
2892,2011-07-01,30.13
2893,2011-07-05,29.3
2894,2011-07-06,29.34
2895,2011-07-07,29.07
2896,2011-07-08,28.8
2897,2011-07-11,28.8
2898,2011-07-12,28.38
2899,2011-07-13,28.75
2900,2011-07-14,28.52
2901,2011-07-15,28.81
2902,2011-07-18,29.15
2903,2011-07-19,29.82
2904,2011-07-20,29.69
2905,2011-07-21,30.29
2906,2011-07-22,29.56
2907,2011-07-25,30.0
2908,2011-07-26,31.05
2909,2011-07-27,31.0
2910,2011-07-28,31.34
2911,2011-07-29,31.72
2912,2011-08-01,31.69
2913,2011-08-02,30.87
2914,2011-08-03,30.66
2915,2011-08-04,29.71
2916,2011-08-05,29.78
2917,2011-08-08,26.8
2918,2011-08-09,27.77
2919,2011-08-10,27.36
2920,2011-08-11,28.21
2921,2011-08-12,28.16
2922,2011-08-15,29.74
2923,2011-08-16,28.92
2924,2011-08-17,29.5
2925,2011-08-18,28.81
2926,2011-08-19,28.81
2927,2011-08-22,28.84
2928,2011-08-23,29.37
2929,2011-08-24,29.7
2930,2011-08-25,29.02
2931,2011-08-26,29.32
2932,2011-08-29,31.07
2933,2011-08-30,31.32
2934,2011-08-31,31.77
2935,2011-09-01,30.5
2936,2011-09-02,30.22
2937,2011-09-06,29.57
2938,2011-09-07,30.24
2939,2011-09-08,30.21
2940,2011-09-09,28.72
2941,2011-09-12,28.98
2942,2011-09-13,28.94
2943,2011-09-14,29.74
2944,2011-09-15,29.57
2945,2011-09-16,30.49
2946,2011-09-19,29.53
2947,2011-09-20,29.14
2948,2011-09-21,28.13
2949,2011-09-22,25.84
2950,2011-09-23,26.16
2951,2011-09-26,26.19
2952,2011-09-27,26.41
2953,2011-09-28,26.39
2954,2011-09-29,26.51
2955,2011-09-30,26.45
2956,2011-10-03,25.77
2957,2011-10-04,25.51
2958,2011-10-05,25.39
2959,2011-10-06,27.0
2960,2011-10-07,26.47
2961,2011-10-10,27.48
2962,2011-10-11,26.7
2963,2011-10-12,27.56
2964,2011-10-13,27.15
2965,2011-10-14,27.88
2966,2011-10-17,27.88
2967,2011-10-18,28.15
2968,2011-10-19,28.42
2969,2011-10-20,27.7
2970,2011-10-21,28.25
2971,2011-10-24,28.5
2972,2011-10-25,28.63
2973,2011-10-26,28.47
2974,2011-10-27,28.27
2975,2011-10-28,29.34
2976,2011-10-31,29.02
2977,2011-11-01,28.01
2978,2011-11-02,28.42
2979,2011-11-03,28.25
2980,2011-11-04,27.98
2981,2011-11-07,27.48
2982,2011-11-08,28.21
2983,2011-11-09,27.99
2984,2011-11-10,27.23
2985,2011-11-11,27.91
2986,2011-11-14,28.0
2987,2011-11-15,27.84
2988,2011-11-16,27.55
2989,2011-11-17,26.86
2990,2011-11-18,26.64
2991,2011-11-21,26.35
2992,2011-11-22,26.43
2993,2011-11-23,25.69
2994,2011-11-25,25.66
2995,2011-11-28,26.05
2996,2011-11-29,25.99
2997,2011-11-30,26.97
2998,2011-12-01,26.83
2999,2011-12-02,26.93
3000,2011-12-05,27.96
3001,2011-12-06,27.37
3002,2011-12-07,26.58
3003,2011-12-08,26.04
3004,2011-12-09,26.2
3005,2011-12-12,25.97
3006,2011-12-13,25.74
3007,2011-12-14,25.99
3008,2011-12-15,26.54
3009,2011-12-16,26.8
3010,2011-12-19,25.86
3011,2011-12-20,27.11
3012,2011-12-21,27.17
3013,2011-12-22,27.24
3014,2011-12-23,27.44
3015,2011-12-27,28.33
3016,2011-12-28,27.64
3017,2011-12-29,27.82
3018,2011-12-30,27.33
3019,2012-01-03,28.35
3020,2012-01-04,28.26
3021,2012-01-05,27.77
3022,2012-01-06,27.02
3023,2012-01-09,27.24
3024,2012-01-10,27.99
3025,2012-01-11,28.03
3026,2012-01-12,28.2
3027,2012-01-13,28.09
3028,2012-01-17,28.96
3029,2012-01-18,29.65
3030,2012-01-19,29.55
3031,2012-01-20,29.0
3032,2012-01-23,28.75
3033,2012-01-24,29.08
3034,2012-01-25,28.95
3035,2012-01-26,28.13
3036,2012-01-27,27.92
3037,2012-01-30,27.71
3038,2012-01-31,27.84
3039,2012-02-01,27.75
3040,2012-02-02,27.42
3041,2012-02-03,27.42
3042,2012-02-06,27.48
3043,2012-02-07,27.69
3044,2012-02-08,27.66
3045,2012-02-09,27.5
3046,2012-02-10,27.67
3047,2012-02-13,27.96
3048,2012-02-14,28.08
3049,2012-02-15,28.08
3050,2012-02-16,29.24
3051,2012-02-17,29.78
3052,2012-02-21,30.27
3053,2012-02-22,30.25
3054,2012-02-23,29.71
3055,2012-02-24,29.67
3056,2012-02-27,29.63
3057,2012-02-28,30.27
3058,2012-02-29,29.43
3059,2012-03-01,29.77
3060,2012-03-02,29.81
3061,2012-03-05,29.59
3062,2012-03-06,28.69
3063,2012-03-07,29.22
3064,2012-03-08,30.03
3065,2012-03-09,30.52
3066,2012-03-12,30.02
3067,2012-03-13,30.77
3068,2012-03-14,30.38
3069,2012-03-15,30.14
3070,2012-03-16,30.59
3071,2012-03-19,30.86
3072,2012-03-20,30.46
3073,2012-03-21,30.56
3074,2012-03-22,29.95
3075,2012-03-23,29.9
3076,2012-03-26,30.7
3077,2012-03-27,31.02
3078,2012-03-28,30.23
3079,2012-03-29,30.68
3080,2012-03-30,30.63
3081,2012-04-02,30.82
3082,2012-04-03,30.64
3083,2012-04-04,30.42
3084,2012-04-05,30.86
3085,2012-04-09,31.22
3086,2012-04-10,30.66
3087,2012-04-11,30.92
3088,2012-04-12,30.17
3089,2012-04-13,29.93
3090,2012-04-16,29.68
3091,2012-04-17,28.84
3092,2012-04-18,28.81
3093,2012-04-19,28.44
3094,2012-04-20,28.84
3095,2012-04-23,28.52
3096,2012-04-24,28.33
3097,2012-04-25,28.38
3098,2012-04-26,28.07
3099,2012-04-27,28.44
3100,2012-04-30,28.47
3101,2012-05-01,28.61
3102,2012-05-02,28.88
3103,2012-05-03,28.51
3104,2012-05-04,28.41
3105,2012-05-07,28.51
3106,2012-05-08,27.99
3107,2012-05-09,27.9
3108,2012-05-10,27.56
3109,2012-05-11,27.0
3110,2012-05-14,26.0
3111,2012-05-15,25.81
3112,2012-05-16,25.85
3113,2012-05-17,25.3
3114,2012-05-18,25.47
3115,2012-05-21,25.25
3116,2012-05-22,25.1
3117,2012-05-23,24.68
3118,2012-05-24,24.33
3119,2012-05-25,24.54
3120,2012-05-29,24.81
3121,2012-05-30,23.79
3122,2012-05-31,23.62
3123,2012-06-01,23.69
3124,2012-06-04,23.69
3125,2012-06-05,23.72
3126,2012-06-06,23.45
3127,2012-06-07,23.83
3128,2012-06-08,23.54
3129,2012-06-11,23.61
3130,2012-06-12,23.89
3131,2012-06-13,23.38
3132,2012-06-14,23.43
3133,2012-06-15,23.55
3134,2012-06-18,23.57
3135,2012-06-19,24.47
3136,2012-06-20,24.43
3137,2012-06-21,23.53
3138,2012-06-22,23.66
3139,2012-06-25,23.31
3140,2012-06-26,23.84
3141,2012-06-27,23.77
3142,2012-06-28,23.64
3143,2012-06-29,24.74
3144,2012-07-02,25.66
3145,2012-07-03,25.61
3146,2012-07-05,25.3
3147,2012-07-06,25.25
3148,2012-07-09,25.12
3149,2012-07-10,25.26
3150,2012-07-11,24.9
3151,2012-07-12,24.47
3152,2012-07-13,23.86
3153,2012-07-16,23.51
3154,2012-07-17,23.84
3155,2012-07-18,24.01
3156,2012-07-19,23.6
3157,2012-07-20,23.2
3158,2012-07-23,22.66
3159,2012-07-24,22.46
3160,2012-07-25,22.16
3161,2012-07-26,23.12
3162,2012-07-27,23.57
3163,2012-07-30,23.42
3164,2012-07-31,23.35
3165,2012-08-01,23.58
3166,2012-08-02,23.41
3167,2012-08-03,24.04
3168,2012-08-06,24.24
3169,2012-08-07,24.1
3170,2012-08-08,24.38
3171,2012-08-09,24.57
3172,2012-08-10,25.0
3173,2012-08-13,24.5
3174,2012-08-14,24.48
3175,2012-08-15,24.68
3176,2012-08-16,24.68
3177,2012-08-17,24.66
3178,2012-08-20,24.29
3179,2012-08-21,23.34
3180,2012-08-22,22.92
3181,2012-08-23,22.75
3182,2012-08-24,22.48
3183,2012-08-27,22.4
3184,2012-08-28,21.94
3185,2012-08-29,21.62
3186,2012-08-30,21.35
3187,2012-08-31,21.37
3188,2012-09-04,21.61
3189,2012-09-05,21.87
3190,2012-09-06,22.48
3191,2012-09-07,22.84
3192,2012-09-10,22.45
3193,2012-09-11,22.74
3194,2012-09-12,23.07
3195,2012-09-13,22.85
3196,2012-09-14,22.74
3197,2012-09-17,22.44
3198,2012-09-18,22.24
3199,2012-09-19,22.16
3200,2012-09-20,21.87
3201,2012-09-21,21.86
3202,2012-09-24,21.76
3203,2012-09-25,21.5
3204,2012-09-26,21.56
3205,2012-09-27,21.44
3206,2012-09-28,21.74
3207,2012-10-01,22.0
3208,2012-10-02,21.84
3209,2012-10-03,21.52
3210,2012-10-04,22.02
3211,2012-10-05,22.36
3212,2012-10-08,22.4
3213,2012-10-09,22.11
3214,2012-10-10,21.94
3215,2012-10-11,22.07
3216,2012-10-12,21.81
3217,2012-10-15,21.85
3218,2012-10-16,22.24
3219,2012-10-17,22.2
3220,2012-10-18,22.19
3221,2012-10-19,21.83
3222,2012-10-22,21.88
3223,2012-10-23,21.6
3224,2012-10-24,21.45
3225,2012-10-25,21.57
3226,2012-10-26,21.49
3227,2012-10-31,22.02
3228,2012-11-01,22.23
3229,2012-11-02,21.95
3230,2012-11-05,21.8
3231,2012-11-06,22.74
3232,2012-11-07,22.99
3233,2012-11-08,22.94
3234,2012-11-09,22.9
3235,2012-11-12,23.35
3236,2012-11-13,23.09
3237,2012-11-14,23.06
3238,2012-11-15,22.76
3239,2012-11-16,22.7
3240,2012-11-19,23.1
3241,2012-11-20,23.2
3242,2012-11-21,22.93
3243,2012-11-23,23.28
3244,2012-11-26,22.25
3245,2012-11-27,22.21
3246,2012-11-28,22.44
3247,2012-11-29,22.47
3248,2012-11-30,21.94
3249,2012-12-03,21.31
3250,2012-12-04,21.17
3251,2012-12-05,21.78
3252,2012-12-06,21.75
3253,2012-12-07,21.91
3254,2012-12-10,21.73
3255,2012-12-11,21.98
3256,2012-12-12,21.98
3257,2012-12-13,22.16
3258,2012-12-14,22.47
3259,2012-12-17,22.33
3260,2012-12-18,22.65
3261,2012-12-19,23.12
3262,2012-12-20,23.48
3263,2012-12-21,23.47
3264,2012-12-24,23.12
3265,2012-12-26,23.69
3266,2012-12-27,23.87
3267,2012-12-28,24.08
3268,2012-12-31,24.06
3269,2013-01-02,24.32
3270,2013-01-03,24.62
3271,2013-01-04,24.62
3272,2013-01-07,24.75
3273,2013-01-08,24.7
3274,2013-01-09,24.49
3275,2013-01-10,24.82
3276,2013-01-11,25.02
3277,2013-01-14,25.36
3278,2013-01-15,25.41
3279,2013-01-16,25.58
3280,2013-01-17,25.79
3281,2013-01-18,25.36
3282,2013-01-22,24.63
3283,2013-01-23,24.74
3284,2013-01-24,24.7
3285,2013-01-25,24.63
3286,2013-01-28,24.72
3287,2013-01-29,25.07
3288,2013-01-30,24.98
3289,2013-01-31,25.18
3290,2013-02-01,25.41
3291,2013-02-04,25.34
3292,2013-02-05,25.45
3293,2013-02-06,25.37
3294,2013-02-07,25.48
3295,2013-02-08,25.44
3296,2013-02-11,25.52
3297,2013-02-12,25.4
3298,2013-02-13,25.61
3299,2013-02-14,25.38
3300,2013-02-15,24.74
3301,2013-02-19,25.09
3302,2013-02-20,24.54
3303,2013-02-21,24.52
3304,2013-02-22,24.43
3305,2013-02-25,25.18
3306,2013-02-26,25.98
3307,2013-02-27,26.59
3308,2013-02-28,26.36
3309,2013-03-01,26.56
3310,2013-03-04,26.57
3311,2013-03-05,26.58
3312,2013-03-06,26.89
3313,2013-03-07,27.19
3314,2013-03-08,27.5
3315,2013-03-11,27.66
3316,2013-03-12,27.25
3317,2013-03-13,26.86
3318,2013-03-14,26.6
3319,2013-03-15,26.46
3320,2013-03-18,26.52
3321,2013-03-19,26.41
3322,2013-03-20,26.38
3323,2013-03-21,26.12
3324,2013-03-22,26.51
3325,2013-03-25,26.15
3326,2013-03-26,26.53
3327,2013-03-27,26.48
3328,2013-03-28,26.68
3329,2013-04-01,26.33
3330,2013-04-02,26.06
3331,2013-04-03,25.9
3332,2013-04-04,25.9
3333,2013-04-05,25.62
3334,2013-04-08,26.17
3335,2013-04-09,25.99
3336,2013-04-10,26.61
3337,2013-04-11,26.25
3338,2013-04-12,26.64
3339,2013-04-15,25.92
3340,2013-04-16,26.8
3341,2013-04-17,25.85
3342,2013-04-18,25.71
3343,2013-04-19,25.86
3344,2013-04-22,26.16
3345,2013-04-23,26.37
3346,2013-04-24,26.52
3347,2013-04-25,26.94
3348,2013-04-26,26.25
3349,2013-04-29,26.36
3350,2013-04-30,26.58
3351,2013-05-01,26.54
3352,2013-05-02,26.67
3353,2013-05-03,26.81
3354,2013-05-06,26.74
3355,2013-05-07,26.26
3356,2013-05-08,26.59
3357,2013-05-09,26.13
3358,2013-05-10,26.07
3359,2013-05-13,26.5
3360,2013-05-14,26.6
3361,2013-05-15,26.85
3362,2013-05-16,26.53
3363,2013-05-17,26.52
3364,2013-05-20,26.58
3365,2013-05-21,26.53
3366,2013-05-22,26.42
3367,2013-05-23,26.54
3368,2013-05-24,26.77
3369,2013-05-28,26.6
3370,2013-05-29,25.5
3371,2013-05-30,25.32
3372,2013-05-31,24.71
3373,2013-06-03,25.09
3374,2013-06-04,25.33
3375,2013-06-05,25.26
3376,2013-06-06,25.44
3377,2013-06-07,24.97
3378,2013-06-10,25.33
3379,2013-06-11,24.59
3380,2013-06-12,24.17
3381,2013-06-13,24.54
3382,2013-06-14,24.4
3383,2013-06-17,24.13
3384,2013-06-18,24.17
3385,2013-06-19,23.61
3386,2013-06-20,22.0
3387,2013-06-21,21.74
3388,2013-06-24,21.9
3389,2013-06-25,22.4
3390,2013-06-26,22.62
3391,2013-06-27,23.08
3392,2013-06-28,22.82
3393,2013-07-01,22.68
3394,2013-07-02,21.88
3395,2013-07-03,21.67
3396,2013-07-05,21.29
3397,2013-07-08,21.48
3398,2013-07-09,21.63
3399,2013-07-10,20.92
3400,2013-07-11,21.24
3401,2013-07-12,20.89
3402,2013-07-15,21.41
3403,2013-07-16,21.67
3404,2013-07-17,21.65
3405,2013-07-18,21.66
3406,2013-07-19,21.75
3407,2013-07-22,22.28
3408,2013-07-23,22.45
3409,2013-07-24,21.82
3410,2013-07-25,21.9
3411,2013-07-26,22.35
3412,2013-07-29,21.91
3413,2013-07-30,21.95
3414,2013-07-31,21.47
3415,2013-08-01,21.3
3416,2013-08-02,21.66
3417,2013-08-05,21.54
3418,2013-08-06,21.22
3419,2013-08-07,21.17
3420,2013-08-08,21.77
3421,2013-08-09,21.79
3422,2013-08-12,21.89
3423,2013-08-13,21.64
3424,2013-08-14,21.46
3425,2013-08-15,21.27
3426,2013-08-16,20.71
3427,2013-08-19,20.2
3428,2013-08-20,20.08
3429,2013-08-21,19.79
3430,2013-08-22,19.84
3431,2013-08-23,20.19
3432,2013-08-26,19.68
3433,2013-08-27,19.73
3434,2013-08-28,19.84
3435,2013-08-29,19.9
3436,2013-08-30,19.73
3437,2013-09-03,19.74
3438,2013-09-04,20.41
3439,2013-09-05,20.99
3440,2013-09-06,21.45
3441,2013-09-09,22.26
3442,2013-09-10,22.33
3443,2013-09-11,22.32
3444,2013-09-12,22.0
3445,2013-09-13,22.28
3446,2013-09-16,22.41
3447,2013-09-17,22.52
3448,2013-09-18,22.94
3449,2013-09-19,23.03
3450,2013-09-20,22.62
3451,2013-09-23,22.55
3452,2013-09-24,23.5
3453,2013-09-25,22.66
3454,2013-09-26,22.66
3455,2013-09-27,22.33
3456,2013-09-30,22.44
3457,2013-10-01,22.57
3458,2013-10-02,22.39
3459,2013-10-03,22.36
3460,2013-10-04,21.86
3461,2013-10-07,21.47
3462,2013-10-08,21.08
3463,2013-10-09,21.75
3464,2013-10-10,22.25
3465,2013-10-11,22.68
3466,2013-10-14,22.31
3467,2013-10-15,21.72
3468,2013-10-16,22.15
3469,2013-10-17,22.21
3470,2013-10-18,22.03
3471,2013-10-21,22.92
3472,2013-10-22,22.94
3473,2013-10-23,22.74
3474,2013-10-24,22.78
3475,2013-10-25,22.59
3476,2013-10-28,22.58
3477,2013-10-29,22.63
3478,2013-10-30,22.81
3479,2013-10-31,22.18
3480,2013-11-01,21.25
3481,2013-11-04,21.35
3482,2013-11-05,20.73
3483,2013-11-06,20.58
3484,2013-11-07,19.66
3485,2013-11-08,19.8
3486,2013-11-11,19.8
3487,2013-11-12,19.2
3488,2013-11-13,19.41
3489,2013-11-14,19.42
3490,2013-11-15,19.65
3491,2013-11-18,19.8
3492,2013-11-19,19.45
3493,2013-11-20,19.28
3494,2013-11-21,19.41
3495,2013-11-22,19.55
3496,2013-11-25,19.49
3497,2013-11-26,19.38
3498,2013-11-27,19.2
3499,2013-11-29,19.46
3500,2013-12-02,18.53
3501,2013-12-03,18.21
3502,2013-12-04,18.56
3503,2013-12-05,18.52
3504,2013-12-06,19.14
3505,2013-12-09,18.87
3506,2013-12-10,18.71
3507,2013-12-11,18.18
3508,2013-12-12,18.1
3509,2013-12-13,17.94
3510,2013-12-16,18.64
3511,2013-12-17,18.53
3512,2013-12-18,18.39
3513,2013-12-19,18.47
3514,2013-12-20,18.35
3515,2013-12-23,18.84
3516,2013-12-24,18.6
3517,2013-12-26,18.64
3518,2013-12-27,18.92
3519,2013-12-30,19.22
3520,2013-12-31,19.22
3521,2014-01-02,18.6
3522,2014-01-03,19.22
3523,2014-01-06,19.02
3524,2014-01-07,19.44
3525,2014-01-08,19.32
3526,2014-01-09,19.26
3527,2014-01-10,19.79
3528,2014-01-13,19.44
3529,2014-01-14,19.87
3530,2014-01-15,20.03
3531,2014-01-16,20.1
3532,2014-01-17,19.88
3533,2014-01-21,19.81
3534,2014-01-22,20.22
3535,2014-01-23,20.06
3536,2014-01-24,19.5
3537,2014-01-27,19.01
3538,2014-01-28,19.06
3539,2014-01-29,18.43
3540,2014-01-30,19.03
3541,2014-01-31,19.0
3542,2014-02-03,18.53
3543,2014-02-04,18.63
3544,2014-02-05,18.79
3545,2014-02-06,18.63
3546,2014-02-07,18.99
3547,2014-02-10,18.96
3548,2014-02-11,19.21
3549,2014-02-12,19.07
3550,2014-02-13,18.95
3551,2014-02-14,19.12
3552,2014-02-18,18.11
3553,2014-02-19,17.97
3554,2014-02-20,18.02
3555,2014-02-21,18.2
3556,2014-02-24,18.24
3557,2014-02-25,18.16
3558,2014-02-26,18.57
3559,2014-02-27,18.94
3560,2014-02-28,18.65
3561,2014-03-03,18.47
3562,2014-03-04,18.99
3563,2014-03-05,18.9
3564,2014-03-06,19.24
3565,2014-03-07,19.21
3566,2014-03-10,19.23
3567,2014-03-11,19.21
3568,2014-03-12,18.78
3569,2014-03-13,18.58
3570,2014-03-14,18.48
3571,2014-03-17,18.54
3572,2014-03-18,19.17
3573,2014-03-19,19.04
3574,2014-03-20,19.74
3575,2014-03-21,19.84
3576,2014-03-24,19.85
3577,2014-03-25,20.01
3578,2014-03-26,20.09
3579,2014-03-27,20.94
3580,2014-03-28,21.05
3581,2014-03-31,21.24
3582,2014-04-01,20.88
3583,2014-04-02,20.76
3584,2014-04-03,20.29
3585,2014-04-04,20.54
3586,2014-04-07,20.85
3587,2014-04-08,20.94
3588,2014-04-09,20.97
3589,2014-04-10,20.67
3590,2014-04-11,20.94
3591,2014-04-14,20.91
3592,2014-04-15,20.74
3593,2014-04-16,20.72
3594,2014-04-17,20.85
3595,2014-04-21,20.45
3596,2014-04-22,20.49
3597,2014-04-23,20.62
3598,2014-04-24,20.66
3599,2014-04-25,20.47
3600,2014-04-28,20.73
3601,2014-04-29,20.59
3602,2014-04-30,21.2
3603,2014-05-01,21.29
3604,2014-05-02,21.41
3605,2014-05-05,21.15
3606,2014-05-06,21.35
3607,2014-05-07,21.39
3608,2014-05-08,21.08
3609,2014-05-09,20.6
3610,2014-05-12,21.14
3611,2014-05-13,21.14
3612,2014-05-14,21.47
3613,2014-05-15,21.01
3614,2014-05-16,21.23
3615,2014-05-19,21.15
3616,2014-05-20,20.61
3617,2014-05-21,20.57
3618,2014-05-22,20.63
3619,2014-05-23,20.26
3620,2014-05-27,20.14
3621,2014-05-28,20.5
3622,2014-05-29,20.63
3623,2014-05-30,20.11
3624,2014-06-02,19.91
3625,2014-06-03,19.95
3626,2014-06-04,19.9
3627,2014-06-05,20.03
3628,2014-06-06,20.16
3629,2014-06-09,20.84
3630,2014-06-10,20.84
3631,2014-06-11,20.53
3632,2014-06-12,20.4
3633,2014-06-13,20.68
3634,2014-06-16,20.49
3635,2014-06-17,20.21
3636,2014-06-18,20.7
3637,2014-06-19,20.38
3638,2014-06-20,20.04
3639,2014-06-23,19.9
3640,2014-06-24,19.95
3641,2014-06-25,20.26
3642,2014-06-26,20.44
3643,2014-06-27,20.39
3644,2014-06-30,20.51
3645,2014-07-01,20.28
3646,2014-07-02,20.18
3647,2014-07-03,20.37
3648,2014-07-07,20.0
3649,2014-07-08,19.91
3650,2014-07-09,19.8
3651,2014-07-10,19.62
3652,2014-07-11,19.53
3653,2014-07-14,19.92
3654,2014-07-15,19.85
3655,2014-07-16,20.01
3656,2014-07-17,19.96
3657,2014-07-18,20.1
3658,2014-07-21,20.31
3659,2014-07-22,20.54
3660,2014-07-23,20.39
3661,2014-07-24,20.72
3662,2014-07-25,20.56
3663,2014-07-28,20.59
3664,2014-07-29,20.34
3665,2014-07-30,20.49
3666,2014-07-31,20.02
3667,2014-08-01,20.17
3668,2014-08-04,20.37
3669,2014-08-05,18.88
3670,2014-08-06,18.95
3671,2014-08-07,18.46
3672,2014-08-08,18.42
3673,2014-08-11,18.9
3674,2014-08-12,18.95
3675,2014-08-13,18.65
3676,2014-08-14,18.53
3677,2014-08-15,18.67
3678,2014-08-18,18.68
3679,2014-08-19,18.81
3680,2014-08-20,19.15
3681,2014-08-21,19.25
3682,2014-08-22,18.98
3683,2014-08-25,19.17
3684,2014-08-26,19.31
3685,2014-08-27,19.93
3686,2014-08-28,19.52
3687,2014-08-29,21.27
3688,2014-09-02,21.38
3689,2014-09-03,21.86
3690,2014-09-04,21.78
3691,2014-09-05,22.15
3692,2014-09-08,22.34
3693,2014-09-09,21.66
3694,2014-09-10,21.64
3695,2014-09-11,21.75
3696,2014-09-12,21.32
3697,2014-09-15,21.45
3698,2014-09-16,21.98
3699,2014-09-17,21.75
3700,2014-09-18,21.65
3701,2014-09-19,21.55
3702,2014-09-22,21.29
3703,2014-09-23,20.9
3704,2014-09-24,20.92
3705,2014-09-25,20.58
3706,2014-09-26,20.63
3707,2014-09-29,19.64
3708,2014-09-30,19.68
3709,2014-10-01,19.06
3710,2014-10-02,19.32
3711,2014-10-03,19.6
3712,2014-10-06,19.95
3713,2014-10-07,20.1
3714,2014-10-08,20.41
3715,2014-10-09,20.19
3716,2014-10-10,19.84
3717,2014-10-13,20.17
3718,2014-10-14,20.34
3719,2014-10-15,20.04
3720,2014-10-16,19.43
3721,2014-10-17,19.99
3722,2014-10-20,19.6
3723,2014-10-21,19.26
3724,2014-10-22,19.25
3725,2014-10-23,18.63
3726,2014-10-24,18.92
3727,2014-10-27,18.29
3728,2014-10-28,18.86
3729,2014-10-29,18.88
3730,2014-10-30,19.14
3731,2014-10-31,20.44
3732,2014-11-03,20.05
3733,2014-11-04,19.76
3734,2014-11-05,19.45
3735,2014-11-06,19.09
3736,2014-11-07,19.24
3737,2014-11-10,19.18
3738,2014-11-11,19.11
3739,2014-11-12,19.39
3740,2014-11-13,19.14
3741,2014-11-14,19.18
3742,2014-11-17,19.07
3743,2014-11-18,19.32
3744,2014-11-19,20.02
3745,2014-11-20,20.1
3746,2014-11-21,20.9
3747,2014-11-24,20.31
3748,2014-11-25,20.25
3749,2014-11-26,20.73
3750,2014-11-28,20.56
3751,2014-12-01,19.4
3752,2014-12-02,18.93
3753,2014-12-03,18.82
3754,2014-12-04,18.76
3755,2014-12-05,18.89
3756,2014-12-08,18.41
3757,2014-12-09,18.17
3758,2014-12-10,18.37
3759,2014-12-11,18.12
3760,2014-12-12,17.58
3761,2014-12-15,17.16
3762,2014-12-16,16.74
3763,2014-12-17,17.3
3764,2014-12-18,17.45
3765,2014-12-19,17.37
3766,2014-12-22,17.62
3767,2014-12-23,17.7
3768,2014-12-24,17.77
3769,2014-12-26,17.59
3770,2014-12-29,17.66
3771,2014-12-30,17.66
3772,2014-12-31,17.68
3773,2015-01-02,17.15
3774,2015-01-05,16.8
3775,2015-01-06,16.88
3776,2015-01-07,17.28
3777,2015-01-08,17.54
3778,2015-01-09,17.55
3779,2015-01-12,17.58
3780,2015-01-13,18.07
3781,2015-01-14,18.45
3782,2015-01-15,18.63
3783,2015-01-16,19.02
3784,2015-01-20,19.54
3785,2015-01-21,20.27
3786,2015-01-22,20.04
3787,2015-01-23,19.93
3788,2015-01-26,19.64
3789,2015-01-27,19.6
3790,2015-01-28,19.54
3791,2015-01-29,19.71
3792,2015-01-30,18.44
3793,2015-02-02,19.07
3794,2015-02-03,19.25
3795,2015-02-04,18.93
3796,2015-02-05,19.4
3797,2015-02-06,18.78
3798,2015-02-09,18.78
3799,2015-02-10,18.65
3800,2015-02-11,17.75
3801,2015-02-12,18.44
3802,2015-02-13,18.95
3803,2015-02-17,19.05
3804,2015-02-18,19.05
3805,2015-02-19,18.87
3806,2015-02-20,18.78
3807,2015-02-23,18.42
3808,2015-02-24,18.82
3809,2015-02-25,18.61
3810,2015-02-26,18.2
3811,2015-02-27,18.54
3812,2015-03-02,18.09
3813,2015-03-03,17.83
3814,2015-03-04,17.07
3815,2015-03-05,16.9
3816,2015-03-06,16.38
3817,2015-03-09,15.78
3818,2015-03-10,15.67
3819,2015-03-11,15.65
3820,2015-03-12,15.83
3821,2015-03-13,15.61
3822,2015-03-16,15.6
3823,2015-03-17,16.11
3824,2015-03-18,16.51
3825,2015-03-19,15.42
3826,2015-03-20,15.35
3827,2015-03-23,15.61
3828,2015-03-24,16.06
3829,2015-03-25,15.74
3830,2015-03-26,15.08
3831,2015-03-27,14.69
3832,2015-03-30,15.2
3833,2015-03-31,15.29
3834,2015-04-01,15.32
3835,2015-04-02,15.5
3836,2015-04-06,15.32
3837,2015-04-07,14.76
3838,2015-04-08,15.22
3839,2015-04-09,15.29
3840,2015-04-10,15.14
3841,2015-04-13,14.99
3842,2015-04-14,14.98
3843,2015-04-15,14.97
3844,2015-04-16,15.36
3845,2015-04-17,15.36
3846,2015-04-20,15.73
3847,2015-04-21,15.68
3848,2015-04-22,16.29
3849,2015-04-23,16.15
3850,2015-04-24,16.28
3851,2015-04-27,16.52
3852,2015-04-28,16.75
3853,2015-04-29,16.81
3854,2015-04-30,16.42
3855,2015-05-01,16.31
3856,2015-05-04,16.26
3857,2015-05-05,15.63
3858,2015-05-06,15.64
3859,2015-05-07,15.46
3860,2015-05-08,15.79
3861,2015-05-11,15.38
3862,2015-05-12,15.2
3863,2015-05-13,15.25
3864,2015-05-14,15.81
3865,2015-05-15,15.99
3866,2015-05-18,15.59
3867,2015-05-19,15.39
3868,2015-05-20,15.05
3869,2015-05-21,14.85
3870,2015-05-22,14.57
3871,2015-05-26,13.94
3872,2015-05-27,14.05
3873,2015-05-28,14.0
3874,2015-05-29,14.07
3875,2015-06-01,14.05
3876,2015-06-02,14.36
3877,2015-06-03,14.34
3878,2015-06-04,14.03
3879,2015-06-05,13.72
3880,2015-06-08,13.63
3881,2015-06-09,13.53
3882,2015-06-10,13.75
3883,2015-06-11,13.47
3884,2015-06-12,13.5
3885,2015-06-15,13.52
3886,2015-06-16,13.72
3887,2015-06-17,14.02
3888,2015-06-18,14.3
3889,2015-06-19,13.71
3890,2015-06-22,13.7
3891,2015-06-23,13.62
3892,2015-06-24,13.87
3893,2015-06-25,13.85
3894,2015-06-26,14.15
3895,2015-06-29,13.69
3896,2015-06-30,13.93
3897,2015-07-01,13.98
3898,2015-07-02,14.31
3899,2015-07-06,14.09
3900,2015-07-07,13.86
3901,2015-07-08,13.49
3902,2015-07-09,13.45
3903,2015-07-10,13.61
3904,2015-07-13,13.81
3905,2015-07-14,13.82
3906,2015-07-15,13.78
3907,2015-07-16,13.89
3908,2015-07-17,13.55
3909,2015-07-20,13.45
3910,2015-07-21,13.47
3911,2015-07-22,12.73
3912,2015-07-23,12.64
3913,2015-07-24,12.31
3914,2015-07-27,12.24
3915,2015-07-28,12.27
3916,2015-07-29,13.32
3917,2015-07-30,13.08
3918,2015-07-31,13.02
3919,2015-08-03,12.64
3920,2015-08-04,12.31
3921,2015-08-05,12.64
3922,2015-08-06,12.29
3923,2015-08-07,11.91
3924,2015-08-10,12.82
3925,2015-08-11,12.29
3926,2015-08-12,11.83
3927,2015-08-13,11.61
3928,2015-08-14,11.64
3929,2015-08-17,11.62
3930,2015-08-18,12.05
3931,2015-08-19,11.66
3932,2015-08-20,11.54
3933,2015-08-21,11.25
3934,2015-08-24,10.62
3935,2015-08-25,10.67
3936,2015-08-26,11.08
3937,2015-08-27,11.5
3938,2015-08-28,11.19
3939,2015-08-31,11.13
3940,2015-09-01,10.71
3941,2015-09-02,10.79
3942,2015-09-03,10.78
3943,2015-09-04,10.46
3944,2015-09-08,10.53
3945,2015-09-09,10.48
3946,2015-09-10,10.39
3947,2015-09-11,10.2
3948,2015-09-14,10.52
3949,2015-09-15,10.44
3950,2015-09-16,10.71
3951,2015-09-17,10.66
3952,2015-09-18,10.18
3953,2015-09-21,10.01
3954,2015-09-22,9.65
3955,2015-09-23,9.14
3956,2015-09-24,9.18
3957,2015-09-25,9.19
3958,2015-09-28,8.8
3959,2015-09-29,9.03
3960,2015-09-30,9.13
3961,2015-10-01,9.22
3962,2015-10-02,9.59
3963,2015-10-05,9.82
3964,2015-10-06,10.01
3965,2015-10-07,10.12
3966,2015-10-08,10.37
3967,2015-10-09,10.45
3968,2015-10-12,10.34
3969,2015-10-13,9.89
3970,2015-10-14,9.86
3971,2015-10-15,9.96
3972,2015-10-16,9.83
3973,2015-10-19,9.65
3974,2015-10-20,9.58
3975,2015-10-21,9.48
3976,2015-10-22,9.82
3977,2015-10-23,9.83
3978,2015-10-26,10.27
3979,2015-10-27,9.96
3980,2015-10-28,9.85
3981,2015-10-29,10.06
3982,2015-10-30,10.36
3983,2015-11-02,10.46
3984,2015-11-03,10.95
3985,2015-11-04,10.81
3986,2015-11-05,10.34
3987,2015-11-06,10.57
3988,2015-11-09,10.25
3989,2015-11-10,10.26
3990,2015-11-11,10.55
3991,2015-11-12,10.29
3992,2015-11-13,9.77
3993,2015-11-16,10.07
3994,2015-11-17,10.14
3995,2015-11-18,10.41
3996,2015-11-19,10.76
3997,2015-11-20,10.71
3998,2015-11-23,10.57
3999,2015-11-24,10.55
4000,2015-11-25,10.05
4001,2015-11-27,9.89
4002,2015-11-30,9.38
4003,2015-12-01,9.49
4004,2015-12-02,9.6
4005,2015-12-03,9.82
4006,2015-12-04,9.63
4007,2015-12-07,9.63
4008,2015-12-08,9.58
4009,2015-12-09,9.76
4010,2015-12-10,9.66
4011,2015-12-11,9.43
4012,2015-12-14,9.58
4013,2015-12-15,9.59
4014,2015-12-16,9.92
4015,2015-12-17,9.7
4016,2015-12-18,9.46
4017,2015-12-21,9.07
4018,2015-12-22,9.22
4019,2015-12-23,9.5
4020,2015-12-24,9.48
4021,2015-12-28,9.51
4022,2015-12-29,9.42
4023,2015-12-30,9.01
4024,2015-12-31,9.03
4025,2016-01-04,8.92
4026,2016-01-05,8.87
4027,2016-01-06,8.7
4028,2016-01-07,8.33
4029,2016-01-08,8.12
4030,2016-01-11,8.2
4031,2016-01-12,8.34
4032,2016-01-13,8.22
4033,2016-01-14,8.4
4034,2016-01-15,8.16
4035,2016-01-19,8.13
4036,2016-01-20,8.11
4037,2016-01-21,7.98
4038,2016-01-22,8.34
4039,2016-01-25,8.21
4040,2016-01-26,8.31
4041,2016-01-27,8.44
4042,2016-01-28,8.33
4043,2016-01-29,8.72
4044,2016-02-01,8.76
4045,2016-02-02,8.41
4046,2016-02-03,8.87
4047,2016-02-04,9.17
4048,2016-02-05,9.16
4049,2016-02-08,8.94
4050,2016-02-09,8.84
4051,2016-02-10,8.76
4052,2016-02-11,8.48
4053,2016-02-12,8.78
4054,2016-02-16,9.01
4055,2016-02-17,9.32
4056,2016-02-18,9.32
4057,2016-02-19,9.22
4058,2016-02-22,9.59
4059,2016-02-23,9.36
4060,2016-02-24,9.09
4061,2016-02-25,9.22
4062,2016-02-26,9.22
4063,2016-02-29,9.58
4064,2016-03-01,9.92
4065,2016-03-02,10.03
4066,2016-03-03,10.47
4067,2016-03-04,10.72
4068,2016-03-07,10.75
4069,2016-03-08,10.81
4070,2016-03-09,10.98
4071,2016-03-10,11.23
4072,2016-03-11,11.45
4073,2016-03-14,11.22
4074,2016-03-15,10.9
4075,2016-03-16,11.42
4076,2016-03-17,12.08
4077,2016-03-18,12.24
4078,2016-03-21,12.49
4079,2016-03-22,12.55
4080,2016-03-23,11.94
4081,2016-03-24,11.97
4082,2016-03-28,12.43
4083,2016-03-29,12.63
4084,2016-03-30,12.86
4085,2016-03-31,12.48
4086,2016-04-01,12.52
4087,2016-04-04,11.98
4088,2016-04-05,11.64
4089,2016-04-06,11.44
4090,2016-04-07,11.45
4091,2016-04-08,11.95
4092,2016-04-11,11.99
4093,2016-04-12,12.19
4094,2016-04-13,12.34
4095,2016-04-14,12.58
4096,2016-04-15,12.52
4097,2016-04-18,12.24
4098,2016-04-19,12.28
4099,2016-04-20,12.16
4100,2016-04-21,12.05
4101,2016-04-22,12.08
4102,2016-04-25,11.81
4103,2016-04-26,12.05
4104,2016-04-27,12.19
4105,2016-04-28,12.09
4106,2016-04-29,12.31
4107,2016-05-02,12.33
4108,2016-05-03,11.93
4109,2016-05-04,12.09
4110,2016-05-05,11.9
4111,2016-05-06,12.16
4112,2016-05-09,11.84
4113,2016-05-10,12.31
4114,2016-05-11,12.39
4115,2016-05-12,12.3
4116,2016-05-13,11.98
4117,2016-05-16,12.13
4118,2016-05-17,12.02
4119,2016-05-18,11.6
4120,2016-05-19,11.42
4121,2016-05-20,11.65
4122,2016-05-23,11.56
4123,2016-05-24,11.73
4124,2016-05-25,11.53
4125,2016-05-26,11.62
4126,2016-05-27,11.46
4127,2016-05-31,11.52
4128,2016-06-01,11.52
4129,2016-06-02,11.53
4130,2016-06-03,11.88
4131,2016-06-06,11.93
4132,2016-06-07,12.25
4133,2016-06-08,12.59
4134,2016-06-09,12.35
4135,2016-06-10,12.05
4136,2016-06-13,12.07
4137,2016-06-14,11.69
4138,2016-06-15,11.67
4139,2016-06-16,11.55
4140,2016-06-17,11.72
4141,2016-06-20,12.02
4142,2016-06-21,12.17
4143,2016-06-22,12.19
4144,2016-06-23,12.65
4145,2016-06-24,12.12
4146,2016-06-27,12.06
4147,2016-06-28,12.72
4148,2016-06-29,13.47
4149,2016-06-30,13.59
4150,2016-07-01,13.58
4151,2016-07-05,13.43
4152,2016-07-06,13.18
4153,2016-07-07,13.45
4154,2016-07-08,14.01
4155,2016-07-11,14.18
4156,2016-07-12,14.02
4157,2016-07-13,14.31
4158,2016-07-14,14.43
4159,2016-07-15,14.27
4160,2016-07-18,14.38
4161,2016-07-19,14.17
4162,2016-07-20,14.2
4163,2016-07-21,14.3
4164,2016-07-22,14.6
4165,2016-07-25,14.27
4166,2016-07-26,14.26
4167,2016-07-27,14.63
4168,2016-07-28,14.75
4169,2016-07-29,15.14
4170,2016-08-01,15.02
4171,2016-08-02,14.86
4172,2016-08-03,14.88
4173,2016-08-04,14.91
4174,2016-08-05,14.71
4175,2016-08-08,14.61
4176,2016-08-09,14.62
4177,2016-08-10,14.49
4178,2016-08-11,14.63
4179,2016-08-12,14.39
4180,2016-08-15,14.79
4181,2016-08-16,14.61
4182,2016-08-17,14.63
4183,2016-08-18,15.0
4184,2016-08-19,14.98
4185,2016-08-22,14.72
4186,2016-08-23,14.85
4187,2016-08-24,14.81
4188,2016-08-25,14.95
4189,2016-08-26,14.86
4190,2016-08-29,14.99
4191,2016-08-30,14.89
4192,2016-08-31,14.94
4193,2016-09-01,14.96
4194,2016-09-02,15.29
4195,2016-09-06,15.6
4196,2016-09-07,15.53
4197,2016-09-08,15.41
4198,2016-09-09,14.26
4199,2016-09-12,14.53
4200,2016-09-13,13.93
4201,2016-09-14,13.81
4202,2016-09-15,14.26
4203,2016-09-16,14.09
4204,2016-09-19,14.3
4205,2016-09-20,14.44
4206,2016-09-21,14.7
4207,2016-09-22,14.86
4208,2016-09-23,14.71
4209,2016-09-26,14.47
4210,2016-09-27,14.85
4211,2016-09-28,14.9
4212,2016-09-29,14.51
4213,2016-09-30,14.47
4214,2016-10-03,14.59
4215,2016-10-04,14.3
4216,2016-10-05,14.54
4217,2016-10-06,14.44
4218,2016-10-07,14.49
4219,2016-10-10,13.59
4220,2016-10-11,13.74
4221,2016-10-12,13.96
4222,2016-10-13,13.81
4223,2016-10-14,13.56
4224,2016-10-17,13.62
4225,2016-10-18,13.97
4226,2016-10-19,13.98
4227,2016-10-20,13.95
4228,2016-10-21,13.88
4229,2016-10-24,13.87
4230,2016-10-25,13.86
4231,2016-10-26,14.0
4232,2016-10-27,14.26
4233,2016-10-28,14.11
4234,2016-10-31,14.4
4235,2016-11-01,13.95
4236,2016-11-02,13.82
4237,2016-11-03,13.82
4238,2016-11-04,13.87
4239,2016-11-07,14.48
4240,2016-11-08,14.53
4241,2016-11-09,14.2
4242,2016-11-10,13.06
4243,2016-11-11,12.63
4244,2016-11-14,12.72
4245,2016-11-15,13.0
4246,2016-11-16,13.13
4247,2016-11-17,12.78
4248,2016-11-18,12.77
4249,2016-11-21,13.11
4250,2016-11-22,13.04
4251,2016-11-23,12.89
4252,2016-11-25,12.73
4253,2016-11-28,13.03
4254,2016-11-29,12.98
4255,2016-11-30,13.05
4256,2016-12-01,12.19
4257,2016-12-02,12.13
4258,2016-12-05,12.4
4259,2016-12-06,12.64
4260,2016-12-07,13.1
4261,2016-12-08,13.03
4262,2016-12-09,12.88
4263,2016-12-12,12.87
4264,2016-12-13,12.79
4265,2016-12-14,12.46
4266,2016-12-15,12.75
4267,2016-12-16,12.77
4268,2016-12-19,12.69
4269,2016-12-20,12.89
4270,2016-12-21,13.04
4271,2016-12-22,13.03
4272,2016-12-23,13.14
4273,2016-12-27,13.11
4274,2016-12-28,13.14
4275,2016-12-29,13.52
4276,2016-12-30,13.38
4277,2017-01-03,13.65
4278,2017-01-04,13.76
4279,2017-01-05,13.7
4280,2017-01-06,13.51
4281,2017-01-09,13.63
4282,2017-01-10,14.04
4283,2017-01-11,14.23
4284,2017-01-12,14.29
4285,2017-01-13,14.09
4286,2017-01-17,14.38
4287,2017-01-18,14.02
4288,2017-01-19,14.2
4289,2017-01-20,14.26
4290,2017-01-23,14.69
4291,2017-01-24,14.59
4292,2017-01-25,14.68
4293,2017-01-26,14.49
4294,2017-01-27,14.75
4295,2017-01-30,14.78
4296,2017-01-31,14.78
4297,2017-02-01,15.1
4298,2017-02-02,15.15
4299,2017-02-03,15.2
4300,2017-02-06,15.25
4301,2017-02-07,15.14
4302,2017-02-08,15.36
4303,2017-02-09,15.22
4304,2017-02-10,15.29
4305,2017-02-13,15.18
4306,2017-02-14,15.31
4307,2017-02-15,15.51
4308,2017-02-16,15.16
4309,2017-02-17,15.07
4310,2017-02-21,14.95
4311,2017-02-22,15.29
4312,2017-02-23,15.21
4313,2017-02-24,14.73
4314,2017-02-27,14.81
4315,2017-02-28,14.41
4316,2017-03-01,14.81
4317,2017-03-02,14.41
4318,2017-03-03,14.77
4319,2017-03-06,14.7
4320,2017-03-07,14.61
4321,2017-03-08,14.27
4322,2017-03-09,14.23
4323,2017-03-10,14.33
4324,2017-03-13,14.43
4325,2017-03-14,14.35
4326,2017-03-15,14.68
4327,2017-03-16,14.98
4328,2017-03-17,14.82
4329,2017-03-20,15.17
4330,2017-03-21,14.91
4331,2017-03-22,14.87
4332,2017-03-23,14.73
4333,2017-03-24,14.95
4334,2017-03-27,14.87
4335,2017-03-28,14.75
4336,2017-03-29,14.91
4337,2017-03-30,14.89
4338,2017-03-31,14.85
4339,2017-04-03,15.0
4340,2017-04-04,14.8
4341,2017-04-05,14.72
4342,2017-04-06,14.5
4343,2017-04-07,14.5
4344,2017-04-10,14.44
4345,2017-04-11,14.61
4346,2017-04-12,14.61
4347,2017-04-13,14.39
4348,2017-04-17,14.8
4349,2017-04-18,14.94
4350,2017-04-19,14.86
4351,2017-04-20,14.95
4352,2017-04-21,14.87
4353,2017-04-24,14.88
4354,2017-04-25,15.21
4355,2017-04-26,15.14
4356,2017-04-27,14.69
4357,2017-04-28,14.79
4358,2017-05-01,14.78
4359,2017-05-02,15.21
4360,2017-05-03,14.87
4361,2017-05-04,14.39
4362,2017-05-05,14.82
4363,2017-05-08,14.67
4364,2017-05-09,14.75
4365,2017-05-10,15.14
4366,2017-05-11,15.04
4367,2017-05-12,15.42
4368,2017-05-15,15.34
4369,2017-05-16,15.49
4370,2017-05-17,15.01
4371,2017-05-18,13.36
4372,2017-05-19,14.11
4373,2017-05-22,13.8
4374,2017-05-23,13.88
4375,2017-05-24,13.87
4376,2017-05-25,13.91
4377,2017-05-26,14.11
4378,2017-05-30,14.27
4379,2017-05-31,14.31
4380,2017-06-01,14.39
4381,2017-06-02,14.43
4382,2017-06-05,14.21
4383,2017-06-06,14.26
4384,2017-06-07,14.3
4385,2017-06-08,14.31
4386,2017-06-09,13.87
4387,2017-06-12,13.92
4388,2017-06-13,13.96
4389,2017-06-14,14.02
4390,2017-06-15,13.87
4391,2017-06-16,13.97
4392,2017-06-19,13.96
4393,2017-06-20,13.66
4394,2017-06-21,13.51
4395,2017-06-22,13.52
4396,2017-06-23,13.63
4397,2017-06-26,13.77
4398,2017-06-27,13.47
4399,2017-06-28,13.69
4400,2017-06-29,13.49
4401,2017-06-30,13.49
4402,2017-07-03,13.57
4403,2017-07-05,13.75
4404,2017-07-06,13.4
4405,2017-07-07,13.41
4406,2017-07-10,13.8
4407,2017-07-11,13.77
4408,2017-07-12,14.0
4409,2017-07-13,14.16
4410,2017-07-14,14.19
4411,2017-07-17,14.29
4412,2017-07-18,14.47
4413,2017-07-19,14.27
4414,2017-07-20,14.41
4415,2017-07-21,14.48
4416,2017-07-24,14.49
4417,2017-07-25,14.54
4418,2017-07-26,14.6
4419,2017-07-27,14.86
4420,2017-07-28,15.02
4421,2017-07-31,14.88
4422,2017-08-01,15.01
4423,2017-08-02,15.09
4424,2017-08-03,15.21
4425,2017-08-04,15.19
4426,2017-08-07,15.35
4427,2017-08-08,15.32
4428,2017-08-09,15.26
4429,2017-08-10,14.98
4430,2017-08-11,15.07
4431,2017-08-14,14.98
4432,2017-08-15,15.02
4433,2017-08-16,15.11
4434,2017-08-17,14.79
4435,2017-08-18,14.92
4436,2017-08-21,15.14
4437,2017-08-22,15.16
4438,2017-08-23,15.27
4439,2017-08-24,15.47
4440,2017-08-25,15.43
4441,2017-08-28,15.58
4442,2017-08-29,15.56
4443,2017-08-30,15.53
4444,2017-08-31,15.4
4445,2017-09-01,15.51
4446,2017-09-05,15.66
4447,2017-09-06,15.66
4448,2017-09-07,15.83
4449,2017-09-08,15.78
4450,2017-09-11,16.16
4451,2017-09-12,16.09
4452,2017-09-13,16.29
4453,2017-09-14,16.31
4454,2017-09-15,16.53
4455,2017-09-18,16.5
4456,2017-09-19,16.69
4457,2017-09-20,16.71
4458,2017-09-21,16.52
4459,2017-09-22,16.37
4460,2017-09-25,16.12
4461,2017-09-26,16.02
4462,2017-09-27,15.64
4463,2017-09-28,15.73
4464,2017-09-29,15.84
4465,2017-10-02,15.87
4466,2017-10-03,16.31
4467,2017-10-04,16.25
4468,2017-10-05,16.21
4469,2017-10-06,16.09
4470,2017-10-09,15.96
4471,2017-10-10,16.28
4472,2017-10-11,16.25
4473,2017-10-12,16.15
4474,2017-10-13,16.12
4475,2017-10-16,16.06
4476,2017-10-17,16.05
4477,2017-10-18,16.11
4478,2017-10-19,16.04
4479,2017-10-20,16.12
4480,2017-10-23,15.72
4481,2017-10-24,15.68
4482,2017-10-25,15.6
4483,2017-10-26,15.69
4484,2017-10-27,15.88
4485,2017-10-30,15.32
4486,2017-10-31,15.4
4487,2017-11-01,15.41
4488,2017-11-02,15.34
4489,2017-11-03,14.86
4490,2017-11-06,15.25
4491,2017-11-07,14.95
4492,2017-11-08,15.25
4493,2017-11-09,15.14
4494,2017-11-10,14.93
4495,2017-11-13,14.86
4496,2017-11-14,14.65
4497,2017-11-15,14.68
4498,2017-11-16,14.86
4499,2017-11-17,15.11
4500,2017-11-20,15.3
4501,2017-11-21,15.21
4502,2017-11-22,15.24
4503,2017-11-24,15.18
4504,2017-11-27,15.17
4505,2017-11-28,15.22
4506,2017-11-29,14.78
4507,2017-11-30,14.56
4508,2017-12-01,14.84
4509,2017-12-04,14.96
4510,2017-12-05,15.0
4511,2017-12-06,15.3
4512,2017-12-07,15.21
4513,2017-12-08,15.16
4514,2017-12-11,15.04
4515,2017-12-12,15.4
4516,2017-12-13,15.38
4517,2017-12-14,15.25
4518,2017-12-15,15.3
4519,2017-12-18,15.4
4520,2017-12-19,15.36
4521,2017-12-20,15.34
4522,2017-12-21,15.09
4523,2017-12-22,14.93
4524,2017-12-26,15.13
4525,2017-12-27,14.8
4526,2017-12-28,14.81
4527,2017-12-29,14.83
4528,2018-01-02,15.18
4529,2018-01-03,15.04
4530,2018-01-04,15.31
4531,2018-01-05,15.42
4532,2018-01-08,15.43
4533,2018-01-09,15.52
4534,2018-01-10,15.2
4535,2018-01-11,15.34
4536,2018-01-12,15.72
4537,2018-01-16,15.62
4538,2018-01-17,15.81
4539,2018-01-18,15.82
4540,2018-01-19,15.46
4541,2018-01-22,15.72
4542,2018-01-23,15.49
4543,2018-01-24,16.59
4544,2018-01-25,16.78
4545,2018-01-26,16.89
4546,2018-01-29,16.68
4547,2018-01-30,16.67
4548,2018-01-31,16.96
4549,2018-02-01,17.2
4550,2018-02-02,16.61
4551,2018-02-05,16.14
4552,2018-02-06,16.92
4553,2018-02-07,16.41
4554,2018-02-08,15.92
4555,2018-02-09,15.79
4556,2018-02-12,16.21
4557,2018-02-13,16.18
4558,2018-02-14,16.45
4559,2018-02-15,16.55
4560,2018-02-16,16.45
4561,2018-02-20,16.23
4562,2018-02-21,15.87
4563,2018-02-22,15.71
4564,2018-02-23,16.2
4565,2018-02-26,16.23
4566,2018-02-27,15.9
4567,2018-02-28,15.67
4568,2018-03-01,15.96
4569,2018-03-02,15.91
4570,2018-03-05,16.2
4571,2018-03-06,16.24
4572,2018-03-07,16.12
4573,2018-03-08,16.02
4574,2018-03-09,15.98
4575,2018-03-12,15.79
4576,2018-03-13,15.54
4577,2018-03-14,15.53
4578,2018-03-15,15.12
4579,2018-03-16,15.09
4580,2018-03-19,15.24
4581,2018-03-20,14.93
4582,2018-03-21,15.02
4583,2018-03-22,14.78
4584,2018-03-23,14.72
4585,2018-03-26,15.04
4586,2018-03-27,15.13
4587,2018-03-28,14.83
4588,2018-03-29,15.36
4589,2018-04-02,15.29
4590,2018-04-03,15.23
4591,2018-04-04,15.4
4592,2018-04-05,15.3
4593,2018-04-06,15.07
4594,2018-04-09,14.82
4595,2018-04-10,15.04
4596,2018-04-11,15.1
4597,2018-04-12,14.49
4598,2018-04-13,14.14
4599,2018-04-16,14.13
4600,2018-04-17,14.45
4601,2018-04-18,14.7
4602,2018-04-19,14.53
4603,2018-04-20,14.37
4604,2018-04-23,14.27
4605,2018-04-24,14.22
4606,2018-04-25,14.14
4607,2018-04-26,14.29
4608,2018-04-27,14.37
4609,2018-04-30,14.12
4610,2018-05-01,14.14
4611,2018-05-02,13.99
4612,2018-05-03,13.71
4613,2018-05-04,13.6
4614,2018-05-07,13.42
4615,2018-05-08,13.28
4616,2018-05-09,13.05
4617,2018-05-10,13.24
4618,2018-05-11,13.12
