,25quantileSentiment,50quantileSentiment,75quantileSentiment,ID,Timestamp,analytical_count,anger_count,articleCount,avgSentiment,confident_count,fear_count,ibm_articleCount,joy_count,maxSentiment,minSentiment,sadness_count,stdSentiment,tentative_count
0,-0.03356999999999999,0.08415,0.21730500000000005,Samsung,2018-05-01,,,538,0.06654528839912656,,,,,0.70496,-0.5282,,0.22281104999630147,
1,-0.19658,0.0,0.053635,Telefonica,2018-05-01,,,47,-0.05333202127659575,,,,,0.4584600000000001,-0.48923999999999995,,0.277543088669324,
2,0.0,0.1088,0.23748000000000002,Google,2018-05-01,,,1731,0.1164947116081166,,,,,0.96615,-0.7964,,0.19210823574203595,
3,-0.119315,0.0,0.050695,BMW,2018-05-01,,,379,-0.01299998680738785,,,,,0.7439999999999999,-0.7944599999999999,,0.2245117980982201,
4,-0.043792500000000005,0.0,0.10573749999999996,Bayer,2018-05-01,,,3584,0.03205238428509428,,,,,0.9274,-0.75041,,0.1664441289467551,
5,0.0,0.17937999999999998,0.2414,Airbus,2018-05-01,,,77,0.13643272727272732,,,,,0.5592300000000001,-0.48197,,0.19884208065325792,
6,-0.02007,0.08134999999999999,0.22828,Tesla,2018-05-01,,,185,0.08936611454311455,,,,,0.47651000000000004,-0.4803100000000001,,0.1808470171651405,
7,-0.018269999999999998,0.05714,0.21282,Apple,2018-05-01,,,2021,0.0834542923902202,,,,,0.7430666666666667,-0.7155,,0.19966104852527736,
8,-0.20223,0.169125,0.27055999999999997,BASF,2018-05-01,,,102,0.04446846405228757,,,,,0.70577,-0.4785100000000001,,0.3100820765293601,
9,-0.19156,0.08064,0.21995,Allianz,2018-05-01,,,101,0.03873663366336635,,,,,0.55697,-0.49744,,0.2220544811314432,
10,-0.05574,0.0,0.10361928571428572,Bayer,2018-05-02,,,3035,0.0240291295075966,,,,,0.6846899999999999,-0.51246,,0.1664938805753093,
11,-0.23023000000000002,-0.09485,0.09192,Allianz,2018-05-02,,,121,-0.052264793388429764,,,,,0.5821500000000002,-0.66297,,0.2646379067553097,
12,-0.07031499999999999,0.07262666666666667,0.2024858333333333,Tesla,2018-05-02,,,510,0.06893203750389043,,,,,0.6457200000000001,-0.5029999999999999,,0.17356478828639466,
13,-0.05671583333333334,0.0298,0.20575,Apple,2018-05-02,,,3116,0.050277002783890336,,,,,0.926,-0.8862666666666668,,0.21731717677838885,
14,-0.189105,0.0,0.13449,BMW,2018-05-02,,,500,-0.01335405269841271,,,,,0.9341,-0.6768000000000001,,0.2332976667076807,
15,0.0,0.0979,0.44782,Telefonica,2018-05-02,,,67,0.17337059701492533,,,,,0.49836,-0.2862,,0.247799325364605,
16,0.11993,0.2368,0.32337000000000005,BASF,2018-05-02,,,156,0.19001211233211235,,,,,0.6525,-0.63234,,0.2365791376051359,
17,-0.0050875000000000035,0.06969,0.2481,Google,2018-05-02,,,1901,0.10641426296101468,,,,,0.9877,-0.55366,,0.19299328084970635,
18,-0.0208125,0.06884,0.21171,Samsung,2018-05-02,,,896,0.0813467171999008,,,,,0.9477,-0.5626800000000001,,0.20466133140937454,
19,-0.014179999999999988,0.030780000000000002,0.19538000000000005,Airbus,2018-05-02,,,250,0.05532746952380947,,,,,0.6025600000000001,-0.57493,,0.23070680706314345,
20,-0.26298,0.0,0.183455,Allianz,2018-05-03,,,83,0.007554031841652306,,,,,0.6012299999999999,-0.5153300000000001,,0.30127285541202026,
21,-0.07952000000000001,0.0,0.12079,Tesla,2018-05-03,,,916,0.01820865768177725,,,,,0.63083,-0.6866333333333333,,0.1598713132578809,
22,-0.013170000000000005,0.049400000000000006,0.217635,Apple,2018-05-03,,,2027,0.0756169261008135,,,,,0.7717,-0.5975900000000001,,0.20819789709316447,
23,-0.11941250000000002,0.0,0.1302,BMW,2018-05-03,,,542,-0.0028545051396942586,,,,,0.6056666666666666,-0.7155,,0.2255362861455841,
24,0.0,0.06990500000000002,0.245809375,Google,2018-05-03,,,2172,0.11391007063199755,,,,,0.7438600000000001,-0.5350666666666667,,0.18998150078346712,
25,-0.26298000000000005,0.0,0.13609000000000002,Airbus,2018-05-03,,,248,-0.0469633906169995,,,,,0.5112700000000001,-0.5259600000000001,,0.24361616753831944,
26,0.0,0.10574125,0.24514,Samsung,2018-05-03,,,874,0.11372173781373722,,,,,0.67499,-0.6023000000000001,,0.2036547202669381,
27,-0.035227499999999995,0.0,0.14164000000000002,Bayer,2018-05-03,,,1051,0.05112752121939797,,,,,0.6744125000000001,-0.6065699999999999,,0.18497861012534936,
28,0.01651000000000001,0.20038,0.2729111111111111,BASF,2018-05-03,,,217,0.14642036994367633,,,,,0.6622100000000001,-0.38286,,0.2107086569595487,
29,-0.06563,0.03286,0.21520999999999998,Telefonica,2018-05-03,,,93,0.027206434118450244,,,,,0.6012299999999999,-0.7155,,0.2497969853438626,
30,-0.09108,-0.011770000000000013,0.12355250000000002,Tesla,2018-05-04,,,472,0.014566100433817612,,,,,0.7124,-0.38904,,0.16403286245869944,
31,-0.12883999999999998,0.0,0.09496666666666666,Airbus,2018-05-04,,,187,-0.03751463542992956,,,,,0.57048,-0.6423000000000001,,0.2593203651305414,
32,-0.11988,0.0,0.10663749999999997,Bayer,2018-05-04,,,650,-0.006251138583638607,,,,,0.6178600000000001,-0.56481,,0.2096254917858571,
33,-0.10687000000000002,-0.021375,0.1347475,Telefonica,2018-05-04,,,86,-0.004100009228497618,,,,,0.6222200000000001,-0.63234,,0.21495227233740488,
34,-0.010144999999999998,0.04145999999999998,0.213785,Samsung,2018-05-04,,,551,0.08219148265779389,,,,,0.72443,-0.63234,,0.20679313985423306,
35,0.0,0.06897,0.2235075,Google,2018-05-04,,,1930,0.10184081968089473,,,,,0.8957,-0.6475500000000001,,0.17613678544923844,
36,-0.23892250000000004,-0.018669999999999992,0.08782428571428573,BMW,2018-05-04,,,774,-0.04184778582707865,,,,,0.8689,-0.51246,,0.2293014512964564,
37,-0.18192000000000005,-0.0394,0.21988,BASF,2018-05-04,,,351,-6.380059241171913e-05,,,,,0.61798,-0.6996333333333333,,0.2541835951480895,
38,-0.37756,-0.23711,0.0,Allianz,2018-05-04,,,250,-0.16390126825396822,,,,,0.6502100000000002,-0.70516,,0.2654959515452052,
39,-0.026230000000000017,0.03966999999999999,0.21074,Apple,2018-05-04,,,2049,0.07037805950637943,,,,,0.72887,-0.9917,,0.21355265922492908,
40,-0.03708625000000002,0.01715,0.19246250000000004,Apple,2018-05-05,,,770,0.04509233245722534,,,,,0.9698,-0.9981,,0.22984436072968026,
41,-0.21473000000000006,0.011719999999999998,0.16291428571428573,Allianz,2018-05-05,,,45,-0.005778904761904776,,,,,0.7097,-0.66074,,0.2689113011927435,
42,0.0,0.041666666666666664,0.1582375,Samsung,2018-05-05,,,253,0.07473914941338852,,,,,0.9698,-0.4795200000000001,,0.19017617462636552,
43,-0.20304000000000005,-0.058329999999999986,0.03612,Bayer,2018-05-05,,,668,-0.066181389423534,,,,,0.8689,-0.5259600000000001,,0.19564268587119601,
44,-0.139855,0.13532000000000002,0.28885,BASF,2018-05-05,,,27,0.07381037037037037,,,,,0.44496,-0.3910600000000001,,0.2722926025645868,
45,0.04296250000000002,0.120805,0.1986475,Telefonica,2018-05-05,,,2,0.120805,,,,,0.27649,-0.034879999999999994,,0.22017183845805527,
46,-0.015579999999999988,0.09607,0.16897,Tesla,2018-05-05,,,123,0.07137104110207766,,,,,0.54814,-0.34,,0.15569652443385168,
47,-0.2897775000000001,-0.17347500000000002,-0.057172500000000015,Airbus,2018-05-05,,,2,-0.17347500000000002,,,,,0.059129999999999995,-0.4060800000000001,,0.3289531456757938,
48,-0.0129725,0.017860000000000004,0.16433499999999998,Google,2018-05-05,,,836,0.0618290838364851,,,,,0.7783,-0.624,,0.17894129187804664,
49,-0.099565,0.0,0.10824500000000002,BMW,2018-05-05,,,138,-0.032690217966413616,,,,,0.5725899999999999,-0.6873099999999999,,0.2274958427012617,
50,-0.20304000000000005,0.0,0.13335999999999998,Bayer,2018-05-06,,,389,-0.0038302023911535475,,,,,0.6498,-0.54798,,0.2451506116858173,
51,0.054964999999999986,0.16124999999999998,0.233055,Tesla,2018-05-06,,,147,0.15593253212396066,,,,,0.5819500000000001,-0.3362,,0.1609572569747635,
52,0.0,0.016080000000000004,0.22315,Google,2018-05-06,,,548,0.08530219383617205,,,,,0.96615,-0.8316,,0.1916234985731245,
53,-0.06566999999999999,-0.02444,0.034,Airbus,2018-05-06,,,123,0.006123847270615554,,,,,0.7049857142857142,-0.32292000000000004,,0.15468206044457472,
54,-0.056604999999999996,0.0,0.12193666666666668,Samsung,2018-05-06,,,100,0.029729297222222218,,,,,0.5126200000000001,-0.3818,,0.16237878911208334,
55,-0.256365,-0.03899999999999999,0.0781675,Allianz,2018-05-06,,,90,-0.06487057760141095,,,,,0.5531,-0.5763100000000001,,0.2469292223742741,
56,-0.02735,0.0,0.040435000000000006,Telefonica,2018-05-06,,,14,0.008162857142857144,,,,,0.32215000000000005,-0.33112,,0.14444895922774253,
57,-0.035177500000000014,0.13382,0.2427325,BASF,2018-05-06,,,6,0.05206111111111112,,,,,0.28650000000000003,-0.4293,,0.2714253277190753,
58,0.0,0.04553999999999999,0.2319050000000001,Apple,2018-05-06,,,507,0.0959373217807834,,,,,0.96615,-0.5848399999999999,,0.20225329097965086,
59,-0.01027,0.0,0.13072,BMW,2018-05-06,,,93,0.03006351766513057,,,,,0.39638,-0.4254,,0.17854284146001284,
60,-0.07962857142857142,0.045895,0.1176,Telefonica,2018-05-07,,,86,0.03239268964562568,,,,,0.4908,-0.34614,,0.1778425813380494,
61,-0.1332,0.0,0.06644652777777776,Bayer,2018-05-07,,,979,-0.0036498835060071225,,,,,0.6966,-0.72104,,0.21599576008808646,
62,-0.2862,-0.02157,0.028426111111111117,Airbus,2018-05-07,,,247,-0.06465925486793908,,,,,0.54079,-0.5737800000000001,,0.217825754996902,
63,-0.06552250000000001,0.15134999999999998,0.2998725,BASF,2018-05-07,,,156,0.12065572649572645,,,,,0.7486,-0.4383000000000001,,0.274524041974298,
64,0.0,0.10459,0.24913500000000005,Google,2018-05-07,,,1968,0.1280496135993354,,,,,0.9681,-0.5428,,0.19028685953269395,
65,0.025915,0.10383,0.19379583333333333,Tesla,2018-05-07,,,206,0.10384725150254276,,,,,0.52761,-0.4203333333333334,,0.14683919993986772,
66,-0.12028875000000006,0.0,0.13939,BMW,2018-05-07,,,398,0.002893036811039327,,,,,0.7097,-0.5275000000000001,,0.21403140431717424,
67,-0.016984999999999986,0.054279999999999995,0.19845875,Apple,2018-05-07,,,1943,0.06702612816459592,,,,,0.9681,-0.998,,0.21633455931790602,
68,-0.3910600000000001,-0.17982,0.0,Allianz,2018-05-07,,,270,-0.16058924911816588,,,,,0.5928800000000001,-0.5399,,0.25894918623444874,
69,0.0,0.1022,0.23775,Samsung,2018-05-07,,,381,0.10533392117651966,,,,,0.6668999999999999,-0.5806,,0.20870608628819995,
70,-0.022189999999999988,0.07885000000000003,0.17925,Tesla,2018-05-08,,,223,0.08076113050750948,,,,,0.6555300000000001,-0.49092,,0.16919258519077854,
71,0.10626,0.207445,0.34675749999999994,BASF,2018-05-08,,,136,0.18251713235294115,,,,,0.7998666666666667,-0.597,,0.24717283548595784,
72,-0.033405000000000004,0.05785,0.21326,Apple,2018-05-08,,,1872,0.06599780514431537,,,,,0.8555,-0.9966,,0.2290258727159747,
73,0.0,0.08739999999999999,0.23971,Samsung,2018-05-08,,,641,0.09693486553747847,,,,,0.9136,-0.9001,,0.2310727787863664,
74,-0.07400000000000001,0.016030000000000003,0.14272321428571427,Airbus,2018-05-08,,,458,0.01851284137381296,,,,,0.54399,-0.597,,0.20974016904542844,
75,-0.26335,-0.0592,0.04163000000000002,Allianz,2018-05-08,,,97,-0.06965618556701034,,,,,0.5513399999999999,-0.5130600000000001,,0.26060889725012004,
76,-0.17982,-0.026810000000000004,0.04215,Bayer,2018-05-08,,,665,-0.033481286012650546,,,,,0.6268625,-0.6254500000000001,,0.18583582158052564,
77,-0.16677,0.0,0.101985,BMW,2018-05-08,,,531,-0.014648890532986597,,,,,0.8383888888888891,-0.6270399999999999,,0.2430611558412676,
78,-0.0501375,0.0362,0.16582750000000002,Telefonica,2018-05-08,,,80,0.07123005158730157,,,,,0.53989,-0.2862,,0.17265447588321112,
79,0.0,0.14245000000000002,0.2701444444444444,Google,2018-05-08,,,3445,0.14963957835141795,,,,,0.91615,-0.7269100000000001,,0.1847356898578976,
80,-0.0264375,0.08016999999999999,0.2278690476190476,Apple,2018-05-09,,,1590,0.08620767325546562,,,,,0.7887,-0.9413,,0.21308477372937587,
81,-0.053979999999999986,0.0468,0.15469500000000005,Telefonica,2018-05-09,,,155,0.04801560855094728,,,,,0.5588333333333333,-0.50564,,0.17169678732276786,
82,0.0,0.09910499999999996,0.23978500000000005,Google,2018-05-09,,,3276,0.1207380316685077,,,,,0.93,-0.8986,,0.17796222122930702,
83,-0.11988,-0.002870000000000006,0.024425,Bayer,2018-05-09,,,707,-0.040779399205226635,,,,,0.5529900000000001,-0.5994,,0.17200491294670792,
84,-0.07850499999999999,0.0,0.12930000000000005,Airbus,2018-05-09,,,1131,0.009096359100669443,,,,,0.7427,-0.5941000000000001,,0.18303331639648515,
85,0.0,0.09804,0.22624444444444444,Samsung,2018-05-09,,,567,0.08590328119313567,,,,,0.7044400000000001,-0.5594899999999999,,0.20562961353314446,
86,0.03715333333333333,0.18273,0.322475,BASF,2018-05-09,,,167,0.1640236645756107,,,,,0.65554,-0.2997,,0.2171398308108872,
87,-0.14800000000000002,0.0,0.07065,BMW,2018-05-09,,,560,-0.02226036522108841,,,,,0.743625,-0.65722,,0.1995100201596405,
88,-0.35894000000000004,-0.27578,0.0,Allianz,2018-05-09,,,209,-0.17170459368117266,,,,,0.6915399999999999,-0.6768000000000001,,0.2654268462327551,
89,-0.1038475,0.08296,0.21763,Tesla,2018-05-09,,,246,0.028967837624209587,,,,,0.5494600000000001,-0.56297,,0.2502553677750156,
90,-0.11692249999999994,0.0,0.06818833333333335,Bayer,2018-05-10,,,214,-0.010811593791722305,,,,,0.6254899999999999,-0.5509600000000001,,0.18532763184633705,
91,0.0504525,0.17343000000000006,0.2879025,BASF,2018-05-10,,,170,0.18888247058823532,,,,,0.9983,-0.28473000000000004,,0.1853239014636195,
92,-0.0296,0.0,0.08442999999999999,Airbus,2018-05-10,,,333,0.017033133371466714,,,,,0.4905800000000001,-0.6156,,0.16186721844430804,
93,-0.097805,0.0,0.13903214285714285,BMW,2018-05-10,,,371,0.015743478051598,,,,,0.744525,-0.63234,,0.2138728543255059,
94,-0.008614999999999998,0.07636,0.22001,Apple,2018-05-10,,,1847,0.09033201287372944,,,,,0.9753,-0.5859000000000001,,0.2009368753771833,
95,-0.3596400000000001,-0.187475,0.045225,Allianz,2018-05-10,,,150,-0.09713286507936517,,,,,0.69792,-0.49683,,0.2979168463161051,
96,0.0,0.09878,0.33042000000000005,Telefonica,2018-05-10,,,121,0.14262379279811108,,,,,0.67933,-0.21124,,0.20488624728128885,
97,0.0,0.10574999999999997,0.2458375,Google,2018-05-10,,,2572,0.12862282557579838,,,,,0.9753,-0.6486,,0.18685988551007413,
98,-0.1043375,0.096995,0.2601375,Tesla,2018-05-10,,,328,0.06584319214576073,,,,,0.55615,-0.689625,,0.2514792624006003,
99,0.0,0.0908375,0.2355,Samsung,2018-05-10,,,521,0.11998352108277735,,,,,0.7042,-0.46071999999999996,,0.17706455960484702,
100,-0.144325,0.0,0.13100250000000002,BMW,2018-05-11,,,464,-0.01534070881226054,,,,,0.57902,-0.6127800000000001,,0.2373990497705793,
101,-0.1431,-0.05574,0.031415,Bayer,2018-05-11,,,803,-0.041648926100535666,,,,,0.5671333333333334,-0.63012,,0.185300118462696,
102,0.0,0.068,0.20047,Samsung,2018-05-11,,,369,0.07781347206091102,,,,,0.7325200000000001,-0.5806,,0.20061459868300602,
103,-0.07644000000000001,0.01779,0.18342,Apple,2018-05-11,,,1791,0.02725617257362653,,,,,0.8272799999999999,-0.6523,,0.23183287153012536,
104,0.004400000000000004,0.17515999999999998,0.27796000000000004,BASF,2018-05-11,,,133,0.1653756417830291,,,,,0.7008500000000002,-0.3861800000000001,,0.2153397265234047,
105,-0.059670000000000015,0.0,0.04983999999999999,Airbus,2018-05-11,,,389,-0.009966150589627451,,,,,0.5093444444444445,-0.64054,,0.17671326547585614,
106,-0.30316,-0.05464,0.03506,Allianz,2018-05-11,,,103,-0.08537295423023578,,,,,0.6787599999999999,-0.4878,,0.25945573905994634,
107,0.0,0.08082500000000001,0.2159,Google,2018-05-11,,,2307,0.09994198496982944,,,,,0.8259,-0.7034,,0.177781585932991,
108,0.010920000000000004,0.13327,0.2209,Tesla,2018-05-11,,,225,0.1082021814814815,,,,,0.48138000000000003,-0.4316125,,0.1811182514350124,
109,-0.08997583333333334,0.038496666666666665,0.129495625,Telefonica,2018-05-11,,,60,0.031111695767195774,,,,,0.49155,-0.531,,0.21249835870572728,
110,0.0,0.032490000000000005,0.190925,Samsung,2018-05-12,,,187,0.07383590145148969,,,,,0.80271,-0.41777,,0.18656478485334976,
111,-0.3308800000000001,-0.024309999999999988,0.15604500000000002,Allianz,2018-05-12,,,39,-0.02831159544159547,,,,,0.6738599999999999,-0.6715555555555556,,0.33116586898995537,
112,0.15435500000000002,0.19973,0.3368025,BASF,2018-05-12,,,22,0.2027414141414141,,,,,0.56675,-0.4129,,0.2154190523415243,
113,-0.037070000000000033,0.0,0.031389999999999994,BMW,2018-05-12,,,97,-0.020011889216167568,,,,,0.5568,-0.5775600000000001,,0.1789284257785447,
114,-0.023255,0.005713333333333335,0.17383749999999998,Apple,2018-05-12,,,574,0.05557006512361038,,,,,0.8296,-0.77378,,0.20272693220398166,
115,-0.15663,0.04575,0.17395,Tesla,2018-05-12,,,163,0.015248849936702696,,,,,0.6183500000000001,-0.40179,,0.20379160157097045,
116,0.0,0.031000000000000007,0.20087500000000005,Google,2018-05-12,,,895,0.0851820902278974,,,,,0.7029,-0.58285,,0.19336985153738606,
117,-0.111,-0.013939999999999994,0.0598375,Telefonica,2018-05-12,,,26,-0.028186228632478636,,,,,0.2573125,-0.4768,,0.1616336867181462,
118,-0.0650513888888889,0.0,0.043120000000000006,Airbus,2018-05-12,,,39,0.0011217602767602745,,,,,0.32632999999999995,-0.47961,,0.1532499039376106,
119,-0.20304000000000005,-0.05574,0.020455,Bayer,2018-05-12,,,920,-0.07582603817287788,,,,,0.9786,-0.64584,,0.20934561699218915,
120,0.0,0.0,0.09570749999999996,Airbus,2018-05-13,,,102,0.048411862745098025,,,,,0.3577,-0.4607200000000001,,0.13626528998579085,
121,-0.21570500000000006,-0.03251999999999998,0.017,Telefonica,2018-05-13,,,27,-0.06038068783068784,,,,,0.33999,-0.5027400000000001,,0.19258720801087065,
122,-0.0032,0.150705,0.2952400000000001,BASF,2018-05-13,,,12,0.1680723148148148,,,,,0.48573,-0.05574,,0.172156936812268,
123,-0.20759750000000005,0.0,0.0559125,BMW,2018-05-13,,,96,-0.041442895998677294,,,,,0.55167,-0.4952333333333334,,0.2066142138690887,
124,-0.011325000000000005,0.0204,0.18825,Google,2018-05-13,,,1003,0.08113840862333603,,,,,0.7417666666666666,-0.6304700000000001,,0.18391285964315865,
125,-0.20304000000000005,-0.05116,0.0011825000000000045,Bayer,2018-05-13,,,372,-0.08193382179126131,,,,,0.5533600000000001,-0.66376,,0.21110874802779428,
126,-0.42688000000000004,-0.38651,-0.247665,Allianz,2018-05-13,,,114,-0.3022517669172931,,,,,0.50989,-0.6014,,0.2225399698185747,
127,0.0,0.03010611111111111,0.15862,Samsung,2018-05-13,,,108,0.061793128674309236,,,,,0.54423,-0.35434,,0.14847178498847968,
128,-0.31774,-0.20324,0.1210975,Tesla,2018-05-13,,,172,-0.08397541066814328,,,,,0.5302600000000001,-0.43632,,0.2301050589982624,
129,0.0,0.05106000000000002,0.22544,Apple,2018-05-13,,,449,0.09671725969526636,,,,,0.8444499999999999,-0.6304700000000001,,0.19698380410699493,
130,-0.061835,0.023145,0.1864075000000001,Apple,2018-05-14,,,1676,0.04616856581713828,,,,,0.6795249999999999,-0.9559,,0.21860726790274185,
131,0.0,0.06791166666666666,0.200915,Google,2018-05-14,,,1932,0.0996802485704425,,,,,0.9513200000000002,-0.5602600000000001,,0.17886317279811992,
132,-0.17982,0.0,0.004410357142857142,Airbus,2018-05-14,,,544,-0.04809992924253032,,,,,0.7636,-0.9849,,0.2219112314637325,
133,0.0872,0.20736,0.310995,BASF,2018-05-14,,,119,0.1578753691476591,,,,,0.86175,-0.5517299999999999,,0.26192030593797944,
134,-0.004527499999999995,0.06551833333333333,0.2292675,Samsung,2018-05-14,,,532,0.09966609746091412,,,,,0.8244900000000002,-0.4630300000000001,,0.1951313724309308,
135,-0.11988,0.0,0.0758975,Bayer,2018-05-14,,,670,-0.01816697826344467,,,,,0.7395999999999999,-0.61552,,0.1952760676129014,
136,-0.059940000000000014,0.0,0.12996000000000002,BMW,2018-05-14,,,441,0.024357670158010315,,,,,0.9353,-0.5300199999999999,,0.2103939779739568,
137,-0.3505875,-0.190245,0.017912499999999998,Allianz,2018-05-14,,,112,-0.14476386904761915,,,,,0.58907,-0.7542,,0.2917485283368151,
138,0.0,0.068,0.43138,Telefonica,2018-05-14,,,110,0.15937135930735927,,,,,0.5859,-0.38798,,0.2394601997616721,
139,-0.0922857142857143,0.11196000000000003,0.1992175,Tesla,2018-05-14,,,443,0.06095740083843922,,,,,0.5934900000000001,-0.60645,,0.20631628566051075,
140,-0.32516,-0.2568857142857143,0.0,Allianz,2018-05-15,,,341,-0.16845312467997975,,,,,0.71148,-0.69228,,0.2481807228782989,
141,-0.30378000000000005,-0.059940000000000014,0.0,Airbus,2018-05-15,,,948,-0.1400546332713816,,,,,0.6416875,-0.80976,,0.2730618429630155,
142,0.0,0.12913,0.311885,Samsung,2018-05-15,,,720,0.1633071030643734,,,,,0.7311200000000001,-0.7497,,0.2506724745976049,
143,-0.0128,0.05106000000000002,0.21784250000000002,Google,2018-05-15,,,2192,0.09334926440664462,,,,,0.8934,-0.6292800000000001,,0.20135737157366893,
144,0.1968869444444444,0.26341,0.4126499999999999,BASF,2018-05-15,,,168,0.2618946130952379,,,,,0.8223,-0.60326,,0.21547035337525608,
145,-0.015080000000000003,0.06611,0.23217,Apple,2018-05-15,,,1585,0.09385082028942006,,,,,0.8555,-0.8345,,0.2321046239658843,
146,-0.1646375,-0.013590000000000001,0.0524,Bayer,2018-05-15,,,937,-0.047469493401771805,,,,,0.6891700000000001,-0.6940000000000001,,0.1899499239404573,
147,-0.10305999999999998,0.044755555555555576,0.15287166666666668,Tesla,2018-05-15,,,455,0.013880359410430792,,,,,0.61231,-0.6477333333333334,,0.2257041291566515,
148,-0.20033,-0.038566666666666666,0.15431666666666666,Telefonica,2018-05-15,,,209,-0.013101201678438534,,,,,0.51274,-0.5724,,0.2468649298306364,
149,-0.1356,0.0,0.08393833333333334,BMW,2018-05-15,,,447,-0.015011230336280684,,,,,0.659425,-0.5724,,0.19327014371698945,
150,0.0,0.0926563492063492,0.2340125,Google,2018-05-16,,,1970,0.11689903126258955,,,,,0.9663,-0.6135700000000001,,0.1981723702377296,
151,-0.3091200000000001,-0.17982,0.17263,Allianz,2018-05-16,,,171,-0.10165388262322472,,,,,0.5719,-0.6589800000000001,,0.3028095354103641,
152,-0.3894450000000001,-0.007134999999999994,0.221675,Telefonica,2018-05-16,,,146,-0.08205487606001308,,,,,0.6220899999999999,-0.69228,,0.3517683480088437,
153,-0.005809999999999993,0.08674,0.22878,Apple,2018-05-16,,,1321,0.10185055131994786,,,,,0.86055,-0.6589800000000001,,0.20567949938280994,
154,-0.17982,0.0,0.03524888888888888,Airbus,2018-05-16,,,391,-0.056650120265497525,,,,,0.7369600000000001,-0.7931666666666667,,0.21249855070942392,
155,-0.01833000000000001,0.078295,0.21874999999999994,Tesla,2018-05-16,,,288,0.07943470885692236,,,,,0.6642399999999999,-0.8142,,0.2270367479880188,
156,-0.17982,-0.059940000000000014,0.02707,Bayer,2018-05-16,,,738,-0.06289040295521983,,,,,0.8271,-0.6023000000000001,,0.19248728281657893,
157,-0.09151000000000001,0.0,0.07727999999999999,BMW,2018-05-16,,,345,-0.004994850816655163,,,,,0.6960571428571428,-0.63784,,0.20510807417003132,
158,-0.00958,0.07536000000000001,0.23533,Samsung,2018-05-16,,,613,0.0944393378259406,,,,,0.8490699999999999,-0.53627,,0.21648901535665732,
159,0.10405000000000003,0.20271,0.31404,BASF,2018-05-16,,,153,0.1646899852163086,,,,,0.66951,-0.6589800000000001,,0.2415162966667257,
160,-0.17982,0.0,0.16296,Airbus,2018-05-17,,,261,-0.002623781244298471,,,,,0.60542,-0.54918,,0.26297752878194913,
161,-0.23264,0.0,0.116405,BMW,2018-05-17,,,530,-0.033758552785265086,,,,,0.7479333333333332,-0.57535,,0.23168551699977905,
162,-0.290885,-0.06882,0.12741,Allianz,2018-05-17,,,195,-0.0486400183150183,,,,,0.5657400000000001,-0.5809200000000001,,0.2819497353187069,
163,0.0,0.07874,0.23328,Samsung,2018-05-17,,,634,0.09699782528416202,,,,,0.6369,-0.8941,,0.20689692233270746,
164,0.0,0.06061000000000001,0.21566,Google,2018-05-17,,,2369,0.0976578686841278,,,,,0.8225,-0.8069000000000001,,0.1846506050078725,
165,-0.1848,0.0,0.0555,Bayer,2018-05-17,,,1093,-0.03397677667407318,,,,,0.6260800000000001,-0.63758,,0.21887491108474952,
166,-0.02013,0.07377000000000003,0.23516666666666666,Telefonica,2018-05-17,,,115,0.08812112318840576,,,,,0.6220899999999999,-0.56565,,0.22650721879415475,
167,-0.013027500000000006,0.06116500000000001,0.2242,Apple,2018-05-17,,,1556,0.08628056919961627,,,,,0.7184,-0.7506,,0.2045695404548324,
168,-0.08783333333333332,0.05566000000000002,0.19735999999999998,Tesla,2018-05-17,,,297,0.06569217732884397,,,,,0.7479333333333332,-0.6405,,0.23196020333177586,
169,-0.08879999999999999,0.13857,0.2271975,BASF,2018-05-17,,,247,0.05003682507550924,,,,,0.73505,-0.7542,,0.28201673648958936,
170,-0.025,0.047915,0.21218,Google,2018-05-18,,,1764,0.08891289349602254,,,,,0.9545,-0.73865,,0.1973457734125798,
171,-0.06957,0.009924999999999993,0.17444749999999998,Tesla,2018-05-18,,,258,0.03537694182970347,,,,,0.53136,-0.56097,,0.19653097251732485,
172,-0.01863999999999999,0.04558,0.20476500000000009,Apple,2018-05-18,,,1343,0.07701177693862354,,,,,0.9723,-0.6156,,0.20767035603552245,
173,0.0,0.18019,0.29381,BASF,2018-05-18,,,176,0.1413954450757576,,,,,0.6748666666666666,-0.52415,,0.2396121521568001,
174,-0.2397600000000001,-0.009369999999999998,0.049361666666666665,BMW,2018-05-18,,,535,-0.07017083859961429,,,,,0.6369,-0.6889000000000001,,0.22353696471467768,
175,-0.13394,0.0,0.068,Airbus,2018-05-18,,,241,-0.010900204175722857,,,,,0.4817,-0.6574500000000001,,0.18389994533939635,
176,-0.17982,-0.058599999999999985,0.0,Bayer,2018-05-18,,,833,-0.05852731873701874,,,,,0.7003,-0.6940000000000001,,0.20241630377514566,
177,-0.2833175,0.002200000000000002,0.19925250000000005,Telefonica,2018-05-18,,,122,-0.02300923887587826,,,,,0.58465,-0.4865200000000001,,0.2635980153706313,
178,0.0,0.08886666666666666,0.24844,Samsung,2018-05-18,,,553,0.10665876474640493,,,,,0.69685,-0.54918,,0.20337060715378666,
179,-0.26285,-0.16897666666666664,0.023949166666666667,Allianz,2018-05-18,,,166,-0.1074592450755402,,,,,0.62856,-0.6116,,0.231681863220271,
180,-0.100225,0.0,0.1534325,BASF,2018-05-19,,,36,0.05011916666666664,,,,,0.67065,-0.44294,,0.2185788013754177,
181,0.0,0.06585,0.23228000000000001,Apple,2018-05-19,,,566,0.09635033078131132,,,,,0.9831,-0.5597749999999999,,0.2187960694490257,
182,-0.17982,0.0,0.0772575,BMW,2018-05-19,,,232,-0.03340304392446634,,,,,0.53652,-0.63234,,0.2214443698165749,
183,-0.040129999999999985,0.061570000000000014,0.16560999999999998,Tesla,2018-05-19,,,103,0.06652372861766065,,,,,0.5471900000000001,-0.46494,,0.1876336203224004,
184,-0.224795,0.0,0.0,Airbus,2018-05-19,,,107,-0.07350834890965731,,,,,0.42582,-0.5341600000000001,,0.20565002042635327,
185,0.0,0.03612,0.1619,Allianz,2018-05-19,,,47,0.052916945288753806,,,,,0.54707,-0.64556,,0.2507472689708369,
186,-0.2138150000000001,-0.06370999999999999,0.0,Bayer,2018-05-19,,,1110,-0.08464451748176759,,,,,0.52265,-0.5259600000000001,,0.17910476418251406,
187,-0.1228,0.0,0.06202333333333334,Telefonica,2018-05-19,,,24,-0.011708273809523807,,,,,0.37976,-0.34614,,0.17507016450027305,
188,0.0,0.050570000000000025,0.22011000000000008,Google,2018-05-19,,,549,0.0924067134327927,,,,,0.7097,-0.5992333333333333,,0.1881667253939291,
189,0.0,0.05217,0.19470250000000008,Samsung,2018-05-19,,,246,0.07365222754548978,,,,,0.63266,-0.6166,,0.18809636909678884,
190,-0.07625,0.05267,0.240685,Allianz,2018-05-20,,,35,0.06728742857142855,,,,,0.57338,-0.5288600000000001,,0.25074227124729503,
191,-0.2516678571428572,0.033339999999999995,0.17329749999999994,Total,2018-05-20,0.0,0.0,20,-0.02856498214285715,0.0,0.0,0.0,0.0,-0.60018,0.416,0.0,0.2853101783490299,0.0
192,-0.03021,0.0,0.12668,BMW,2018-05-20,,,13,0.009506923076923073,,,,,0.44138,-0.4054200000000001,,0.21577666093998726,
193,-0.056040000000000006,0.04082,0.255095,BASF,2018-05-20,,,14,0.044037857142857136,,,,,0.4386500000000001,-0.6270399999999999,,0.284335428734297,
194,-0.005584999999999999,0.04215,0.24491,Apple,2018-05-20,,,439,0.08794616399103297,,,,,0.7579,-0.66035,,0.22161458362592,
195,0.0,0.04404,0.1682375,Google,2018-05-20,,,612,0.08346386781564484,,,,,0.9555666666666666,-0.5479,,0.1811391818118284,
196,0.075955,0.12869000000000005,0.222105,Tesla,2018-05-20,,,59,0.15379319209039544,,,,,0.5630099999999999,-0.33852999999999994,,0.14791373946279188,
197,-0.0128,0.0,0.03849999999999999,Airbus,2018-05-20,,,53,-0.002011913746630723,,,,,0.30496999999999996,-0.41428000000000004,,0.14731295661233204,
198,-0.27118000000000003,-0.0932,0.012725,Bayer,2018-05-20,,,799,-0.10841878518783413,,,,,0.6137100000000001,-0.64874,,0.2264078352852197,
199,-0.08620499999999999,-0.030499999999999992,0.10245937500000002,Telefonica,2018-05-20,,,28,0.0013841567460317475,,,,,0.3529699999999999,-0.50564,,0.18392609022222656,
200,0.0,0.016765000000000002,0.1619425,Samsung,2018-05-20,,,118,0.07538937214151199,,,,,0.5549428571428571,-0.2806,,0.1538521286811621,
201,0.045730000000000014,0.16132999999999995,0.28424,Google,2018-05-21,0.0,0.0,1225,0.15401174016844832,0.0,0.0,0.0,0.0,-0.5480999999999999,0.8588,0.0,0.20381797706605348,0.0
202,-0.13698999999999995,0.037860000000000005,0.15650999999999998,Tesla,2018-05-21,0.0,0.0,361,0.03788292034911842,0.0,0.0,0.0,0.0,-0.4419857142857143,0.6393666666666667,0.0,0.1848531942958787,0.0
203,0.0056724999999999935,0.16875,0.3104325,Airbus,2018-05-21,0.0,0.0,66,0.16473338624338615,0.0,0.0,0.0,0.0,-0.34190000000000004,0.53387,0.0,0.2295387925537967,0.0
204,0.12843,0.250895,0.34767,Bayer,2018-05-21,0.0,0.0,238,0.2491249604841936,0.0,0.0,0.0,0.0,-0.2077,0.7135300000000001,0.0,0.1712482873900429,0.0
205,0.07597999999999999,0.16985,0.272675,BMW,2018-05-21,0.0,0.0,169,0.1622429226542688,0.0,0.0,0.0,0.0,-0.7964,0.62092,0.0,0.2126293423388586,0.0
206,0.11857000000000001,0.20084000000000002,0.3014,BASF,2018-05-21,0.0,0.0,103,0.2180650204191709,0.0,0.0,0.0,0.0,-0.08287,0.5315200000000001,0.0,0.12814385925775434,0.0
207,0.34843,0.41257,0.41753,Telefonica,2018-05-21,0.0,0.0,26,0.3616799816849816,0.0,0.0,0.0,0.0,0.051060000000000015,0.46055,0.0,0.09682422392498373,0.0
208,0.0351,0.17828,0.2780571428571429,Apple,2018-05-21,0.0,0.0,917,0.16677442345640542,0.0,0.0,0.0,0.0,-0.58245,0.69425,0.0,0.18426700151779107,0.0
209,0.0803,0.16778750000000006,0.25369,Allianz,2018-05-21,0.0,0.0,33,0.17854268518518518,0.0,0.0,0.0,0.0,-0.07537,0.53387,0.0,0.15759513168881573,0.0
210,-0.31759,-0.06919,0.11252999999999999,Total,2018-05-21,0.0,0.0,50,-0.08226683253968256,0.0,0.0,0.0,0.0,-0.6698,0.33499,0.0,0.2509629505953958,0.0
211,0.06364,0.153905,0.271969375,Samsung,2018-05-21,0.0,0.0,432,0.16928600198412713,0.0,0.0,0.0,0.0,-0.3973600000000001,0.7066,0.0,0.16484428588733654,0.0
212,-0.09284250000000002,0.0899611111111111,0.205415,BMW,2018-05-22,0.0,0.0,266,0.06567395139634805,0.0,0.0,0.0,0.0,-0.5707333333333333,0.7260099999999999,0.0,0.2328686700603453,0.0
213,0.028980000000000006,0.168675,0.27895000000000003,Google,2018-05-22,0.0,0.0,1524,0.15422950034891458,0.0,0.0,0.0,0.0,-0.6469699999999999,0.7506,0.0,0.20132048701255528,0.0
214,0.12513055555555555,0.22929000000000002,0.30589500000000003,Bayer,2018-05-22,0.0,0.0,267,0.2186125423577672,0.0,0.0,0.0,0.0,-0.3755,0.7121428571428572,0.0,0.16377179678332146,0.0
215,0.12937000000000004,0.16188000000000002,0.24892142857142854,Allianz,2018-05-22,0.0,0.0,34,0.20198917366946773,0.0,0.0,0.0,0.0,0.0,0.5504600000000001,0.0,0.15260434587023694,0.0
216,-0.01007,0.13016000000000005,0.28192,Airbus,2018-05-22,0.0,0.0,89,0.12017584002140184,0.0,0.0,0.0,0.0,-0.5621,0.64131,0.0,0.23797904396176794,0.0
217,-0.16512000000000002,-0.01822000000000001,0.09234000000000002,Total,2018-05-22,0.0,0.0,41,-0.02395271002710027,0.0,0.0,0.0,0.0,-0.41226,0.4593900000000001,0.0,0.20220391333448715,0.0
218,0.23970999999999998,0.23970999999999998,0.337965,Telefonica,2018-05-22,0.0,0.0,15,0.2676550476190476,0.0,0.0,0.0,0.0,-0.10261428571428574,0.63884,0.0,0.1727350993146387,0.0
219,0.06958999999999999,0.20413333333333336,0.31740071428571426,Apple,2018-05-22,0.0,0.0,995,0.19379180892558012,0.0,0.0,0.0,0.0,-0.765,0.9623,0.0,0.19573664701367116,0.0
220,-0.05874249999999999,0.08705,0.19632750000000002,Tesla,2018-05-22,0.0,0.0,408,0.08044589042561476,0.0,0.0,0.0,0.0,-0.45096,0.6588,0.0,0.1864281537212168,0.0
221,0.09941999999999998,0.20914000000000002,0.3285725,Samsung,2018-05-22,0.0,0.0,354,0.20560575520132746,0.0,0.0,0.0,0.0,-0.5477000000000002,0.8454200000000001,0.0,0.17416549583181445,0.0
222,0.15468750000000006,0.215295,0.291685,BASF,2018-05-22,0.0,0.0,132,0.247285244107744,0.0,0.0,0.0,0.0,-0.040119999999999996,0.90685,0.0,0.15516556433570572,0.0
223,0.08396500000000001,0.19397,0.290435,Samsung,2018-05-23,0.0,0.0,423,0.19000704960786505,0.0,0.0,0.0,0.0,-0.36611,0.9359999999999999,0.0,0.17002347230460665,0.0
224,-0.003262499999999999,0.12369000000000001,0.2358471428571429,BMW,2018-05-23,0.0,0.0,268,0.08878882447879645,0.0,0.0,0.0,0.0,-0.7850999999999999,0.72337,0.0,0.2511497165696365,0.0
225,0.1619575,0.29284,0.3747375,Bayer,2018-05-23,0.0,0.0,308,0.273856524685632,0.0,0.0,0.0,0.0,-0.14751000000000006,0.9786,0.0,0.16212242671439245,0.0
226,0.18010749999999998,0.26675,0.35202,BASF,2018-05-23,0.0,0.0,140,0.2682317928004537,0.0,0.0,0.0,0.0,-0.22564,0.7834,0.0,0.16470429690403035,0.0
227,-0.08451499999999999,-0.04276500000000001,0.160455,Total,2018-05-23,0.0,0.0,40,0.011060062500000007,0.0,0.0,0.0,0.0,-0.36249,0.4368,0.0,0.1977750270245951,0.0
228,0.02049,0.14277,0.26673,Airbus,2018-05-23,0.0,0.0,88,0.12421960137085138,0.0,0.0,0.0,0.0,-0.54486,0.54125,0.0,0.2193358420884543,0.0
229,-0.051702499999999985,0.05132571428571429,0.18291250000000006,Tesla,2018-05-23,0.0,0.0,314,0.061563227934485876,0.0,0.0,0.0,0.0,-0.4991714285714285,0.7745599999999999,0.0,0.19318171583283045,0.0
230,0.07400000000000001,0.17634,0.28757999999999995,Telefonica,2018-05-23,0.0,0.0,17,0.2181357843137255,0.0,0.0,0.0,0.0,0.0026600000000000013,0.6753,0.0,0.1989203361850103,0.0
231,0.0325,0.1588,0.27366999999999997,Google,2018-05-23,0.0,0.0,1385,0.1451803223597502,0.0,0.0,0.0,0.0,-0.5077499999999999,0.8082666666666666,0.0,0.19495028150744875,0.0
232,0.045620000000000015,0.15352000000000002,0.2780571428571429,Apple,2018-05-23,0.0,0.0,1120,0.1565608642290248,0.0,0.0,0.0,0.0,-0.5565899999999999,0.9520000000000001,0.0,0.1842361272585865,0.0
233,0.1383425,0.23525,0.36127,Allianz,2018-05-23,0.0,0.0,28,0.25869142857142857,0.0,0.0,0.0,0.0,0.008260000000000007,0.55099,0.0,0.16842508361427694,0.0
234,0.10517500000000002,0.19906,0.26280000000000003,Allianz,2018-05-24,0.0,0.0,43,0.18945635658914736,0.0,0.0,0.0,0.0,-0.15116666666666664,0.5138699999999999,0.0,0.1506835635468646,0.0
235,-0.1341575,0.0077749999999999955,0.1405825,Tesla,2018-05-24,0.0,0.0,260,0.014314869352869347,0.0,0.0,0.0,0.0,-0.6151,0.5495500000000001,0.0,0.19985782919023554,0.0
236,0.010830000000000006,0.14501666666666665,0.27158000000000004,Apple,2018-05-24,0.0,0.0,939,0.1384762952820457,0.0,0.0,0.0,0.0,-0.5912,0.7209699999999999,0.0,0.19088662435049905,0.0
237,0.04861,0.17134000000000002,0.28831999999999997,Samsung,2018-05-24,0.0,0.0,405,0.16067908641975315,0.0,0.0,0.0,0.0,-0.5463999999999999,0.67899,0.0,0.18970649803795275,0.0
238,0.03551,0.17634,0.322415,Telefonica,2018-05-24,0.0,0.0,19,0.1872039912280702,0.0,0.0,0.0,0.0,-0.18726,0.49278999999999995,0.0,0.17194408431899527,0.0
239,0.16927,0.2813,0.40098249999999996,Bayer,2018-05-24,0.0,0.0,266,0.2661482390500061,0.0,0.0,0.0,0.0,-0.2126125,0.6244099999999999,0.0,0.1824424095455611,0.0
240,0.01874,0.14465999999999998,0.27235,Google,2018-05-24,0.0,0.0,1457,0.1449189656665685,0.0,0.0,0.0,0.0,-0.6422399999999999,0.8383,0.0,0.19028862849184727,0.0
241,0.09793625,0.22872,0.30255000000000004,Airbus,2018-05-24,0.0,0.0,74,0.20529293329043333,0.0,0.0,0.0,0.0,-0.39778,0.66105,0.0,0.18054568773489035,0.0
242,0.11599000000000001,0.19881,0.29465,BASF,2018-05-24,0.0,0.0,155,0.20220183333333347,0.0,0.0,0.0,0.0,-0.7506,0.5810199999999999,0.0,0.15896722945369016,0.0
243,-0.00847999999999996,0.17289000000000004,0.19199000000000002,Total,2018-05-24,0.0,0.0,65,0.09397938461538452,0.0,0.0,0.0,0.0,-0.35784000000000005,0.37289,0.0,0.1516863501694875,0.0
244,-0.056500000000000015,0.06949999999999999,0.22112750000000006,BMW,2018-05-24,0.0,0.0,346,0.08467686668501699,0.0,0.0,0.0,0.0,-0.47536999999999996,0.79983,0.0,0.21495042950272955,0.0
245,0.19785,0.283515,0.3875575,Bayer,2018-05-25,0.0,0.0,340,0.2895838681139121,0.0,0.0,0.0,0.0,-0.2267,0.6779,0.0,0.16252556161801632,0.0
246,-0.023799999999999974,0.11795499999999999,0.27174750000000003,Apple,2018-05-25,0.0,0.0,1110,0.12301174542399515,0.0,0.0,0.0,0.0,-0.9595,0.9964,0.0,0.21158674770626512,0.0
247,-0.023799999999999974,0.11375999999999999,0.23959,Samsung,2018-05-25,0.0,0.0,521,0.12132268272248126,0.0,0.0,0.0,0.0,-0.47668,0.9964,0.0,0.21586065473139968,0.0
248,0.008000000000000007,0.17543999999999998,0.31679,Airbus,2018-05-25,0.0,0.0,53,0.1698408378256963,0.0,0.0,0.0,0.0,-0.20361,0.58117,0.0,0.2001110682229204,0.0
249,-0.010505000000000004,0.1247,0.27171999999999996,Google,2018-05-25,0.0,0.0,1427,0.1271777481340586,0.0,0.0,0.0,0.0,-0.9648,0.9503,0.0,0.2096279935386658,0.0
250,0.13803750000000006,0.25050999999999995,0.33534,BASF,2018-05-25,0.0,0.0,180,0.2527574146825393,0.0,0.0,0.0,0.0,-0.0060000000000000175,0.8071666666666667,0.0,0.1359257010556988,0.0
251,-0.1636175,-0.006224999999999998,0.0875725,Total,2018-05-25,0.0,0.0,22,-0.0377834090909091,0.0,0.0,0.0,0.0,-0.5208699999999999,0.418,0.0,0.2362335439942067,0.0
252,0.1771514285714286,0.23495000000000005,0.354895,Telefonica,2018-05-25,0.0,0.0,15,0.19650735714285714,0.0,0.0,0.0,0.0,-0.46745,0.3891999999999999,0.0,0.21812978638494526,0.0
253,0.085345,0.15850999999999998,0.3593449999999999,Allianz,2018-05-25,0.0,0.0,46,0.19491934782608694,0.0,0.0,0.0,0.0,-0.19691,0.48462,0.0,0.17984527611134304,0.0
254,-0.20167125,-0.012394999999999998,0.183425,Tesla,2018-05-25,0.0,0.0,276,0.010443580342765123,0.0,0.0,0.0,0.0,-0.6151,0.5725166666666667,0.0,0.229425100243946,0.0
255,-0.033212500000000006,0.12889499999999998,0.25651749999999995,BMW,2018-05-25,0.0,0.0,194,0.10394318933071507,0.0,0.0,0.0,0.0,-0.5661400000000001,0.5525200000000001,0.0,0.2375162962572089,0.0
256,0.034100000000000005,0.14923999999999998,0.29172000000000003,Samsung,2018-05-26,0.0,0.0,133,0.1939767463301108,0.0,0.0,0.0,0.0,-0.2619900000000001,0.9948,0.0,0.27001093456976866,0.0
257,0.01813333333333333,0.15181,0.2780571428571429,Google,2018-05-26,0.0,0.0,613,0.13763495358502284,0.0,0.0,0.0,0.0,-0.6235999999999999,0.7663500000000001,0.0,0.18923279602939955,0.0
258,0.29612000000000005,0.33542999999999995,0.41733,Telefonica,2018-05-26,0.0,0.0,5,0.36183200000000004,0.0,0.0,0.0,0.0,0.20576999999999998,0.5545100000000001,0.0,0.13188567026026746,0.0
259,0.107475,0.15734,0.26966,Allianz,2018-05-26,0.0,0.0,30,0.1976286666666667,0.0,0.0,0.0,0.0,-0.07182000000000001,0.60113,0.0,0.15754305838860935,0.0
260,-0.06594999999999998,0.09278,0.31911,BMW,2018-05-26,0.0,0.0,68,0.0827280561391223,0.0,0.0,0.0,0.0,-0.52098,0.49087,0.0,0.2682650094391184,0.0
261,0.12404000000000001,0.2615,0.36074375,Bayer,2018-05-26,0.0,0.0,403,0.2410492094017094,0.0,0.0,0.0,0.0,-0.37425,0.9976,0.0,0.20720742074181356,0.0
262,0.027962499999999998,0.167955,0.2780571428571429,Apple,2018-05-26,0.0,0.0,414,0.1533174784334023,0.0,0.0,0.0,0.0,-0.42583999999999994,0.9948,0.0,0.21913993341408586,0.0
263,-0.13845,0.010205,0.17509151785714286,Tesla,2018-05-26,0.0,0.0,94,0.029376623606889564,0.0,0.0,0.0,0.0,-0.27892,0.5855899999999999,0.0,0.20605872797247296,0.0
264,-0.01620750000000001,0.036805,0.2190575,Airbus,2018-05-26,0.0,0.0,22,0.09526621212121214,0.0,0.0,0.0,0.0,-0.25668,0.612,0.0,0.206225398035794,0.0
265,-0.07679499999999999,0.031942857142857134,0.12075000000000002,Total,2018-05-26,0.0,0.0,23,0.01406234472049689,0.0,0.0,0.0,0.0,-0.2241,0.25601,0.0,0.1296857947726963,0.0
266,0.21752,0.28959,0.41689,BASF,2018-05-26,0.0,0.0,33,0.30058909090909103,0.0,0.0,0.0,0.0,-0.018849999999999995,0.62436,0.0,0.1447135914134285,0.0
267,0.0051600000000000005,0.13568499999999994,0.27266,Google,2018-05-27,0.0,0.0,370,0.1279430130845131,0.0,0.0,0.0,0.0,-0.55629,0.5546800000000001,0.0,0.19345694375640488,0.0
268,-0.01625999999999999,0.11171111111111112,0.25805,Apple,2018-05-27,0.0,0.0,255,0.11203820385932152,0.0,0.0,0.0,0.0,-0.7243999999999999,0.8243111111111112,0.0,0.20206291819978486,0.0
269,-0.26747,-0.07474000000000001,0.09298,Total,2018-05-27,0.0,0.0,18,-0.07462944444444443,0.0,0.0,0.0,0.0,-0.30885,0.21087000000000006,0.0,0.18792081146596332,0.0
270,0.0621075,0.1723,0.27577749999999995,Samsung,2018-05-27,0.0,0.0,80,0.17422410863095233,0.0,0.0,0.0,0.0,-0.24061,0.7283111111111111,0.0,0.1695927538739335,0.0
271,-0.2254,0.1412,0.14701499999999998,BASF,2018-05-27,0.0,0.0,7,-0.019621428571428588,0.0,0.0,0.0,0.0,-0.3636,0.24182,0.0,0.2424999381050485,0.0
272,0.2811016666666667,0.40648333333333336,0.4802716666666666,Telefonica,2018-05-27,0.0,0.0,3,0.3720877777777778,0.0,0.0,0.0,0.0,0.15572000000000005,0.55406,0.0,0.20138515233621734,0.0
273,-0.050625,0.0922,0.25001999999999996,Tesla,2018-05-27,0.0,0.0,71,0.09385489827856024,0.0,0.0,0.0,0.0,-0.4697,0.6176200000000001,0.0,0.23513134358503765,0.0
274,-0.022040000000000004,0.21037000000000006,0.32623,Bayer,2018-05-27,0.0,0.0,232,0.17856064467022426,0.0,0.0,0.0,0.0,-0.56884,0.67197,0.0,0.22392803208932488,0.0
275,0.10311,0.16147999999999998,0.3513,Allianz,2018-05-27,0.0,0.0,29,0.22769103448275865,0.0,0.0,0.0,0.0,-0.0359,0.62556,0.0,0.18513157964278945,0.0
276,0.04137,0.20281,0.25402,Airbus,2018-05-27,0.0,0.0,21,0.1296239417989418,0.0,0.0,0.0,0.0,-0.32232000000000005,0.5776399999999999,0.0,0.2139423367751504,0.0
277,-0.006954999999999994,0.13887,0.2856238888888889,BMW,2018-05-27,0.0,0.0,71,0.10920804940755643,0.0,0.0,0.0,0.0,-0.5448000000000001,0.5283200000000001,0.0,0.2443591932802809,0.0
278,0.0002524999999999971,0.10237,0.2180825,Tesla,2018-05-28,0.0,0.0,96,0.10230017774470894,0.0,0.0,0.0,0.0,-0.27576,0.54972,0.0,0.1682671463470504,0.0
279,0.0327275,0.15568,0.29090249999999995,Google,2018-05-28,0.0,0.0,762,0.1554475932175143,0.0,0.0,0.0,0.0,-0.66032,0.7178599999999999,0.0,0.2040105877799525,0.0
280,0.07477142857142857,0.16582000000000002,0.31579,Airbus,2018-05-28,0.0,0.0,57,0.17763395781119462,0.0,0.0,0.0,0.0,-0.27662,0.5422300000000001,0.0,0.1762268616114115,0.0
281,0.03969000000000001,0.16801,0.28017000000000003,Apple,2018-05-28,0.0,0.0,469,0.16765118768402862,0.0,0.0,0.0,0.0,-0.4506600000000001,0.9924,0.0,0.22502396927352827,0.0
282,-0.23774499999999998,-0.17392000000000002,0.05251,Total,2018-05-28,0.0,0.0,23,-0.10945217391304353,0.0,0.0,0.0,0.0,-0.52684,0.24178,0.0,0.20037493299395515,0.0
283,0.1217825,0.23694,0.376365,Bayer,2018-05-28,0.0,0.0,132,0.24465375210437715,0.0,0.0,0.0,0.0,-0.3934000000000001,0.7272500000000001,0.0,0.22300193915069114,0.0
284,0.13204000000000002,0.21665,0.29112999999999994,BASF,2018-05-28,0.0,0.0,123,0.21413299909665776,0.0,0.0,0.0,0.0,-0.22743,0.5560700000000001,0.0,0.14042560415791508,0.0
285,0.025242499999999998,0.15233166666666667,0.3013825,BMW,2018-05-28,0.0,0.0,96,0.1470940678736773,0.0,0.0,0.0,0.0,-0.37143000000000004,0.6143799999999999,0.0,0.2217652663732442,0.0
286,0.12547000000000005,0.27162,0.34857,Allianz,2018-05-28,0.0,0.0,33,0.21817757575757574,0.0,0.0,0.0,0.0,-0.26903,0.5865500000000001,0.0,0.21275811619404653,0.0
287,0.18227000000000002,0.2058,0.29437,Telefonica,2018-05-28,0.0,0.0,9,0.2659474074074075,0.0,0.0,0.0,0.0,0.0832,0.62938,0.0,0.17316675646274365,0.0
288,0.053292500000000013,0.16350499999999998,0.3101,Samsung,2018-05-28,0.0,0.0,220,0.193939404040404,0.0,0.0,0.0,0.0,-0.57925,0.9924,0.0,0.25611402585091464,0.0
289,-0.26364000000000004,-0.08177999999999999,-0.020080000000000004,Total,2018-05-29,0.0,0.0,19,-0.12288473684210532,0.0,0.0,0.0,0.0,-0.5229199999999999,0.28935000000000005,0.0,0.21915388336276967,0.0
290,0.0734525,0.178225,0.3923283333333333,Allianz,2018-05-29,0.0,0.0,38,0.2026001900584796,0.0,0.0,0.0,0.0,-0.2935,0.7097,0.0,0.2338638070543507,0.0
291,0.19405,0.2615500000000001,0.3543,BASF,2018-05-29,0.0,0.0,179,0.2631398585616741,0.0,0.0,0.0,0.0,-0.19806,0.59736,0.0,0.13880225111811234,0.0
292,0.0021299999999999986,0.12657000000000002,0.2780571428571429,Google,2018-05-29,0.0,0.0,1215,0.1213540445162974,0.0,0.0,0.0,0.0,-0.6215499999999999,0.7097,0.0,0.22316160217342446,0.0
293,0.05886,0.16755499999999998,0.30073875,Apple,2018-05-29,0.0,0.0,948,0.1808883867875556,0.0,0.0,0.0,0.0,-0.49215,0.9931,0.0,0.21186642217779145,0.0
294,0.4042049999999999,0.4321142857142857,0.5011233333333334,Telefonica,2018-05-29,0.0,0.0,7,0.3665844217687075,0.0,0.0,0.0,0.0,-0.30601999999999996,0.62934,0.0,0.3082978934438957,0.0
295,0.08785,0.21622,0.35485500000000003,Samsung,2018-05-29,0.0,0.0,347,0.2406858363066645,0.0,0.0,0.0,0.0,-0.36656,0.9931,0.0,0.22671933832369004,0.0
296,-0.06631999999999999,0.1369,0.30004125000000004,BMW,2018-05-29,0.0,0.0,159,0.10868124737945498,0.0,0.0,0.0,0.0,-0.5193125,0.6346799999999999,0.0,0.25018352372760216,0.0
297,-0.16387428571428575,0.06917999999999999,0.16129749999999998,Tesla,2018-05-29,0.0,0.0,166,0.05451789563013964,0.0,0.0,0.0,0.0,-0.32883333333333337,0.7973899999999999,0.0,0.2401470572089772,0.0
298,0.06217999999999999,0.17407999999999998,0.35570499999999994,Airbus,2018-05-29,0.0,0.0,99,0.19079478234728228,0.0,0.0,0.0,0.0,-0.64645,0.57781,0.0,0.2334383200014405,0.0
299,0.10897000000000004,0.25528,0.36108,Bayer,2018-05-29,0.0,0.0,94,0.2511936330631544,0.0,0.0,0.0,0.0,-0.07911666666666667,0.7483666666666666,0.0,0.1669721583235707,0.0
300,0.10043625,0.211945,0.3221175,Apple,2018-05-30,0.0,0.0,1272,0.20214044717729865,0.0,0.0,0.0,0.0,-0.46804,0.986,0.0,0.1843642134085998,0.0
301,-0.047013750000000014,0.10085,0.2687294444444444,Tesla,2018-05-30,0.0,0.0,219,0.1049461475320722,0.0,0.0,0.0,0.0,-0.4048,0.6139666666666667,0.0,0.20965141943950766,0.0
302,0.013602500000000005,0.08757999999999999,0.17844249999999998,Airbus,2018-05-30,0.0,0.0,146,0.08435131332898459,0.0,0.0,0.0,0.0,-0.24084,0.4962285714285714,0.0,0.15529497295050942,0.0
303,0.11903333333333335,0.23577000000000006,0.32792,Bayer,2018-05-30,0.0,0.0,129,0.22468131444567488,0.0,0.0,0.0,0.0,-0.16705,0.549375,0.0,0.15453136372220788,0.0
304,0.10956000000000002,0.21834000000000006,0.31963,Samsung,2018-05-30,0.0,0.0,345,0.21374377616747184,0.0,0.0,0.0,0.0,-0.48237,0.986,0.0,0.1826260877387594,0.0
305,0.054982500000000004,0.17268,0.3022925,Allianz,2018-05-30,0.0,0.0,22,0.2077900505050505,0.0,0.0,0.0,0.0,-0.037580000000000016,0.618411111111111,0.0,0.1836310196186736,0.0
306,0.15353499999999998,0.23867777777777774,0.35618000000000005,BASF,2018-05-30,0.0,0.0,95,0.239511894736842,0.0,0.0,0.0,0.0,-0.2265,0.6197222222222223,0.0,0.1530950150799814,0.0
307,0.019399999999999997,0.154,0.2554777777777778,BMW,2018-05-30,0.0,0.0,121,0.11268053719008267,0.0,0.0,0.0,0.0,-0.59959,0.4661555555555556,0.0,0.22302109705749204,0.0
308,0.24209714285714284,0.29191,0.3645000000000001,Telefonica,2018-05-30,0.0,0.0,11,0.29768896103896103,0.0,0.0,0.0,0.0,0.1482142857142857,0.46261,0.0,0.0976809231434652,0.0
309,0.07195,0.18458,0.29886,Google,2018-05-30,0.0,0.0,1447,0.17458692823685548,0.0,0.0,0.0,0.0,-0.5423899999999999,0.7773,0.0,0.1946001867880596,0.0
310,-0.40876,-0.21066999999999997,0.04558000000000001,Total,2018-05-30,0.0,0.0,81,-0.19107448559670775,0.0,0.0,0.0,0.0,-0.7109399999999999,0.3883200000000001,0.0,0.2716810915421213,0.0
