,Timestamp,ID,articleCount,avgSentiment,stdSentiment,25quantileSentiment,50quantileSentiment,75quantileSentiment,maxSentiment,minSentiment,socialScore,nbOfDuplicates
0,2017-11-02,Samsung,50,0.2018870412698412,0.16226107614810936,0.09902,0.19683,0.30919375,-0.3415,0.75031,1817,5
1,2017-11-03,Samsung,50,0.17431884761904762,0.1489114627481554,0.11681249999999999,0.1626,0.24671500000000005,-0.25305999999999995,0.5859,400,1
2,2017-11-06,Samsung,50,0.11515166428571427,0.17583622373798308,-0.02392500000000001,0.10502875,0.2264375,-0.51319,0.44161,722,7
3,2017-11-07,Samsung,50,0.17302120396825402,0.21444330362314656,0.06492142857142857,0.20232,0.31067750000000005,-0.4132,0.5667899999999999,286,0
4,2017-11-08,Samsung,50,0.06334215,0.21257763956752496,-0.14994999999999997,0.08079444444444445,0.18652999999999997,-0.17572000000000002,0.59986,1736,10
5,2017-11-09,Samsung,50,0.19385399365079364,0.16318287528600167,0.0901517857142857,0.176435,0.2906525,-0.3932555555555555,0.50028,6470,0
6,2017-11-10,Samsung,50,0.12706758888888892,0.16370526177232617,0.04926250000000001,0.15494388888888888,0.2205258333333333,-0.377275,0.43213,4628,1
7,2017-11-13,Samsung,50,0.16239975793650796,0.18591324986821742,0.0794325,0.173305,0.2911925,-0.22054999999999997,0.6247,3374,4
8,2017-11-14,Samsung,50,0.09189915476190474,0.20752682217019305,-0.021320000000000016,-0.021320000000000016,0.1750525,-0.3735,0.7426600000000001,4143,19
9,2017-11-15,Samsung,50,0.2644354777777778,0.1666000949424953,0.1539357142857143,0.280435,0.3720475,-0.17837,0.64677,5316,2
10,2017-11-16,Samsung,50,0.2333310515873016,0.13347366308416064,0.1473675,0.24588,0.3148375,-0.09139000000000003,0.5201300000000001,5764,1
11,2017-11-17,Samsung,50,0.21365800079365083,0.1821473545840583,0.14787250000000002,0.22821375,0.3059575,-0.29894,0.6307,3379,2
12,2017-11-20,Samsung,50,0.2257687071428571,0.13059899655402346,0.11693,0.20687,0.3113841666666667,0.010320000000000001,0.5283800000000001,1530,9
13,2017-11-21,Samsung,50,0.14521672142857148,0.16734936518063415,-0.015525000000000002,0.13280999999999998,0.24598750000000003,-0.16047000000000003,0.55769,5330,9
14,2017-11-22,Samsung,50,0.19518962222222225,0.14653262810841236,0.11254249999999999,0.17354,0.287625,-0.27035,0.5478666666666666,3198,4
15,2017-11-23,Samsung,50,0.25559080396825384,0.1191736912059021,0.18760000000000002,0.3012,0.3012,-0.07384000000000003,0.5329400000000001,2939,19
16,2017-11-24,Samsung,50,0.22554149047619046,0.14538020059299103,0.10580500000000002,0.19086,0.3582875000000001,-0.02039,0.4965,10875,5
17,2017-11-27,Samsung,50,0.1787262968253968,0.15812527930816955,0.08325277777777777,0.17975000000000002,0.30203,-0.12223333333333335,0.5146999999999999,3986,0
18,2017-11-28,Samsung,50,0.17006970317460315,0.1314830643141962,0.10258875,0.171755,0.24384750000000002,-0.20767142857142856,0.56176,5696,0
19,2017-11-29,Samsung,50,0.19010395,0.18915913639824833,0.0848875,0.17779000000000003,0.252435,-0.20156999999999997,0.6810999999999999,1143,4
20,2017-11-30,Samsung,50,0.015724016666666684,0.2453688753759922,-0.18769249999999998,0.0010500000000000119,0.1619675,-0.7033699999999999,0.69865,2378,17
21,2017-12-01,Samsung,50,0.22892030238095223,0.14877698328384087,0.14122,0.25683500000000004,0.328315625,-0.1846,0.46854000000000007,3920,5
22,2017-12-04,Samsung,50,0.13490841111111118,0.14315635655056838,0.05411999999999999,0.159555,0.22717500000000004,-0.27552,0.51525,5601,7
23,2017-12-05,Samsung,50,0.20225762777777778,0.14004183150898092,0.10796250000000002,0.207135,0.27229500000000006,-0.05436,0.51988,9724,1
24,2017-12-06,Samsung,50,0.23278600000000005,0.18154149176116008,0.127975,0.22897499999999998,0.35304750000000007,-0.31717000000000006,0.5989,4248,3
25,2017-12-07,Samsung,50,0.18507707460317466,0.14638465496412847,0.08796785714285715,0.16599166666666668,0.25822249999999997,-0.10112000000000003,0.4765833333333333,5495,2
26,2017-12-08,Samsung,50,0.1860709000000001,0.134208405153197,0.11947944444444447,0.1902,0.27631,-0.25954,0.44704000000000005,3080,2
27,2017-12-11,Samsung,50,0.2067386404761905,0.1992424339224255,0.0724138392857143,0.19318999999999997,0.3343900000000001,-0.34967,0.60797,7203,1
28,2017-12-12,Samsung,50,0.16083936666666662,0.139453329678256,0.0827575,0.1726522222222222,0.24615000000000004,-0.28514,0.42642500000000005,6236,3
29,2017-12-13,Samsung,50,0.17842792857142858,0.1579629330238185,0.0995675,0.16612499999999997,0.2784,-0.1299,0.6491333333333333,2577,2
30,2017-12-14,Samsung,50,0.18377998333333342,0.1390445604931562,0.11897250000000001,0.15409499999999998,0.28341,-0.22913999999999998,0.5343800000000001,5922,0
31,2017-12-15,Samsung,50,0.19130610634920628,0.1479273781075584,0.09899,0.20036000000000004,0.26954249999999996,-0.19452,0.6442125,7541,1
32,2017-12-18,Samsung,50,0.18891307222222214,0.14862865812898352,0.081725,0.15855249999999999,0.277255,-0.09673000000000001,0.63759,7313,1
33,2017-12-19,Samsung,50,0.1544771611111111,0.14847395768350033,0.0816075,0.16008,0.24201250000000002,-0.17980000000000002,0.486325,5171,2
34,2017-12-20,Samsung,50,0.2043235349206349,0.17007569711242104,0.0582225,0.20163999999999999,0.3087533333333334,-0.07785,0.67472,10780,0
35,2017-12-21,Samsung,50,0.16115740952380952,0.15388456574964215,0.05522250000000001,0.226555,0.22722000000000003,-0.26399999999999996,0.45805999999999997,5335,2
36,2017-12-22,Samsung,50,0.14317831269841272,0.18820707140038634,0.042820000000000004,0.150275,0.24838500000000002,-0.4063,0.6170899999999999,6037,4
37,2017-12-25,Samsung,50,0.17699546190476187,0.19173569105765398,0.07155249999999999,0.17329,0.30021749999999997,-0.32725,0.61464,2826,3
38,2017-12-26,Samsung,50,0.09033802380952384,0.21021210468069662,-0.031234999999999992,0.059140000000000005,0.21960821428571423,-0.50334,0.48290999999999995,4233,5
39,2017-12-27,Samsung,50,0.07843247222222219,0.20283916098500632,-0.08884250000000002,0.135055,0.20536999999999994,-0.30547,0.49354999999999993,3947,4
40,2017-12-28,Samsung,50,0.1752160246031746,0.2343062599437599,0.022747499999999997,0.14515,0.33762250000000005,-0.54107,0.7552099999999999,6563,3
41,2017-12-29,Samsung,50,0.13766415476190474,0.16230998726349274,0.040035,0.11441499999999999,0.24652250000000003,-0.21932000000000001,0.5575,6544,4
42,2018-01-01,Samsung,50,0.13006731666666665,0.16669354637132963,0.0013575000000000004,0.11961000000000001,0.20431499999999997,-0.1783,0.64242,6471,2
43,2018-01-02,Samsung,50,0.17913765476190477,0.18026990037182578,0.07807777777777777,0.190145,0.2688825,-0.20697000000000002,0.5309,5528,1
44,2018-01-03,Samsung,50,0.12334073730158726,0.18660135560014998,0.022535,0.10666,0.24685250000000003,-0.49123,0.5976100000000001,5886,2
45,2018-01-04,Samsung,50,0.20469695317460324,0.16272601749864118,0.10662250000000001,0.19278,0.29277250000000005,-0.2648400000000001,0.53826,3910,1
46,2018-01-05,Samsung,50,0.17635608968253969,0.1631371818105355,0.0940775,0.21881499999999998,0.26850999999999997,-0.28135,0.5313399999999999,1972,6
47,2018-01-08,Samsung,50,0.22508200000000003,0.18080372727330143,0.06425249999999999,0.17616499999999996,0.38038,-0.12546000000000004,0.6354199999999999,1275,32
48,2018-01-09,Samsung,50,0.1794187388888889,0.17362779653063598,0.06785,0.17729999999999999,0.2827025,-0.2405375,0.5889,2543,0
49,2018-01-10,Samsung,50,0.12886950476190479,0.12771899021470834,0.04328,0.11442000000000001,0.2346975,-0.20521000000000003,0.42046,2883,4
50,2017-11-02,BASF,43,0.1695499833887043,0.2822104520986209,-0.010880000000000003,0.17135000000000003,0.3507766666666667,-0.4147799999999999,0.57491,1258,3
51,2017-11-03,BASF,27,0.060908888888888894,0.27536146644118714,-0.0601475,0.10511000000000001,0.18510500000000002,-0.45614999999999994,0.5415599999999999,44,2
52,2017-11-06,BASF,24,0.21482715277777778,0.193737626475553,0.16046597222222223,0.27535999999999994,0.30954000000000004,-0.37367,0.47436666666666666,23,2
53,2017-11-07,BASF,29,0.22002189655172416,0.12646877493231984,0.12061999999999999,0.22097000000000003,0.30853,0.0037300000000000054,0.50715,17,1
54,2017-11-08,BASF,42,0.008558730158730075,0.3392027666027754,-0.34764000000000006,0.066915,0.26317999999999997,-0.34764000000000006,0.9826,558,19
55,2017-11-09,BASF,45,0.007200871252204583,0.2942018490761729,-0.27842,0.04282,0.22298,-0.34764000000000006,0.5550111111111111,8734,3
56,2017-11-10,BASF,25,0.11025582857142856,0.22160951325424255,0.004599999999999998,0.17482,0.31327,-0.28247999999999995,0.38199,10228,1
57,2017-11-13,BASF,18,0.23649701058201059,0.1696868854207311,0.1414725,0.221595,0.38446,-0.055869999999999996,0.50993,648,0
58,2017-11-14,BASF,21,0.2250283333333333,0.14878369564012495,0.14421,0.20688,0.32554999999999995,-0.016789999999999992,0.57298,628,1
59,2017-11-15,BASF,40,0.2736735,0.13053155432544036,0.202725,0.27642500000000003,0.35164500000000004,0.00344000000000001,0.5539999999999999,853,2
60,2017-11-16,BASF,27,0.2295713065843622,0.14035481577891337,0.159135,0.23239,0.3162338888888889,-0.22474000000000002,0.50919,1067,1
61,2017-11-17,BASF,32,0.09357546875000002,0.2855295551346977,-0.18412499999999993,0.154635,0.26511250000000003,-0.40631000000000006,0.50919,209,5
62,2017-11-20,BASF,24,0.17819479166666666,0.18866436927424945,0.12552750000000001,0.223805,0.28986499999999993,-0.31612000000000007,0.48952,76,1
63,2017-11-21,BASF,39,0.2935179487179487,0.2296309575702476,0.12919,0.27335000000000004,0.5130549999999999,-0.20363999999999996,0.6357899999999999,57,1
64,2017-11-22,BASF,20,0.25947171428571425,0.1461103942568883,0.15909,0.26336000000000004,0.3547125,-0.0063300000000000075,0.5519142857142857,360,0
65,2017-11-23,BASF,22,0.1989187878787879,0.17205021565959663,0.15347083333333333,0.24149,0.31627,-0.25605999999999995,0.41641000000000006,264,0
66,2017-11-24,BASF,23,0.22609217391304345,0.1450813892568432,0.12298500000000001,0.25437,0.28692000000000006,-0.013769999999999994,0.55381,42,1
67,2017-11-27,BASF,21,0.16876640211640212,0.17388080788496754,0.03052,0.22013000000000002,0.27417,-0.20820999999999995,0.49137000000000003,7551,1
68,2017-11-28,BASF,13,0.24943692307692308,0.26356544536365833,0.06688000000000001,0.24139,0.34593999999999997,-0.16182,0.6972799999999999,245,0
69,2017-11-29,BASF,34,0.10535345588235294,0.21434406219290061,0.0326625,0.117625,0.23483,-0.52639,0.44291,1159,3
70,2017-11-30,BASF,27,0.2877167930629041,0.1864799043401243,0.20844000000000001,0.24894999999999995,0.40315944444444446,-0.3064,0.588,12,3
71,2017-12-01,BASF,37,0.17711905405405404,0.1627284054609766,0.07226999999999999,0.21710000000000002,0.28653000000000006,-0.35789,0.40386,398,2
72,2017-12-04,BASF,20,0.2865904285714285,0.21923104385490205,0.13358821428571427,0.31620500000000007,0.408085,-0.10115,0.702,1155,2
73,2017-12-05,BASF,46,0.17007195652173915,0.2470820722631748,0.1330575,0.217465,0.30624,-0.6378,0.5652200000000001,742,4
74,2017-12-06,BASF,26,0.20624721153846146,0.18424079841925206,0.1419475,0.24712,0.33897249999999995,-0.30161000000000004,0.41618000000000005,1364,0
75,2017-12-07,BASF,46,0.24666818840579727,0.279876720572422,0.0579275,0.28995000000000004,0.42487,-0.29035,0.9567,1862,5
76,2017-12-08,BASF,50,-0.03691513333333333,0.26609193156261923,-0.19353499999999998,-0.013640000000000005,0.11799000000000001,-0.6553800000000001,0.6536299999999999,9235,3
77,2017-12-11,BASF,50,0.1372347,0.15657847460165664,0.03948000000000001,0.11500999999999999,0.23225500000000002,-0.16040000000000001,0.45952499999999996,6409,9
78,2017-12-12,BASF,47,-0.030772765957446824,0.3196842966910931,-0.35042999999999996,0.0,0.17646499999999998,-0.35042999999999996,0.6368799999999999,576,25
79,2017-12-13,BASF,50,0.0694182523809524,0.28752011785505727,-0.20045000000000002,0.15664500000000003,0.25323,-0.4553900000000001,0.5138285714285714,99,6
80,2017-12-14,BASF,35,0.16657428571428579,0.14057277102846713,0.020079999999999987,0.17574,0.275725,-0.02068000000000002,0.53349,63,5
81,2017-12-15,BASF,38,0.17403315789473686,0.23420857660667455,0.10922000000000001,0.18930999999999998,0.33381250000000007,-0.32502,0.5854333333333334,218,7
82,2017-12-18,BASF,50,0.23983580000000007,0.059063340855562925,0.23803000000000002,0.23803000000000002,0.23803000000000002,0.012099999999999994,0.39266999999999996,56,3
83,2017-12-19,BASF,25,0.20176039999999998,0.12345052117751469,0.15136,0.23696,0.25799,-0.09118,0.38318,172,1
84,2017-12-20,BASF,23,0.2000714975845411,0.09805881901091135,0.13377,0.19792,0.24025555555555556,0.07369,0.43972000000000006,69,1
85,2017-12-21,BASF,28,0.21718821428571425,0.20152083186229383,0.149195,0.27925999999999995,0.383985,-0.26496000000000003,0.45230999999999993,2474,1
86,2017-12-22,BASF,10,0.12950866666666666,0.2609815446490564,0.06353249999999999,0.19914000000000004,0.25031499999999995,-0.43862999999999996,0.5203,59,0
87,2017-12-25,BASF,2,0.23212500000000003,0.03782314172566843,0.21875250000000004,0.23212500000000003,0.24549750000000004,0.20538000000000003,0.25887000000000004,0,0
88,2017-12-26,BASF,15,0.02629533333333337,0.36065644273159675,-0.4584599999999999,0.23256000000000002,0.23529500000000003,-0.4584599999999999,0.46494,0,4
89,2017-12-27,BASF,21,0.2615917857142857,0.1286278774875971,0.1376,0.29269,0.34687,0.0377875,0.43705,134,0
90,2017-12-28,BASF,21,0.26015190476190475,0.12748317393362338,0.18956999999999996,0.22098,0.31012,0.007490000000000013,0.5478299999999999,38,0
91,2017-12-29,BASF,21,0.16925523809523813,0.11114764503213946,0.11108,0.1955,0.23557999999999998,-0.04158000000000001,0.38994,102,0
92,2018-01-01,BASF,11,0.2757509090909091,0.22247973294008364,0.19418000000000002,0.35657,0.39466,-0.09445999999999999,0.5651700000000001,51,1
93,2018-01-02,BASF,19,0.24327969298245614,0.1888345659061328,0.10876000000000001,0.24420999999999998,0.31557999999999997,-0.039725,0.599,1931,1
94,2018-01-03,BASF,18,0.3040131635802469,0.1297367115908087,0.207821875,0.2842199999999999,0.3818883333333333,0.12906,0.5451699999999999,74,2
95,2018-01-04,BASF,30,0.23760270238095244,0.1907396917021525,0.13384000000000001,0.2638484126984127,0.3685,-0.19114000000000003,0.5296700000000001,14,1
96,2018-01-05,BASF,30,0.24668966666666664,0.1367978795329542,0.18646,0.29172000000000003,0.35102,-0.04414,0.5296700000000001,555,1
97,2018-01-08,BASF,18,0.2270402777777778,0.16791749061467678,0.08869000000000002,0.21259,0.370305,-0.04182,0.5528200000000001,35,1
98,2018-01-09,BASF,28,0.24796321428571422,0.17902003864772753,0.11760000000000004,0.27881,0.3458825,-0.20929999999999999,0.6502900000000001,13,0
99,2018-01-10,BASF,31,0.28192860215053767,0.14581397032031423,0.182705,0.27315,0.38277,0.004599999999999998,0.59113,123,0
100,2017-11-02,Apple,50,0.16887129523809527,0.17575282836351033,0.07670500000000002,0.20410857142857142,0.2608925000000001,-0.33371,0.50641,1040,18
101,2017-11-03,Apple,50,0.1103712,0.18622879661894556,0.052199999999999996,0.15386,0.19879083333333328,-0.5116400000000001,0.43961000000000006,344,1
102,2017-11-06,Apple,50,0.16305938174603182,0.14030961766608976,0.09763937500000001,0.18751,0.24979083333333332,-0.23502,0.43474444444444443,302,6
103,2017-11-07,Apple,50,0.05439391746031748,0.23600152517991707,-0.0671825,0.11201999999999998,0.17024250000000002,-0.57218,0.55575,323,20
104,2017-11-08,Apple,50,0.17888027936507936,0.1847255739700754,0.09878166666666666,0.175365,0.28372,-0.1606,0.5972999999999999,2733,4
105,2017-11-09,Apple,50,0.0987966,0.1456063823395115,-0.0150875,0.06636500000000001,0.19197,-0.21935000000000002,0.46635,3540,8
106,2017-11-10,Apple,50,0.0927878777777778,0.17723191981434805,-0.0095275,0.03966,0.225915,-0.29186666666666666,0.49813999999999997,10568,3
107,2017-11-13,Apple,50,0.14630255555555557,0.14405591156982644,0.03955,0.13919,0.23974,-0.2023,0.40883,8454,2
108,2017-11-14,Apple,50,0.1831564007936508,0.19516834306557815,0.06339375000000001,0.232535,0.311725,-0.43288000000000004,0.55916,33904,3
109,2017-11-15,Apple,50,0.09180540555555558,0.21086225638426648,-0.06537,0.09895499999999999,0.21811000000000003,-0.47811000000000003,0.5406000000000001,4253,4
110,2017-11-16,Apple,50,0.12767101666666666,0.13559048170451748,0.029080000000000005,0.10903000000000002,0.23026000000000002,-0.08570000000000001,0.41849,10968,0
111,2017-11-17,Apple,50,0.1921218888888889,0.20532979756233885,0.12395499999999998,0.20661374999999998,0.299858125,-0.4939,0.61557,5519,8
112,2017-11-20,Apple,50,0.10768664523809521,0.2103323170632758,0.0332075,0.11693,0.2486025,-0.37307,0.6363375,2544,7
113,2017-11-21,Apple,50,0.15509934444444443,0.22495749747343344,-0.03218000000000001,0.18446999999999997,0.30384750000000005,-0.4939,0.61023,3441,6
114,2017-11-22,Apple,50,0.11511715238095233,0.24079935412525025,0.04206107142857143,0.12951000000000001,0.2456225,-0.6486,0.5695,2814,2
115,2017-11-23,Apple,50,0.20434135,0.18662652461561993,0.1653075,0.28037,0.299996875,-0.4939,0.5329400000000001,3528,21
116,2017-11-24,Apple,50,0.18409994444444444,0.16457263935145494,0.08837249999999999,0.182865,0.29194000000000003,-0.32687999999999995,0.4767,6978,5
117,2017-11-27,Apple,50,0.1803634666666667,0.19472569132631512,0.06611750000000001,0.20304500000000003,0.297775,-0.39214000000000004,0.5821571428571428,4818,1
118,2017-11-28,Apple,50,0.09078232857142854,0.16932414035926271,-0.03724285714285713,0.08639999999999999,0.1737725,-0.30646000000000007,0.49696999999999997,42279,11
119,2017-11-29,Apple,50,0.13364034682539677,0.1694458414829911,0.037171666666666665,0.16049999999999998,0.2351,-0.26895714285714284,0.48685,1694,10
120,2017-11-30,Apple,50,0.12890063333333335,0.2525870370672889,-0.04407499999999998,0.14851999999999999,0.3190575,-0.404975,0.68971,2520,12
121,2017-12-01,Apple,50,0.14845036666666667,0.2047365817634074,0.029890000000000007,0.14251,0.2471375,-0.4707666666666667,0.7147400000000002,22598,6
122,2017-12-04,Apple,50,0.1508561666666667,0.18234373175532848,0.03262250000000001,0.17392999999999997,0.2671875,-0.43782999999999994,0.5864199999999999,6976,2
123,2017-12-05,Apple,50,0.06648276507936508,0.17150061174302209,-0.06879000000000005,0.029195,0.1378888888888889,-0.22940999999999998,0.46487500000000004,3950,9
124,2017-12-06,Apple,50,0.203801580952381,0.191521372185018,0.059725,0.20178000000000001,0.33884500000000006,-0.19598,0.56307,3553,3
125,2017-12-07,Apple,50,0.17052867380952383,0.17077927331589293,0.07081000000000001,0.16571000000000002,0.2338725,-0.22554,0.57099,8887,0
126,2017-12-08,Apple,50,0.15310465952380953,0.15781632774770507,0.10214125000000002,0.162655,0.23070590277777778,-0.45145,0.44094999999999995,5146,4
127,2017-12-11,Apple,50,0.17064582222222216,0.15322329526485062,0.07036250000000001,0.21257000000000004,0.25015,-0.33909,0.46629,10335,4
128,2017-12-12,Apple,50,0.1538284888888889,0.25448223274455445,0.012452499999999997,0.19979000000000002,0.27172,-0.6723399999999999,0.6058500000000001,3795,4
129,2017-12-13,Apple,50,0.16301658333333335,0.17965478926519407,0.032529999999999996,0.16615833333333335,0.29417499999999996,-0.22519,0.53569,13599,6
130,2017-12-14,Apple,50,0.16045576190476196,0.14621786147682928,0.09247464285714284,0.18538,0.2259175,-0.33301000000000003,0.44554,3511,1
131,2017-12-15,Apple,50,0.06977803095238096,0.17061742200141752,-0.08293642857142858,0.07363,0.17037749999999996,-0.3723666666666667,0.4762,6629,50
132,2017-12-18,Apple,50,0.14925746666666673,0.18296816773013153,0.012727500000000004,0.15865,0.27644749999999996,-0.29888,0.5206000000000001,28154,5
133,2017-12-19,Apple,50,0.13158888650793654,0.19632333358794263,0.014747500000000004,0.136135,0.2826,-0.43947,0.5536833333333333,10262,3
134,2017-12-20,Apple,50,0.14663252936507934,0.12612729881004414,0.09658500000000002,0.17677500000000002,0.22843,-0.19385999999999998,0.37363,269582,13
135,2017-12-21,Apple,50,0.0853209912698413,0.20079812028050237,-0.060595,0.066105,0.23032250000000004,-0.34808000000000006,0.62661,4681,7
136,2017-12-22,Apple,50,0.04169442857142856,0.16081950263195618,-0.04288375000000001,-0.026716666666666666,0.19417500000000001,-0.21799999999999997,0.33393999999999996,4853,18
137,2017-12-25,Apple,50,0.12276035476190474,0.1671326775692833,0.02104750000000001,0.14779,0.22293,-0.36455,0.48078000000000004,402992,2
138,2017-12-26,Apple,50,0.07836305714285714,0.22439726267422067,-0.06504750000000001,0.040380000000000006,0.20064250000000003,-0.3137571428571429,0.67591,15854,23
139,2017-12-27,Apple,50,0.10669059761904766,0.19704495625317497,-0.04107000000000002,0.063695,0.24985999999999997,-0.30554,0.6101300000000001,7708,4
140,2017-12-28,Apple,50,0.02419185714285714,0.13309311092438642,-0.07009571428571429,-0.00017999999999999128,0.11358249999999999,-0.18788,0.35455999999999993,19244,7
141,2017-12-29,Apple,50,0.121589169047619,0.17228666510134988,-0.00013499999999999347,0.11582999999999999,0.24865000000000004,-0.21932000000000001,0.54964,3047,2
142,2018-01-01,Apple,50,0.10110015476190473,0.17693007131718583,0.007734999999999998,0.09098928571428572,0.18616499999999997,-0.29927000000000004,0.54398,3240,3
143,2018-01-02,Apple,50,0.15089786111111114,0.15689032264714184,0.02877499999999999,0.14445999999999998,0.2835932142857143,-0.18480000000000002,0.4531,41602,3
144,2018-01-03,Apple,50,0.04799768333333332,0.17936758923382334,-0.07639499999999999,0.0308,0.1664725,-0.27616,0.38442,3059,12
145,2018-01-04,Apple,50,0.17028137301587304,0.19463868251260208,0.015957499999999993,0.16965625,0.35211437500000003,-0.24634999999999993,0.53826,6906,5
146,2018-01-05,Apple,50,0.11274192063492063,0.19264593213800923,-0.046057500000000015,0.09909611111111111,0.21287250000000005,-0.25145,0.48783000000000004,14298,3
147,2018-01-08,Apple,50,0.17749427142857147,0.20917764695223773,0.0701192857142857,0.18036999999999997,0.28478,-0.32635000000000003,0.58087,3460,5
148,2018-01-09,Apple,50,0.15475361349206349,0.1946121338596323,0.011082499999999999,0.188125,0.277685625,-0.26596,0.46258,1877,6
149,2018-01-10,Apple,50,0.15242225,0.17249400354872588,0.099425,0.14944999999999997,0.2577675,-0.28158,0.53522,58039,9
150,2017-11-02,Tesla,50,0.01147593333333334,0.15544285619215378,-0.10114999999999999,0.034025,0.1030425,-0.3902,0.36249,3302,4
151,2017-11-03,Tesla,50,0.10520299682539681,0.14641457448894288,-0.014774999999999993,0.098785,0.22565714285714286,-0.27959999999999996,0.42917999999999995,466,1
152,2017-11-06,Tesla,50,0.09371942460317459,0.12314025845144781,-0.012178571428571433,0.09651499999999999,0.17780166666666666,-0.1870333333333333,0.35489,1173,10
153,2017-11-07,Tesla,50,0.0886126253968254,0.2207994234799836,-0.011569999999999997,0.07135714285714286,0.18423964285714284,-0.5994,0.63041,1858,3
154,2017-11-08,Tesla,24,0.140418125,0.16387491163273246,0.031647499999999995,0.10755999999999999,0.24130999999999997,-0.17254,0.44506999999999997,1450,1
155,2017-11-09,Tesla,48,0.14171277529761903,0.16436374590594166,0.02466000000000001,0.13493499999999997,0.26995,-0.21383999999999997,0.49456,13405,4
156,2017-11-10,Tesla,33,-0.023982447089947078,0.2340328722317839,-0.06713749999999999,0.03194000000000001,0.08033,-0.5629666666666667,0.38044285714285714,5313,3
157,2017-11-13,Tesla,50,0.042543123809523804,0.16992892289257636,-0.0518875,0.06681499999999999,0.16923249999999995,-0.31095,0.33828,15660,0
158,2017-11-14,Tesla,50,-0.0526942634920635,0.25382225024974775,-0.25346750000000007,-0.013304999999999994,0.0960425,-0.5132777777777778,0.6126999999999999,6025,2
159,2017-11-15,Tesla,50,0.003985344444444447,0.2347198731648852,-0.0656225,0.029575,0.1668275,-0.53946,0.34652499999999997,10244,0
160,2017-11-16,Tesla,50,0.04901250714285714,0.1441093829483911,-0.038955,0.05057500000000001,0.13927250000000002,-0.44066,0.39842500000000003,14692,7
161,2017-11-17,Tesla,50,0.11881444444444446,0.1233392885424622,0.036587499999999995,0.08921499999999999,0.1927138888888889,-0.13308,0.61324,10592,4
162,2017-11-20,Tesla,50,0.08658565000000001,0.17682766605180616,-0.009318125000000005,0.09019999999999999,0.17128749999999998,-0.4939,0.6039800000000001,14393,3
163,2017-11-21,Tesla,50,0.0881990746031746,0.13163757929212178,0.041304999999999994,0.08720214285714285,0.1849825,-0.37969,0.3742500000000001,15138,3
164,2017-11-22,Tesla,50,0.10556345396825399,0.14776685530748568,0.03355375,0.12246499999999999,0.1922275,-0.4939,0.44661,10706,1
165,2017-11-23,Tesla,50,0.16224101587301581,0.23779341725317454,0.07648749999999999,0.18068,0.31314214285714287,-0.5994,0.52882,20436,2
166,2017-11-24,Tesla,50,0.09743111111111111,0.1386234794845797,0.014899999999999995,0.10929,0.20705,-0.29295,0.3506666666666667,12651,8
167,2017-11-27,Tesla,40,0.10545813888888884,0.17918751262255952,0.0415175,0.12028,0.2196475,-0.4644100000000001,0.3909,8262,1
168,2017-11-28,Tesla,50,0.12842565000000003,0.1385992210133692,0.026612499999999997,0.14053,0.21309249999999996,-0.27874,0.40607,14432,3
169,2017-11-29,Tesla,50,0.06898280000000001,0.21069374162358726,-0.10724000000000002,0.093485,0.200785,-0.30516,0.5859,8646,3
170,2017-11-30,Tesla,50,0.10957390714285711,0.1354015389254875,0.02393499999999999,0.11256999999999999,0.17753750000000001,-0.2321625,0.46509,9522,20
171,2017-12-01,Tesla,50,0.10890117301587303,0.17111198223653154,0.02344,0.09658,0.20114250000000006,-0.42245999999999995,0.52968,16224,2
172,2017-12-04,Tesla,49,0.07896178571428572,0.1232016773721876,0.0,0.0445,0.17401999999999998,-0.15201,0.47196666666666665,8170,1
173,2017-12-05,Tesla,43,0.10229195182724252,0.2520858480844578,0.025770000000000005,0.13136,0.21741499999999997,-0.6705,0.7097,3410,3
174,2017-12-06,Tesla,30,0.12683471957671957,0.18019358845076908,0.09040083333333335,0.11733500000000001,0.2076675,-0.38805,0.56927,2479,1
175,2017-12-07,Tesla,50,0.12964865158730154,0.1222614413336689,0.0413875,0.105635,0.2065725,-0.08996,0.53008,32179,8
176,2017-12-08,Tesla,50,0.19830024920634914,0.15669991940186997,0.07743666666666667,0.209225,0.313365,-0.1591,0.51988,15556,2
177,2017-12-11,Tesla,32,0.10816186259920632,0.14449045561759513,0.04828333333333333,0.11966000000000002,0.216840625,-0.2036,0.31545,10002,2
178,2017-12-12,Tesla,41,0.17609086914440578,0.1552542370051556,0.08573,0.14938,0.21662999999999996,-0.17641999999999997,0.5603100000000001,18332,2
179,2017-12-13,Tesla,39,0.110684245014245,0.1360411525530818,0.036145000000000004,0.10154999999999999,0.19854944444444445,-0.3529,0.40704,17173,5
180,2017-12-14,Tesla,40,0.158889068452381,0.12592710632809323,0.061777500000000006,0.16437125,0.251335,-0.12339,0.41223,6781,0
181,2017-12-15,Tesla,49,0.11235183025591192,0.1524948311011055,-0.013059999999999999,0.12844000000000003,0.19949,-0.17506,0.5126999999999999,7694,1
182,2017-12-18,Tesla,50,0.13683949126984127,0.15118091403251363,0.03135,0.11823749999999997,0.188525,-0.26289,0.65405,18814,5
183,2017-12-19,Tesla,41,0.17350819783197832,0.10459442279874354,0.12105999999999999,0.18011,0.22522999999999999,-0.05843333333333332,0.450125,102136,1
184,2017-12-20,Tesla,50,0.10746026666666669,0.12924165521264538,0.0014324999999999993,0.08704,0.18255000000000002,-0.04327000000000001,0.4476333333333333,8387,12
185,2017-12-21,Tesla,50,0.12915294603174599,0.1303040952873066,0.05575,0.13835999999999998,0.17905000000000001,-0.14726,0.43385,8980,9
186,2017-12-22,Tesla,42,0.08387255102040819,0.1263060848957246,0.027787500000000007,0.087395,0.14018,-0.26672,0.30477999999999994,10910,1
187,2017-12-25,Tesla,13,0.1398297802197802,0.18111795310990897,0.0,0.10586,0.19561,-0.15566999999999998,0.45509000000000005,17018,0
188,2017-12-26,Tesla,50,0.11975936190476194,0.1480312024874056,0.054285000000000014,0.131805,0.2166875,-0.26135,0.34759999999999996,46365,5
189,2017-12-27,Tesla,50,0.17152354047619042,0.11743182960313638,0.12906,0.20427999999999996,0.23012624999999998,-0.24855,0.50647,29419,3
190,2017-12-28,Tesla,50,0.10837792222222223,0.17694590131591637,-0.030997500000000004,0.122325,0.24612750000000003,-0.30172000000000004,0.5016499999999999,9343,0
191,2017-12-29,Tesla,50,0.12379229285714283,0.13918874378583543,0.039807499999999996,0.10193500000000003,0.20802687499999997,-0.15966,0.38380000000000003,12365,3
192,2018-01-01,Tesla,12,0.09631444444444444,0.10013618527122652,0.0341,0.0719,0.13301249999999998,-0.01040000000000002,0.30255,1650,3
193,2018-01-02,Tesla,50,0.13703768888888893,0.14015983982480426,0.06674,0.11953,0.2206975,-0.40196000000000004,0.47552000000000005,21522,3
194,2018-01-03,Tesla,50,0.06496051746031749,0.08517927492131142,0.03566750000000001,0.07962857142857142,0.08803305555555557,-0.18486000000000002,0.25325555555555557,5478,5
195,2018-01-04,Tesla,50,0.10837909999999995,0.1301526772578565,-0.0004949999999999993,0.144845,0.1951425,-0.18050000000000002,0.39816,8789,7
196,2018-01-05,Tesla,50,0.08636059444444444,0.14475689328724953,0.005600000000000005,0.07228,0.2035875,-0.25821,0.38530999999999993,9367,4
197,2018-01-08,Tesla,50,0.20136360555555569,0.13296100485758128,0.0975225,0.22083999999999998,0.3204725,-0.11044000000000001,0.4013333333333333,10236,3
198,2018-01-09,Tesla,50,0.14484227857142856,0.12556889804038035,0.022595000000000004,0.14701499999999998,0.24935999999999997,-0.07508999999999999,0.44017142857142855,11631,7
199,2018-01-10,Tesla,50,0.14553853333333333,0.14536676952993646,0.06104,0.16536499999999998,0.23017499999999996,-0.3334,0.47068000000000004,9522,3
200,2017-11-02,Airbus,50,0.13194508333333335,0.1899298006552277,-0.0446475,0.101905,0.23569750000000003,-0.12766,0.5480400000000001,1818,6
201,2017-11-03,Airbus,50,0.17225184285714293,0.1641090603865959,0.05368000000000001,0.13600500000000001,0.26364,-0.11586666666666666,0.5423800000000001,182,8
202,2017-11-06,Airbus,50,0.22184031666666673,0.1764085133876873,0.11512,0.179595,0.3582008333333333,-0.16047,0.70198,223,6
203,2017-11-07,Airbus,34,0.15143252100840338,0.1447218422906503,0.07178999999999999,0.139665,0.26997249999999995,-0.25031428571428577,0.46080000000000004,88,0
204,2017-11-08,Airbus,50,0.17127394047619046,0.11882627161454541,0.13912214285714286,0.18057499999999999,0.2353475,-0.35506,0.42668999999999996,2775,14
205,2017-11-09,Airbus,50,0.24708434285714287,0.137176116917075,0.18629500000000002,0.26612500000000006,0.33505999999999997,-0.27097,0.483,6080,3
206,2017-11-10,Airbus,50,0.13479455,0.17445511838508534,0.01936999999999999,0.16996,0.2625925,-0.16711,0.5624100000000001,4219,6
207,2017-11-13,Airbus,50,0.17393652698412695,0.13320902099680892,0.09786357142857142,0.1686111111111111,0.21353750000000002,-0.08137999999999998,0.5240199999999999,6187,5
208,2017-11-14,Airbus,50,0.1452349523809524,0.14114282994211602,0.047700000000000006,0.12532944444444444,0.24507583333333335,-0.28514000000000006,0.45491000000000004,25639,2
209,2017-11-15,Airbus,50,0.14143803095238094,0.14628497869426563,0.09099,0.164485,0.20755999999999997,-0.23752,0.44623,3201,9
210,2017-11-16,Airbus,50,0.12282300000000002,0.16619305545549323,0.0035274999999999985,0.13598,0.21371749999999998,-0.2011,0.4648199999999999,7819,12
211,2017-11-17,Airbus,50,0.12400608571428572,0.17042339160676326,-0.005659999999999999,0.12635000000000002,0.26426,-0.31019,0.5013700000000001,3712,6
212,2017-11-20,Airbus,50,0.16010893571428567,0.20650254992937717,0.0397825,0.1996,0.25375,-0.30247999999999997,0.6576000000000001,8537,2
213,2017-11-21,Airbus,50,0.18223649841269843,0.18323939457853713,0.05119083333333333,0.16773,0.262045,-0.13742000000000001,0.6287,13601,6
214,2017-11-22,Airbus,42,0.11509861111111108,0.1951912952994048,-0.023588124999999998,0.15886999999999998,0.22354250000000003,-0.26239,0.58395,7488,2
215,2017-11-23,Airbus,32,0.16921805555555558,0.15952353560583588,0.05274583333333333,0.200765,0.25683249999999996,-0.15928,0.53538,1221,3
216,2017-11-24,Airbus,28,0.07154617346938776,0.24294530049760282,-0.027159999999999997,0.12504428571428572,0.24560000000000004,-0.55717,0.5130714285714286,9176,1
217,2017-11-27,Airbus,32,0.15501834697420633,0.1339764428399908,0.07415250000000001,0.110975,0.2383025,-0.2062142857142857,0.4776000000000001,5026,5
218,2017-11-28,Airbus,50,0.14391610714285719,0.1343919743132756,0.08142749999999999,0.107235,0.22701500000000002,-0.22357999999999997,0.6136799999999999,5607,0
219,2017-11-29,Airbus,45,0.0754842222222222,0.17392864265345995,-0.02188,0.07972,0.14818000000000003,-0.27097,0.49013999999999996,4143,1
220,2017-11-30,Airbus,44,0.11480786796536796,0.1550609960806663,0.06020857142857142,0.09364,0.20053499999999996,-0.28981666666666667,0.5215599999999999,5445,8
221,2017-12-01,Airbus,29,0.16281637657361797,0.1930274796441671,0.06751,0.12357,0.28334000000000004,-0.2983300000000001,0.65483,13644,0
222,2017-12-04,Airbus,50,0.07863035238095237,0.19134200708789373,-0.027384375000000002,0.096445,0.18398,-0.27097,0.42774999999999996,7545,8
223,2017-12-05,Airbus,28,0.10297369047619045,0.14904902650583418,-0.0016999999999999984,0.09611,0.17023500000000003,-0.16926999999999998,0.40251000000000003,4836,1
224,2017-12-06,Airbus,43,0.10321757751937985,0.1504463375625099,0.010569999999999996,0.10725,0.13398749999999998,-0.17287999999999998,0.48560000000000003,15168,16
225,2017-12-07,Airbus,50,0.09956466666666654,0.17133910523598744,-0.043705000000000015,0.20237499999999997,0.21044999999999997,-0.43831999999999993,0.41746999999999995,1040,24
226,2017-12-08,Airbus,38,0.1210285087719298,0.17870883317784464,0.0,0.09580000000000001,0.2141925,-0.17428000000000005,0.5851333333333334,5478,2
227,2017-12-11,Airbus,37,0.01700952273702273,0.22774102704121885,-0.05822000000000001,0.0468,0.13495,-0.5018428571428573,0.404,2243,6
228,2017-12-12,Airbus,50,0.15940844999999998,0.18386304288935598,0.0454425,0.185205,0.252515,-0.333,0.46952,3625,8
229,2017-12-13,Airbus,50,0.08109312222222224,0.16557604028432665,0.005600000000000005,0.05072000000000003,0.22969499999999998,-0.4187,0.34328,7609,4
230,2017-12-14,Airbus,50,0.1622772007936507,0.11766692402309062,0.11682,0.12318,0.24289249999999998,-0.0813142857142857,0.38484,4827,14
231,2017-12-15,Airbus,50,0.10255339444444442,0.13188212154997192,0.0678425,0.06852,0.1441175,-0.15469,0.53357,2800,15
232,2017-12-18,Airbus,44,0.02770560606060607,0.24893086127056605,-0.25671499999999997,0.08754500000000001,0.22649,-0.42668,0.4366199999999999,3404,2
233,2017-12-19,Airbus,50,0.15763039999999995,0.30480120530427496,0.010594999999999997,0.239665,0.43699999999999994,-0.42668,0.60295,4476,3
234,2017-12-20,Airbus,50,-0.08435797142857146,0.16317782303529008,-0.20657999999999999,-0.11543999999999999,0.027302499999999993,-0.451975,0.5166999999999999,3013,17
235,2017-12-21,Airbus,50,0.15544263015873022,0.11073132801170639,0.126808125,0.17555500000000002,0.22947249999999997,-0.10544285714285714,0.3573,4138,14
236,2017-12-22,Airbus,50,0.13351416111111108,0.10948449654928924,0.033033333333333324,0.14609999999999998,0.22749187499999998,-0.09536999999999997,0.3234,11312,14
237,2017-12-25,Airbus,20,0.03328519444444446,0.2042032988219865,-0.060544444444444456,0.009239999999999998,0.062585,-0.29067,0.4846700000000001,1189,5
238,2017-12-26,Airbus,17,0.08669655462184875,0.17685128238765435,-0.047900000000000005,0.08139,0.24691999999999997,-0.29615,0.3609,2348,0
239,2017-12-27,Airbus,32,0.062372743055555555,0.1294561252116763,0.014790000000000006,0.014790000000000006,0.06591999999999998,-0.20596666666666663,0.3738111111111111,3966,10
240,2017-12-28,Airbus,41,0.12040580139372818,0.1397634250906247,0.04780000000000001,0.10031666666666667,0.1924,-0.25512999999999997,0.63832,5554,4
241,2017-12-29,Airbus,50,0.11962194603174602,0.15825801919362084,-0.0011275,0.11344285714285714,0.2358708333333333,-0.16384000000000004,0.42706,7133,8
242,2018-01-01,Airbus,9,0.07360349206349207,0.19270778644408518,-0.13129,0.13167999999999996,0.20489000000000002,-0.18432857142857145,0.36171,1797,0
243,2018-01-02,Airbus,29,0.15723490968801315,0.16712950188218176,0.09186000000000001,0.12585,0.20600999999999997,-0.17404999999999998,0.49236,16328,2
244,2018-01-03,Airbus,18,0.19067960317460317,0.1790896830574681,0.113205,0.15358,0.2619471428571429,-0.11742,0.5935,354,0
245,2018-01-04,Airbus,32,0.18792478670634924,0.1701153917809218,0.06372607142857142,0.15329333333333334,0.2888,-0.1919,0.7081200000000001,4868,0
246,2018-01-05,Airbus,47,0.16976256670043915,0.12854337112604083,0.060200000000000004,0.14667999999999998,0.24341000000000002,-0.033159999999999995,0.51443,4159,4
247,2018-01-08,Airbus,29,0.18718284482758613,0.15380484711431885,0.1078375,0.18309999999999998,0.25392000000000003,-0.20743,0.5618800000000002,2361,0
248,2018-01-09,Airbus,50,0.21512767777777783,0.17434708214789732,0.07422500000000001,0.16052500000000003,0.29014375,-0.0168,0.7081200000000001,11671,9
249,2018-01-10,Airbus,50,0.14728158809523803,0.1751124692040481,0.007542857142857144,0.143345,0.2868475,-0.16076000000000001,0.46877,782,2
250,2017-11-02,Bayer,50,0.2662235460317461,0.14869802931824838,0.18826249999999997,0.26492,0.35375,-0.11246666666666667,0.65594,1264,3
251,2017-11-03,Bayer,50,0.2444196547619047,0.1755371415699621,0.15517916666666667,0.28185,0.34423,-0.2736166666666666,0.6021285714285715,111,10
252,2017-11-06,Bayer,50,0.09503440000000002,0.22150561870472427,-0.08998250000000003,0.161535,0.22701,-0.33752,0.59402,266,4
253,2017-11-07,Bayer,50,0.1504393206349206,0.1782728347497707,0.025092857142857146,0.18205277777777779,0.27689285714285716,-0.31443,0.5683,35,5
254,2017-11-08,Bayer,50,0.21752622142857142,0.1579499785452478,0.06349250000000001,0.270215,0.35994000000000004,-0.0808875,0.44762,12041,6
255,2017-11-09,Bayer,50,0.1949899190476191,0.1503803412067097,0.10194,0.18201499999999998,0.2998067857142857,-0.22035999999999997,0.62042,23588,6
256,2017-11-10,Bayer,50,0.20808945238095236,0.1740906770772572,0.077015,0.22205999999999998,0.3311550000000001,-0.17742000000000002,0.496125,31494,4
257,2017-11-13,Bayer,50,0.12938866984126984,0.20634490007448508,-0.03769249999999998,0.14021999999999998,0.27749750000000006,-0.40812,0.55122,31800,4
258,2017-11-14,Bayer,50,0.13565891111111106,0.1800224988215631,0.030569999999999996,0.10923999999999999,0.2728525,-0.21870000000000003,0.49513999999999997,16037,9
259,2017-11-15,Bayer,50,0.027694023809523814,0.2532342018987011,-0.19285,0.033652499999999995,0.21175499999999997,-0.49266000000000004,0.5734833333333335,3725,10
260,2017-11-16,Bayer,50,0.09562346269841271,0.1856547733965845,-0.06953437500000001,0.106615,0.19498,-0.2781,0.5242125,2672,14
261,2017-11-17,Bayer,50,-0.031723187301587304,0.23336526330175794,-0.1124557142857143,-0.046795,0.09020999999999998,-0.6369,0.5267,7429,21
262,2017-11-20,Bayer,50,0.24285566349206347,0.22293747299949457,0.11339999999999999,0.258525,0.41200928571428574,-0.37539000000000006,0.7832666666666667,211670,7
263,2017-11-21,Bayer,50,0.32489619999999986,0.20956327371308872,0.17398999999999998,0.2863,0.3917075,-0.05848000000000002,0.8225,10145,14
264,2017-11-22,Bayer,50,0.23692895238095235,0.15533524620340017,0.130905,0.224505,0.33587,-0.21637999999999993,0.5544299999999999,8148,7
265,2017-11-23,Bayer,50,0.14316548888888891,0.21204911470098836,0.01648,0.13835000000000003,0.28790999999999994,-0.35906,0.54014,21159,12
266,2017-11-24,Bayer,50,0.17685204444444447,0.2013375258266,0.07116166666666666,0.1457,0.28910250000000004,-0.25877,0.7049,12409,12
267,2017-11-27,Bayer,50,0.08503625476190477,0.19711688578480085,-0.014752500000000002,0.09354285714285715,0.18884166666666666,-0.30267,0.47852999999999996,24994,8
268,2017-11-28,Bayer,50,0.20936313888888883,0.19286620453711378,0.12395,0.186415,0.333293125,-0.28261000000000003,0.68996,210685,7
269,2017-11-29,Bayer,50,0.15567083253968256,0.23742477910454513,-0.022944999999999993,0.18840999999999997,0.3001599999999999,-0.33819999999999995,0.6246666666666667,10155,4
270,2017-11-30,Bayer,50,0.14456143650793649,0.17715966448071974,0.06675499999999998,0.152465,0.23257249999999996,-0.31889999999999996,0.7956,12925,4
271,2017-12-01,Bayer,50,0.22882284444444445,0.16386965775544868,0.11996,0.22351000000000001,0.34750499999999995,-0.24289,0.5267,1531,10
272,2017-12-04,Bayer,50,0.21397404523809527,0.18505849169760596,0.0915525,0.15204,0.3544628571428572,-0.10493,0.6572600000000001,4997,6
273,2017-12-05,Bayer,50,0.3128043936507936,0.1817932899357833,0.18806499999999998,0.28765999999999997,0.4147875000000001,0.009250000000000008,0.7351,32846,5
274,2017-12-06,Bayer,50,0.2690735333333334,0.17534070774746865,0.17014,0.28159,0.3998750000000001,-0.23885,0.5825199999999999,25957,4
275,2017-12-07,Bayer,50,0.36805122222222203,0.20284739060208312,0.17061500000000002,0.36005,0.5131499999999999,-0.014879999999999999,0.6882300000000001,20968,16
276,2017-12-08,Bayer,50,0.18594007619047612,0.22580074743606335,0.0439875,0.17870999999999998,0.33491,-0.43431666666666663,0.5267,8043,10
277,2017-12-11,Bayer,50,0.2596558666666666,0.20522169826581466,0.1658925,0.26831000000000005,0.38162999999999997,-0.18984,0.7795700000000001,11952,7
278,2017-12-12,Bayer,50,0.20113673333333332,0.20109227068267677,0.043725,0.198665,0.27322499999999994,-0.09601,0.7003,2715,6
279,2017-12-13,Bayer,50,0.23957040079365075,0.16399557234588116,0.14146999999999998,0.21744444444444444,0.26475000000000004,-0.0655,0.5752499999999999,7303,18
280,2017-12-14,Bayer,50,0.25114838571428577,0.13842029263266156,0.15702750000000001,0.25005499999999997,0.3650825,-0.21167999999999995,0.46404000000000006,14583,6
281,2017-12-15,Bayer,50,0.24266076666666664,0.2026019360060012,0.07249,0.25632,0.43390249999999997,-0.16196,0.6051249999999999,4981,10
282,2017-12-18,Bayer,50,0.21000015714285708,0.15197561491091785,0.14778000000000002,0.2236088888888889,0.31586,-0.19452000000000003,0.48654000000000003,10110,6
283,2017-12-19,Bayer,50,0.15660836111111112,0.17277238654616997,0.022769999999999964,0.1505885714285714,0.28801999999999994,-0.13135999999999998,0.5916333333333333,15514,6
284,2017-12-20,Bayer,50,0.12655892222222226,0.14605212010548915,0.040978125,0.13825000000000004,0.20405000000000004,-0.23876000000000003,0.3937875,3079,19
285,2017-12-21,Bayer,50,0.12296121507936514,0.24938837082205534,-0.07597416666666665,0.10152285714285714,0.335245,-0.23578000000000002,0.5835,10426,7
286,2017-12-22,Bayer,50,0.21053210555555552,0.13961165317937194,0.12917500000000004,0.21997499999999998,0.315175,-0.11451,0.48149,12983,6
287,2017-12-25,Bayer,50,0.24767961111111117,0.165168056793906,0.061415000000000004,0.263065,0.37487250000000005,-0.03835000000000001,0.59206,17268,5
288,2017-12-26,Bayer,50,0.2143929015873015,0.15954232730703177,0.125245,0.22752777777777777,0.274065,-0.19056999999999996,0.5266400000000001,17166,7
289,2017-12-27,Bayer,50,0.2408635682539682,0.1810356500296562,0.140035,0.27509,0.37622,-0.19705,0.62541,18035,13
290,2017-12-28,Bayer,50,0.18913530714285706,0.1423867222172614,0.07018571428571428,0.20807375,0.29208,-0.12511999999999998,0.4918,16079,9
291,2017-12-29,Bayer,50,0.22862751428571426,0.16136179281016189,0.15920999999999996,0.19328,0.32682,-0.31705,0.53684,14473,14
292,2018-01-01,Bayer,50,0.216961073015873,0.16638153625538654,0.07518000000000001,0.20080166666666668,0.33899250000000003,-0.11015,0.5821599999999999,33073,9
293,2018-01-02,Bayer,50,0.1851106746031746,0.14639857373549064,0.08871749999999999,0.23041,0.2883025,-0.11835999999999998,0.43517,35024,7
294,2018-01-03,Bayer,50,0.22531547142857147,0.1468007676524077,0.15659750000000003,0.254495,0.29555142857142863,-0.17833000000000002,0.49552857142857143,12971,12
295,2018-01-04,Bayer,50,0.24114118730158726,0.13156764198850887,0.13911428571428572,0.24200500000000003,0.34742666666666666,0.028030000000000006,0.5756300000000001,22257,19
296,2018-01-05,Bayer,50,0.21909983809523814,0.15964129833953528,0.10932499999999999,0.25364,0.30776000000000003,-0.13211,0.5075299999999999,12941,10
297,2018-01-08,Bayer,50,0.22165325714285722,0.19144674713113316,0.10572000000000001,0.20078500000000002,0.343225,-0.17446999999999996,0.69108,40957,5
298,2018-01-09,Bayer,50,0.18584529523809523,0.14495621650291735,0.10637250000000001,0.16741500000000004,0.276895,-0.21515555555555554,0.54116,18375,7
299,2018-01-10,Bayer,50,0.17705197857142851,0.1845099423418606,0.05698750000000001,0.13548125,0.31957250000000004,-0.27676999999999996,0.5528799999999999,7518,13
300,2017-11-02,BMW,50,0.10454942222222222,0.18569353517389114,0.011701785714285717,0.09795499999999999,0.18372,-0.44543999999999995,0.49517,4245,1
301,2017-11-03,BMW,50,0.05656015793650794,0.18367791792515156,-0.06550999999999998,-0.013649999999999995,0.22384285714285712,-0.36679999999999996,0.5782200000000001,165,10
302,2017-11-06,BMW,50,0.04343482222222222,0.24447458246311515,-0.12240500000000001,0.06846,0.19937,-0.5668300000000001,0.5166999999999999,1157,1
303,2017-11-07,BMW,50,0.02677731904761904,0.22852758657270822,-0.155105625,0.014339999999999999,0.16674499999999998,-0.43283000000000005,0.63008,932,4
304,2017-11-08,BMW,50,-0.04667752301587301,0.19584601575996452,-0.164425,-0.017625,0.08501499999999998,-0.45282,0.34385714285714286,7888,9
305,2017-11-09,BMW,50,-0.03207437142857142,0.2741841577184741,-0.24756999999999998,-0.1091,0.10223166666666667,-0.42683,0.6266700000000001,37130,7
306,2017-11-10,BMW,50,-0.009162853174603178,0.2567213810261549,-0.24223,-0.1331888888888889,0.2078225,-0.3331100000000001,0.6508399999999999,8923,10
307,2017-11-13,BMW,50,0.10138875000000003,0.27231731336199766,-0.019390625,0.183575,0.2566825,-0.49334999999999996,0.5839700000000001,7534,3
308,2017-11-14,BMW,50,0.06401733650793652,0.24330967770960393,-0.06608,0.11592999999999998,0.1888475,-0.6451699999999999,0.65313,7950,0
309,2017-11-15,BMW,50,0.12354867301587305,0.27269718183583586,0.02142785714285715,0.15557500000000002,0.29040166666666667,-0.6101399999999999,0.76329,4422,2
310,2017-11-16,BMW,50,0.05106073888888889,0.23848249788650047,-0.1626025,0.06699499999999999,0.2278875,-0.36493,0.40918,3484,9
311,2017-11-17,BMW,50,0.07960732380952383,0.21912618471350884,-0.03657500000000001,0.08808,0.251205,-0.41711666666666664,0.50039,5343,3
312,2017-11-20,BMW,50,-0.0160821,0.2574491792146518,-0.231815,0.0008411111111111085,0.16848999999999997,-0.52752,0.452475,12257,9
313,2017-11-21,BMW,50,0.06717622857142855,0.2677987513388863,-0.08629,0.11154,0.2655325,-0.6249333333333333,0.5370499999999999,9090,4
314,2017-11-22,BMW,50,0.051576707142857135,0.2484314040888375,-0.10368250000000001,0.104435,0.22686,-0.5607666666666667,0.52209,11658,5
315,2017-11-23,BMW,50,0.14673545000000005,0.2379747841964564,0.027515000000000005,0.14659,0.29354,-0.5994,0.74021,1701,5
316,2017-11-24,BMW,50,0.09284796825396828,0.2526960759224332,-0.023572499999999996,0.133255,0.24318499999999998,-0.45958999999999994,0.4804999999999999,4783,5
317,2017-11-27,BMW,50,0.12203427301587302,0.2578488088815792,0.027212500000000008,0.110535,0.2974425,-0.42266000000000004,0.6332,5404,1
318,2017-11-28,BMW,50,-0.0891972126984127,0.34598242864322276,-0.50766,0.014528571428571427,0.16940250000000004,-0.53452,0.7549,4653,2
319,2017-11-29,BMW,50,0.15998806031746032,0.195382350337541,0.06358392857142858,0.14033833333333334,0.25271999999999994,-0.5046857142857143,0.5314500000000001,2659,5
320,2017-11-30,BMW,50,0.0968237158730159,0.2114234580674345,0.05832000000000002,0.10033,0.16864750000000003,-0.39619,0.7835399999999999,3658,3
321,2017-12-01,BMW,50,0.09012214047619051,0.25704214337425824,-0.09547500000000002,0.133565,0.2746,-0.3720125,0.70225,7528,0
322,2017-12-04,BMW,50,0.06507008333333332,0.26908881901109744,-0.023355000000000004,0.11610500000000001,0.2288175,-0.56801,0.6110400000000001,2977,1
323,2017-12-05,BMW,50,0.04951158015873018,0.25958291438790115,-0.11346499999999998,0.10500625,0.2480875,-0.50047,0.51988,6616,3
324,2017-12-06,BMW,50,-0.03445120000000001,0.23870455330797355,-0.27335000000000004,-0.10508,0.18628499999999998,-0.27335000000000004,0.46624,11138,19
325,2017-12-07,BMW,50,0.11344902063492061,0.22334753830796203,0.0335325,0.152985,0.24911500000000003,-0.3914857142857143,0.5396600000000001,2897,1
326,2017-12-08,BMW,50,0.10448030555555553,0.23375575453472758,-0.007277500000000002,0.17118500000000003,0.26256999999999997,-0.4850555555555556,0.45252499999999996,15737,1
327,2017-12-11,BMW,50,-0.004279279365079382,0.25180444167251453,-0.23279999999999998,0.06525,0.19870499999999996,-0.58235,0.44511,6412,14
328,2017-12-12,BMW,50,0.10574459285714287,0.22268218571354761,-0.009822500000000001,0.15533,0.2609417857142857,-0.33138999999999996,0.55107,5050,1
329,2017-12-13,BMW,50,0.09253614444444444,0.20766464814387844,-0.014404999999999984,0.10681500000000001,0.21866249999999995,-0.38370999999999994,0.5942700000000001,19470,2
330,2017-12-14,BMW,50,0.11864343492063491,0.21911293916255267,0.039217500000000016,0.14537499999999998,0.258565,-0.4564800000000001,0.6298428571428571,12625,2
331,2017-12-15,BMW,50,0.10185231428571426,0.22881827062140367,-0.0129225,0.12575000000000003,0.30211249999999995,-0.42512000000000005,0.5199714285714285,9035,3
332,2017-12-18,BMW,50,0.13939763492063492,0.22254205873784663,0.051595,0.15801500000000002,0.27470000000000006,-0.38517,0.7717,6706,4
333,2017-12-19,BMW,50,0.08562480079365084,0.2679551675517297,-0.004857222222222221,0.155915,0.2686657142857143,-0.52381,0.47433,4036,4
334,2017-12-20,BMW,50,0.004992628571428576,0.2375026280610322,-0.19043749999999998,0.0303,0.1740425,-0.54582,0.41695000000000004,8197,2
335,2017-12-21,BMW,50,0.08822977301587304,0.24467337058294136,-0.015152499999999996,0.15183999999999997,0.2408225,-0.67631,0.41352222222222224,9164,1
336,2017-12-22,BMW,50,0.15804411904761903,0.2573637288667149,0.09244250000000001,0.21651499999999996,0.2959,-0.48430999999999996,0.66739,4242,15
337,2017-12-25,BMW,36,0.06074186948853614,0.258635343487059,-0.05927666666666667,0.12621,0.2249625,-0.4892777777777778,0.6452125000000001,11213,1
338,2017-12-26,BMW,50,0.06601085158730159,0.23227576043245787,-0.03937,0.13654930555555556,0.21059999999999998,-0.57451,0.44611,26705,5
339,2017-12-27,BMW,50,0.008762304761904753,0.24007733920282354,-0.17518,0.022575,0.24295500000000003,-0.5448000000000002,0.38665714285714287,10708,4
340,2017-12-28,BMW,50,0.13875608253968247,0.20068923768616603,0.0793075,0.15165125000000002,0.2543975,-0.36038000000000003,0.62287,3726,1
341,2017-12-29,BMW,50,0.0788738023809524,0.23850611201137506,-0.07781,0.12049499999999999,0.24238,-0.4228199999999999,0.6557600000000001,13919,2
342,2018-01-01,BMW,36,0.055183893298059956,0.2826526829822514,-0.22488999999999998,0.12381500000000001,0.277845,-0.4834571428571429,0.45492999999999995,7897,1
343,2018-01-02,BMW,50,0.16557409761904765,0.2173553448711828,0.06219875,0.170955,0.30334000000000005,-0.23170000000000002,0.6723400000000002,8599,6
344,2018-01-03,BMW,50,0.10323844444444441,0.1599505187642742,0.07837000000000001,0.12398999999999999,0.18519000000000002,-0.5305599999999999,0.38170000000000004,2297,4
345,2018-01-04,BMW,50,0.11281295555555555,0.22980434584915266,-0.028002499999999993,0.134045,0.25105,-0.4623799999999999,0.4727666666666666,5549,6
346,2018-01-05,BMW,50,0.15684318333333336,0.15158369779051845,0.049656874999999996,0.151065,0.28893500000000005,-0.22992999999999997,0.41026000000000007,2112,0
347,2018-01-08,BMW,50,0.17126211666666663,0.1896218368411378,0.0388,0.20850000000000002,0.33351,-0.34673999999999994,0.45794000000000007,6401,1
348,2018-01-09,BMW,50,0.1753596595238095,0.17669466738485284,0.0753,0.17134,0.29949,-0.4502,0.5192,6399,2
349,2018-01-10,BMW,50,-0.003702083333333332,0.23420322276840927,-0.16591833333333336,0.05666624999999999,0.14457,-0.49133000000000004,0.43542,14917,5
350,2017-11-02,Telefonica,13,0.2226255311355311,0.17672657377617937,0.09872,0.16337,0.40518,-0.11988000000000001,0.43931,57,0
351,2017-11-03,Telefonica,9,0.15273539682539683,0.24631143642897083,0.04957,0.057519999999999995,0.26233,-0.19667142857142858,0.6599999999999999,122,0
352,2017-11-06,Telefonica,3,0.29644583333333335,0.2718978882817653,0.14531375000000002,0.21883750000000002,0.40877375,0.07179000000000002,0.59871,6,1
353,2017-11-07,Telefonica,8,0.2495734375,0.1431469934127248,0.23050187500000002,0.28146,0.29662,-0.0618,0.44586,4,0
354,2017-11-08,Telefonica,25,0.15769213333333332,0.16698033773105678,0.07402,0.16946,0.27447,-0.43340000000000006,0.33852000000000004,609,1
355,2017-11-09,Telefonica,7,0.17975285714285713,0.3538416187464992,0.143185,0.29793000000000003,0.31662,-0.5480400000000001,0.58877,1051,0
356,2017-11-10,Telefonica,10,0.18871833333333327,0.12323071273473636,0.08572749999999998,0.226685,0.2845883333333333,0.00772,0.33292,820,1
357,2017-11-13,Telefonica,10,-0.10596271428571429,0.2556451993785204,-0.31170749999999997,-0.09639071428571427,0.013979999999999992,-0.41104285714285715,0.35523,904,1
358,2017-11-14,Telefonica,12,0.2911179166666667,0.1552979330469308,0.17412875,0.23818999999999996,0.44810249999999996,0.12376666666666665,0.5105700000000001,59,1
359,2017-11-15,Telefonica,11,0.14706555555555553,0.16430799225243028,0.004362222222222236,0.12376666666666665,0.25967,-0.053790000000000004,0.40408999999999995,353,1
360,2017-11-16,Telefonica,3,0.3132633333333333,0.07966573562914818,0.26785,0.28047999999999995,0.34228499999999995,0.25522,0.40408999999999995,109,0
361,2017-11-17,Telefonica,3,0.2344033333333333,0.014808221815374528,0.22708999999999996,0.23476,0.241895,0.21941999999999995,0.24903,170,0
362,2017-11-20,Telefonica,5,0.27526399999999995,0.11370361902771609,0.24456000000000003,0.31723,0.36185,0.09083000000000001,0.36185,7,1
363,2017-11-21,Telefonica,6,0.08005666666666665,0.32679387674291976,-0.14239875000000002,0.117675,0.30758624999999995,-0.37285,0.47603999999999996,17,0
364,2017-11-22,Telefonica,7,0.2602214285714286,0.18477624490435016,0.11024999999999999,0.31533,0.391355,0.017,0.48601,119,0
365,2017-11-23,Telefonica,8,0.20285875,0.3527475538211225,0.1176,0.269405,0.44032249999999995,-0.58084,0.5466900000000001,72,1
366,2017-11-24,Telefonica,1,0.28778000000000004,0.0,0.28778000000000004,0.28778000000000004,0.28778000000000004,0.28778000000000004,0.28778000000000004,0,0
367,2017-11-27,Telefonica,5,0.35944166666666666,0.22377989744389462,0.22294999999999998,0.3133,0.5878666666666666,0.08522500000000001,0.5878666666666666,164,1
368,2017-11-28,Telefonica,8,0.009030000000000003,0.38228342301790397,-0.3321175,-0.00902,0.3355675,-0.42264,0.48660000000000003,311,1
369,2017-11-29,Telefonica,7,0.2206642857142857,0.3033497818172471,0.210035,0.34607,0.37505,-0.42264,0.45105000000000006,7,0
370,2017-11-30,Telefonica,4,0.21559812499999997,0.0734007106963493,0.17518187500000001,0.18264625,0.22306249999999997,0.17193999999999998,0.32516,5,0
371,2017-12-01,Telefonica,3,0.34554,0.10489751617650434,0.29731500000000005,0.36077000000000004,0.40137999999999996,0.23386000000000004,0.44198999999999994,30,1
372,2017-12-04,Telefonica,1,0.0036699999999999845,0.0,0.0036699999999999845,0.0036699999999999845,0.0036699999999999845,0.0036699999999999845,0.0036699999999999845,6,0
373,2017-12-05,Telefonica,12,0.25892,0.11081442226451474,0.2001775,0.20312,0.36195750000000004,0.07636,0.40138999999999997,449,1
374,2017-12-06,Telefonica,4,0.28865375000000004,0.08026031059153711,0.23100874999999998,0.2650825,0.32272750000000006,0.22556000000000004,0.3988900000000001,35,0
375,2017-12-07,Telefonica,2,0.25117,0.1285661549553381,0.20571500000000004,0.25117,0.296625,0.16026,0.34208000000000005,8,0
376,2017-12-08,Telefonica,4,0.2928725,0.19584936241492681,0.18471999999999997,0.22152499999999997,0.3296775,0.148,0.5804400000000001,18,0
377,2017-12-11,Telefonica,19,0.4157282894736841,0.11431112063153151,0.37388999999999994,0.37388999999999994,0.544615,0.2093375,0.57302,191,0
378,2017-12-12,Telefonica,4,0.31555833333333333,0.14808248553499576,0.2593125,0.3649366666666667,0.4211825,0.10817999999999998,0.42417999999999995,3,0
379,2017-12-13,Telefonica,6,0.1661383333333333,0.14494039056338529,0.22530999999999998,0.22530999999999998,0.22530999999999998,-0.12972,0.22530999999999998,7,1
380,2017-12-14,Telefonica,6,0.052833333333333315,0.17513630642064676,-0.077195,0.12797,0.18929999999999997,-0.19955,0.19644999999999999,1029,0
381,2017-12-15,Telefonica,2,0.12685499999999997,0.21591505563531227,0.050517499999999986,0.12685499999999997,0.20319249999999997,-0.02582,0.27952999999999995,0,0
382,2017-12-18,Telefonica,1,0.34395000000000003,0.0,0.34395000000000003,0.34395000000000003,0.34395000000000003,0.34395000000000003,0.34395000000000003,0,0
383,2017-12-19,Telefonica,28,-0.049012499999999994,0.27326726097933535,-0.1684275,-0.16431,-0.11700250000000001,-0.29942,0.51897,715,8
384,2017-12-20,Telefonica,10,-0.011887999999999987,0.26007337993556956,-0.2525225,-0.0048849999999999935,0.049495000000000004,-0.25859,0.46997999999999995,420,2
385,2017-12-21,Telefonica,13,0.20702384615384611,0.1671854835972341,0.13471999999999998,0.2394,0.35185,-0.08534,0.39526000000000006,536,0
386,2017-12-22,Telefonica,7,0.16108523809523811,0.1343352002883382,0.04183,0.12205000000000002,0.26628833333333335,0.03955,0.34976,302,1
387,2017-12-25,Telefonica,2,0.31009,0.1462155402137543,0.25839499999999993,0.31009,0.36178499999999997,0.20669999999999997,0.41347999999999996,0,0
388,2017-12-26,Telefonica,0,0.0,0.0,0.0,0.0,0.0,0.0,0.0,0,0
389,2017-12-27,Telefonica,3,0.07578666666666668,0.23197829345292922,-0.056734999999999994,-0.023149999999999997,0.15884,-0.09032,0.34083,935,0
390,2017-12-28,Telefonica,1,0.23766999999999996,0.0,0.23766999999999996,0.23766999999999996,0.23766999999999996,0.23766999999999996,0.23766999999999996,0,0
391,2017-12-29,Telefonica,3,0.31995333333333326,0.13499641340914706,0.24205499999999996,0.24647999999999995,0.36111499999999996,0.23762999999999995,0.47575,17,0
392,2018-01-01,Telefonica,1,0.24703999999999998,0.0,0.24703999999999998,0.24703999999999998,0.24703999999999998,0.24703999999999998,0.24703999999999998,0,0
393,2018-01-02,Telefonica,11,0.29829727272727263,0.026821250398318376,0.2920111111111111,0.2920111111111111,0.2920111111111111,0.27541,0.37776000000000004,23,0
394,2018-01-03,Telefonica,3,0.15628666666666666,0.1898989303111877,0.07368,0.19854,0.26002000000000003,-0.05118,0.3215,0,0
395,2018-01-04,Telefonica,23,0.44556037267080717,0.1937947988776414,0.36226,0.36226,0.6600499999999999,0.0,0.6600499999999999,21,0
396,2018-01-05,Telefonica,4,0.3270775,0.1660471479535813,0.30608749999999996,0.39214333333333334,0.41313333333333335,0.08099,0.44303333333333333,114,0
397,2018-01-08,Telefonica,8,0.03086499999999999,0.03123997759282167,0.019819999999999994,0.019819999999999994,0.019819999999999994,0.019819999999999994,0.10817999999999998,0,0
398,2018-01-09,Telefonica,1,0.074,0.0,0.074,0.074,0.074,0.074,0.074,0,0
399,2018-01-10,Telefonica,7,0.13307285714285716,0.10748949634177993,0.07320000000000002,0.07320000000000002,0.149275,0.07320000000000002,0.34016,231,0
400,2017-11-02,Google,50,0.11763805000000004,0.16684800238027503,0.014462499999999996,0.11901999999999999,0.19536749999999997,-0.3005,0.50641,2234,6
401,2017-11-03,Google,50,0.08200293333333333,0.1943284059477626,0.012014999999999998,0.12225,0.20702750000000003,-0.5116400000000001,0.45511,3645,6
402,2017-11-06,Google,50,0.16907310555555552,0.20453794611229298,0.0394775,0.16034,0.2802227777777778,-0.37397,0.66562,2163,7
403,2017-11-07,Google,50,0.10129801111111111,0.21861029835045262,-0.04404375000000001,0.11201999999999998,0.2212075,-0.29853,0.5052000000000001,157,25
404,2017-11-08,Google,50,0.07180769285714286,0.21976260960728797,-0.0994,0.10521,0.20916749999999998,-0.5487399999999999,0.5827875,31969,6
405,2017-11-09,Google,50,0.12278932380952379,0.17253886248790556,0.00897750000000001,0.134555,0.21897500000000003,-0.25627,0.44250000000000006,7078,4
406,2017-11-10,Google,50,0.10105681507936508,0.1761586151595955,0.006440000000000007,0.093085,0.22471999999999998,-0.3593299999999999,0.40546999999999994,7303,3
407,2017-11-13,Google,50,0.16186596111111115,0.20969952478841974,0.03040000000000001,0.109535,0.2855,-0.36879000000000006,0.7346,8465,13
408,2017-11-14,Google,50,0.21535105238095234,0.21558775247848594,0.1015375,0.186325,0.36466000000000004,-0.38888,0.7289749999999999,34825,10
409,2017-11-15,Google,50,0.17874993888888888,0.19592381061197767,0.07544000000000001,0.21468500000000001,0.28205125,-0.30188000000000004,0.7717,6788,2
410,2017-11-16,Google,50,0.19882319444444443,0.1154023565354496,0.1295025,0.2101,0.2523025,-0.11925999999999999,0.5268,4602,4
411,2017-11-17,Google,50,0.19040770555555558,0.19529994384777283,0.08274999999999999,0.21665944444444446,0.2856024999999999,-0.26115000000000005,0.6413,2724,2
412,2017-11-20,Google,50,0.15267134444444444,0.1562951003942274,0.1001775,0.18446,0.24714000000000003,-0.24078000000000005,0.41181999999999996,3828,3
413,2017-11-21,Google,50,0.06089950000000001,0.21466367956108476,-0.012819999999999998,0.11679999999999999,0.15089000000000002,-0.4939,0.55769,11990,25
414,2017-11-22,Google,50,0.05588399523809524,0.21369483950516488,-0.031555,0.093975,0.20516749999999997,-0.4939,0.46587000000000006,38637,3
415,2017-11-23,Google,50,0.14876507222222224,0.18843740361465006,0.008038055555555562,0.21681499999999998,0.28037,-0.4939,0.5329400000000001,7292,23
416,2017-11-24,Google,50,0.12703481111111115,0.1859900142959766,-0.013262499999999997,0.12907000000000002,0.2445258333333333,-0.22989999999999994,0.5096888888888889,5048,13
417,2017-11-27,Google,50,0.15633762460317457,0.21993527614430053,0.007817500000000008,0.14847500000000002,0.3077636111111111,-0.35452999999999996,0.59767,3750,3
418,2017-11-28,Google,50,0.07577800476190477,0.17491562803655983,-0.024800000000000003,0.05652,0.17713249999999997,-0.2676300000000001,0.5482100000000001,27084,8
419,2017-11-29,Google,50,0.06133462142857145,0.24830275752838607,-0.12099166666666666,0.108655,0.2524825,-0.32947499999999996,0.4557333333333333,2390,16
420,2017-11-30,Google,50,0.1720047880952381,0.15549196093516185,0.081805,0.15776,0.3101975,-0.18822499999999998,0.57298,2626,5
421,2017-12-01,Google,50,0.10025157142857145,0.17198199766497793,0.024864999999999998,0.1084375,0.2221,-0.46358,0.37669,3101,8
422,2017-12-04,Google,50,0.17895519999999998,0.16054589959731205,0.063665,0.19757999999999998,0.2877725,-0.11545000000000001,0.51766,9928,3
423,2017-12-05,Google,50,0.03135313571428569,0.20816713866940906,-0.06879000000000005,0.013033571428571419,0.1262575,-0.55395,0.50152,5014,6
424,2017-12-06,Google,50,0.14263609444444442,0.2228437359156763,0.021157499999999996,0.16341,0.26963,-0.41547,0.71568,5807,1
425,2017-12-07,Google,50,0.1504624,0.18307032114441263,0.0785275,0.18142499999999998,0.27074,-0.32637,0.4868,5794,1
426,2017-12-08,Google,50,0.141467926984127,0.1609980634356837,0.0450075,0.134575,0.24326642857142852,-0.28558,0.52926,6839,3
427,2017-12-11,Google,50,0.18221741111111114,0.14938296217736471,0.0553525,0.208895,0.29119249999999997,-0.21513999999999997,0.45221999999999996,2379,1
428,2017-12-12,Google,50,0.05077746666666665,0.23458160075000098,-0.17822000000000002,0.06224999999999999,0.23666,-0.34475,0.5061444444444444,11320,23
429,2017-12-13,Google,50,0.14802288095238098,0.17421319487295142,0.02768000000000001,0.11579625,0.30274999999999996,-0.47073,0.40915999999999997,6888,7
430,2017-12-14,Google,50,0.15880719047619046,0.12643736139287656,0.08431,0.151425,0.2429575,-0.17304999999999998,0.44366666666666665,11226,11
431,2017-12-15,Google,50,0.1428279968253968,0.1546593257794064,0.0713625,0.12667,0.2517538888888889,-0.27404,0.42747999999999997,3604,53
432,2017-12-18,Google,50,0.08966075555555554,0.20472044165794692,-0.026100000000000012,0.04772499999999999,0.21530500000000002,-0.38783,0.56867,3393,2
433,2017-12-19,Google,50,0.1392382809523809,0.1734693640840723,0.0008774999999999989,0.14399,0.24690749999999997,-0.24713,0.53122,11335,2
434,2017-12-20,Google,50,0.18931628492063488,0.15071582711130704,0.1156925,0.17819,0.25375437500000003,-0.17842000000000002,0.5403428571428571,11728,5
435,2017-12-21,Google,50,0.11492376587301587,0.15184901478356033,0.030027500000000006,0.10427611111111111,0.2152575,-0.34646,0.47553999999999996,1819,9
436,2017-12-22,Google,50,0.1454622333333333,0.2002917399982346,0.027712500000000008,0.15837999999999997,0.26478499999999994,-0.19319999999999998,0.7821333333333333,17613,5
437,2017-12-25,Google,50,0.18740167222222215,0.17584870275759323,0.0761725,0.18943,0.28863,-0.34099,0.6359,12090,2
438,2017-12-26,Google,50,0.1986086333333333,0.13608438674027717,0.11490499999999997,0.183965,0.29972750000000004,-0.10807,0.52542,14107,2
439,2017-12-27,Google,50,0.1404694611111111,0.20184242478338496,0.012649999999999996,0.15012,0.25758500000000006,-0.44049000000000005,0.6101300000000001,33759,4
440,2017-12-28,Google,50,0.09234594444444447,0.1997367317820666,-0.015674999999999998,0.079855,0.22314999999999996,-0.36238,0.540825,2492,8
441,2017-12-29,Google,50,0.17504373968253972,0.18597517575496705,0.04042000000000001,0.17744,0.2991503571428571,-0.28003999999999996,0.58618,21912,1
442,2018-01-01,Google,50,0.13500445476190479,0.18208409337801254,0.008432500000000002,0.13557000000000002,0.2882575,-0.33289,0.51707,7825,5
443,2018-01-02,Google,50,0.14108030000000005,0.20587553755529983,0.01922749999999999,0.19338,0.24682749999999998,-0.4085700000000001,0.48707,5605,4
444,2018-01-03,Google,50,0.10819164999999999,0.19556392707595616,-0.004240625,0.09569,0.19971000000000003,-0.27616,0.7097,3621,8
445,2018-01-04,Google,50,0.06062446984126984,0.1978294699702026,-0.11512857142857143,0.021005000000000013,0.204385,-0.24634999999999993,0.53826,5818,13
446,2018-01-05,Google,50,0.12256040476190475,0.23736777584660051,-0.04274999999999999,0.164085,0.2502183333333333,-0.45488,0.6258,3179,7
447,2018-01-08,Google,50,0.022927785714285713,0.2660638003025786,-0.2215664285714286,0.049690000000000005,0.24861250000000004,-0.42296000000000006,0.6653,14690,17
448,2018-01-09,Google,50,0.12948529444444445,0.1494426216608443,0.005317499999999997,0.11775,0.23611750000000004,-0.11948000000000003,0.43272000000000005,1217,3
449,2018-01-10,Google,50,0.12424839999999997,0.16521141523292646,0.03077562499999999,0.11824499999999999,0.23485500000000004,-0.23307000000000003,0.53522,66033,2
450,2017-11-02,Allianz,50,0.12230605000000004,0.13907708622845988,-0.004047499999999999,0.03543,0.286145,-0.07303,0.38858000000000004,231,19
451,2017-11-03,Allianz,19,0.14537457602339182,0.2730797557163824,-0.017179999999999997,0.06166250000000001,0.392565,-0.58972,0.54189,9,2
452,2017-11-06,Allianz,13,0.15256846153846151,0.213837249828234,0.03612,0.19458999999999999,0.32678999999999997,-0.31895,0.42652999999999996,7,0
453,2017-11-07,Allianz,14,0.23973704081632655,0.17973999101131782,0.06336,0.2993842857142857,0.35217999999999994,-0.0888,0.47831,35,1
454,2017-11-08,Allianz,16,0.15042833333333333,0.2785417224203385,-0.1031,0.07231499999999999,0.340305,-0.16274,0.59729,237,0
455,2017-11-09,Allianz,22,0.12753590909090912,0.23874451400646218,-0.04423750000000001,0.124695,0.34038750000000007,-0.46786000000000005,0.46414,164,1
456,2017-11-10,Allianz,26,0.08248221611721612,0.2032613222020107,-0.034954999999999986,0.061340000000000006,0.23184,-0.34917,0.403,249,2
457,2017-11-13,Allianz,17,0.11678242763772177,0.17921455286145455,0.0,0.1374,0.18533000000000002,-0.33460000000000006,0.5052000000000001,1058,2
458,2017-11-14,Allianz,29,0.16294651340996166,0.16946382008210104,0.03326,0.1546333333333333,0.28964,-0.11809999999999998,0.5089300000000001,4080,2
459,2017-11-15,Allianz,27,0.12655393004115223,0.16250828820949428,0.034824999999999995,0.11587,0.23161749999999998,-0.33460000000000006,0.4252000000000001,2728,0
460,2017-11-16,Allianz,10,0.17476966666666666,0.11045640776308964,0.1289525,0.20237833333333333,0.2436675,-0.05501000000000002,0.29778,184,0
461,2017-11-17,Allianz,21,0.1738923809523809,0.23113253680312432,0.014699999999999996,0.18532,0.26919999999999994,-0.26298000000000005,0.69041,943,1
462,2017-11-20,Allianz,16,0.141226875,0.21935049191400657,0.09330749999999999,0.18532,0.231685,-0.42067,0.45785,924,1
463,2017-11-21,Allianz,20,0.17377861111111115,0.19136784688710373,-0.0254175,0.17712500000000003,0.3161,-0.07937000000000001,0.4899,405,1
464,2017-11-22,Allianz,10,0.14113977777777778,0.15941920859679876,0.07169999999999999,0.14623888888888886,0.18773500000000004,-0.17012,0.37973999999999997,753,0
465,2017-11-23,Allianz,23,0.12719038647342995,0.16381207172600548,0.05872222222222223,0.14906,0.20735000000000003,-0.38264,0.33077,5721,10
466,2017-11-24,Allianz,16,0.25261812499999997,0.13898419527503839,0.14701750000000002,0.24932,0.41295249999999994,0.0,0.43066999999999994,886,1
467,2017-11-27,Allianz,25,0.1911053714285714,0.1512931804685074,0.08431,0.19108,0.3092625,-0.04489,0.46334,935,4
468,2017-11-28,Allianz,14,0.27628214285714287,0.11014170342570738,0.19643500000000003,0.23382499999999998,0.35585249999999996,0.13072,0.49118000000000006,0,1
469,2017-11-29,Allianz,11,0.10174136363636364,0.269351387801241,0.068675,0.12947999999999998,0.2785275,-0.6100299999999999,0.36161999999999994,257,0
470,2017-11-30,Allianz,16,0.23342375,0.12272478754649906,0.20355,0.27018,0.30867,-0.13326999999999997,0.34457,325,4
471,2017-12-01,Allianz,9,0.05562901234567901,0.2559834804466041,-0.11216,0.148,0.22704999999999997,-0.4751200000000001,0.3006111111111111,431,0
472,2017-12-04,Allianz,18,-0.00384222222222221,0.18622075051986822,-0.14712999999999998,-0.012415000000000004,0.1563375,-0.30730999999999997,0.31809000000000004,3094,0
473,2017-12-05,Allianz,22,0.0929761616161616,0.208290601906684,-0.029105,0.07900000000000001,0.23308250000000003,-0.2643,0.5704499999999999,3865,2
474,2017-12-06,Allianz,29,0.1279592337164751,0.29727335496306556,-0.1923,0.1263,0.35245000000000004,-0.31717000000000006,0.6669999999999999,81,3
475,2017-12-07,Allianz,10,0.08941800000000003,0.28875824316468535,-0.1842325,0.14230500000000001,0.20305,-0.2908799999999999,0.4965299999999999,682,2
476,2017-12-08,Allianz,17,0.1505135294117647,0.11802256658904137,0.07670000000000002,0.16063,0.22557999999999995,-0.14654999999999999,0.32298,1512,2
477,2017-12-11,Allianz,25,0.28079719999999997,0.07083833681465612,0.26354,0.26354,0.31911999999999996,0.11066000000000002,0.4391999999999999,31,13
478,2017-12-12,Allianz,28,0.3145543707482993,0.22813338005567121,0.25275583333333335,0.3912178571428571,0.49684,-0.21471,0.5019,1933,2
479,2017-12-13,Allianz,20,0.18549124999999997,0.22153665824154303,-0.003995000000000004,0.15808499999999998,0.3804749999999999,-0.14467,0.501411111111111,905,2
480,2017-12-14,Allianz,11,0.17705515151515153,0.2698854438064155,-0.04617,0.26611,0.3711683333333334,-0.34892,0.47065999999999997,413,0
481,2017-12-15,Allianz,45,0.44446307231040555,0.2692484182823262,0.223,0.50322,0.68719,-0.30006999999999995,0.68719,479,0
482,2017-12-18,Allianz,24,0.20782208333333332,0.24509862277617017,0.092655,0.14774,0.49684,-0.28203000000000006,0.49967999999999996,14,2
483,2017-12-19,Allianz,8,0.28507499999999997,0.1441068144517412,0.18663250000000003,0.27420999999999995,0.38303,0.10337,0.52118,1439,0
484,2017-12-20,Allianz,9,0.27659444444444437,0.19426219930232894,0.15314,0.29619999999999996,0.41102999999999995,-0.02165000000000001,0.60717,391,0
485,2017-12-21,Allianz,11,0.24132181818181817,0.1673711956591206,0.11026500000000003,0.26698,0.35172000000000003,0.019110000000000005,0.50351,911,0
486,2017-12-22,Allianz,13,0.26111596153846156,0.20643624628627896,0.15586,0.33025,0.34999,-0.12043000000000004,0.6610799999999999,5,0
487,2017-12-25,Allianz,5,0.190388,0.20107831004362456,-0.006300000000000005,0.17801,0.39444,-0.008649999999999991,0.39444,3,0
488,2017-12-26,Allianz,9,0.4389994444444445,0.14539820311150878,0.38178999999999996,0.47848999999999997,0.5189333333333334,0.10311,0.5719666666666667,4,1
489,2017-12-27,Allianz,5,0.4698110000000001,0.2477204802393214,0.38306,0.5654250000000001,0.62482,0.07857,0.6971800000000001,0,0
490,2017-12-28,Allianz,22,0.28064798701298704,0.18733602251636514,0.10864,0.320445,0.45902857142857145,-0.041270000000000015,0.5180166666666667,420,0
491,2017-12-29,Allianz,24,0.2911829166666667,0.1338851961969224,0.21495999999999998,0.33050999999999997,0.34414,-0.04158000000000001,0.5955800000000001,403,0
492,2018-01-01,Allianz,3,0.3897333333333333,0.2155566144504346,0.305655,0.46458000000000005,0.511235,0.14673,0.5578899999999999,46,0
493,2018-01-02,Allianz,10,0.24947742857142857,0.11440391613938404,0.18355999999999995,0.18355999999999995,0.3605975,0.11572999999999997,0.43482999999999994,103,1
494,2018-01-03,Allianz,11,0.09983454545454547,0.20192144652629826,-0.008134999999999998,0.08234,0.19176500000000002,-0.1513,0.53956,76,0
495,2018-01-04,Allianz,16,0.12761604166666668,0.15139268192215677,-0.008390000000000009,0.16744,0.17525000000000002,-0.12527,0.46064,1193,1
496,2018-01-05,Allianz,12,0.07523222222222223,0.15469334427275647,-0.05276,0.08425833333333334,0.1567925,-0.13940000000000002,0.42144999999999994,10,0
497,2018-01-08,Allianz,6,0.27148,0.11887901967967264,0.198565,0.28823,0.32117249999999997,0.10824,0.44334999999999997,165,0
498,2018-01-09,Allianz,4,0.34633833333333336,0.13974254370885844,0.26436750000000003,0.3252866666666667,0.4072575,0.20385,0.5309299999999999,205,0
499,2018-01-10,Allianz,7,0.3181207936507936,0.19500672070270803,0.1528,0.4685499999999999,0.4685499999999999,0.03605555555555554,0.47953999999999997,3,0
500,2017-11-02,Total,31,-0.07981010752688175,0.18746358182716327,-0.19712000000000002,-0.0685,0.014045000000000004,-0.45757000000000003,0.30721,2490,1
501,2017-11-03,Total,23,-0.06033086956521739,0.23923829633980662,-0.19999,-0.043870000000000006,0.014319999999999996,-0.65506,0.49718,101,2
502,2017-11-06,Total,38,-0.049984035087719286,0.15183495417921836,-0.1635675,0.046179999999999985,0.05108999999999999,-0.46170999999999995,0.21829000000000004,42,14
503,2017-11-07,Total,28,-0.08220045918367348,0.23064482242155807,-0.2616625,-0.04127000000000002,0.07178999999999999,-0.5166200000000001,0.29153,3777,2
504,2017-11-08,Total,39,0.0040226617826617855,0.18024828531815518,-0.06929999999999999,0.022710000000000015,0.065195,-0.36666,0.46941,5384,6
505,2017-11-09,Total,38,-0.009534473684210523,0.2494774718172166,-0.19390500000000005,-0.05021000000000001,0.16975,-0.36685000000000006,0.66282,16075,4
506,2017-11-10,Total,26,0.0637573076923077,0.18726742361783466,-0.04456749999999999,0.08108000000000001,0.15545499999999998,-0.3724,0.49896,11910,3
507,2017-11-13,Total,28,0.018238125,0.22986169853227223,-0.1365775,0.044289999999999996,0.19352999999999998,-0.47206000000000004,0.37034,9625,5
508,2017-11-14,Total,16,0.096465,0.3033633994842929,-0.14440500000000003,-0.011825000000000004,0.31994,-0.302,0.54839,5517,3
509,2017-11-15,Total,17,0.06381529411764705,0.245738158262958,-0.11504,0.07089000000000001,0.27771,-0.36888,0.48975,2343,0
510,2017-11-16,Total,22,0.054026111111111115,0.28062109700895255,-0.093775,0.06281500000000001,0.18433750000000004,-0.5287222222222222,0.7586166666666667,12426,0
511,2017-11-17,Total,37,-0.054893513513513514,0.23141797357950752,-0.23370000000000002,-0.14731999999999998,0.09175999999999998,-0.39293000000000006,0.5129300000000001,5988,7
512,2017-11-20,Total,15,-0.010248370370370363,0.19462521899385707,-0.13232,-0.017989999999999996,0.09757,-0.37952,0.43982,12365,0
513,2017-11-21,Total,50,0.10618700000000006,0.225926004748078,0.03783999999999999,0.23979,0.23979,-0.49951,0.5029899999999999,9330,29
514,2017-11-22,Total,21,0.005468095238095232,0.20608562712181186,-0.11057999999999998,0.020029999999999985,0.14752,-0.46096000000000004,0.36060000000000003,13954,0
515,2017-11-23,Total,11,0.01856363636363636,0.18567103162705414,-0.092895,0.06288,0.08371999999999999,-0.26575000000000004,0.40926999999999997,1443,1
516,2017-11-24,Total,15,-0.036531999999999995,0.20453443098901467,-0.1345,-0.09445000000000002,0.10327999999999998,-0.43694,0.36967000000000005,11566,0
517,2017-11-27,Total,19,-0.1123732894736842,0.20083100157023373,-0.273065,-0.11057999999999998,0.055295,-0.6293200000000001,0.13862,2505,0
518,2017-11-28,Total,21,-0.026111292517006807,0.17184294416936904,-0.13545000000000001,-0.03341999999999999,0.08194000000000001,-0.4112571428571429,0.28257999999999994,5254,1
519,2017-11-29,Total,18,-0.09907555555555554,0.20829786602567413,-0.22427499999999997,-0.04718499999999999,0.0444925,-0.5191000000000001,0.23640000000000003,6522,0
520,2017-11-30,Total,20,-0.11655400000000002,0.2127603947711084,-0.23522500000000002,-0.102725,-0.014067499999999997,-0.6358699999999999,0.30473999999999996,5873,1
521,2017-12-01,Total,19,0.019791461988304112,0.21058300504714256,-0.08042500000000001,-0.0028899999999999816,0.12079000000000001,-0.3395,0.48731,6951,5
522,2017-12-04,Total,14,-0.013987142857142856,0.12585630135678066,-0.10369750000000001,0.020565,0.07001250000000002,-0.22605,0.2004,3251,0
523,2017-12-05,Total,19,0.025836842105263148,0.21382754609088947,-0.14618,0.11513999999999999,0.18558999999999998,-0.43679000000000007,0.3063,2624,1
524,2017-12-06,Total,12,-0.11088166666666666,0.14708121985261524,-0.169385,-0.09268499999999999,-0.0006049999999999667,-0.40587,0.06426,12537,1
525,2017-12-07,Total,20,0.032453749999999996,0.20012145458824038,-0.09449,-0.034565,0.0718275,-0.20065999999999998,0.56414,12576,2
526,2017-12-08,Total,17,0.003084705882352941,0.17987336351297428,-0.09551000000000001,0.003789999999999996,0.15769999999999995,-0.29729,0.33111,12329,0
527,2017-12-11,Total,41,-0.07618944250871088,0.11108676223999367,-0.08081,-0.08081,0.0014000000000000043,-0.4062200000000001,0.14804285714285714,14840,24
528,2017-12-12,Total,34,0.02932993464052288,0.16093776513697242,0.014910000000000007,0.014910000000000007,0.11511750000000001,-0.57128,0.34002999999999994,8241,13
529,2017-12-13,Total,25,0.019117066666666665,0.14291488993492285,-0.07456,0.014910000000000007,0.11982999999999999,-0.2608833333333333,0.32348,10985,2
530,2017-12-14,Total,22,-0.005385909090909081,0.1871653480764075,-0.06545499999999999,0.032565000000000004,0.08564250000000001,-0.49230999999999997,0.33525,3362,3
531,2017-12-15,Total,16,0.08331000000000001,0.1474643870227656,0.0161175,0.07790000000000001,0.150535,-0.21622,0.3385,2014,0
532,2017-12-18,Total,20,-0.038187444444444454,0.15757149584038832,-0.09859500000000002,-0.05387499999999999,0.0760175,-0.33079000000000003,0.27636,6354,0
533,2017-12-19,Total,24,-0.11429370370370372,0.2129778880626208,-0.26060500000000003,-0.19963999999999993,0.047402499999999986,-0.4839300000000001,0.3077,6923,1
534,2017-12-20,Total,25,0.005810533333333344,0.1525273883926716,-0.11164999999999999,0.04659999999999999,0.10396000000000002,-0.26527,0.30815000000000003,3183,1
535,2017-12-21,Total,19,-0.01955748538011696,0.22808040696999762,-0.10908999999999999,-0.013300000000000011,0.09784,-0.47013,0.33487,3786,0
536,2017-12-22,Total,22,0.01225943722943723,0.15686888408892896,-0.06499250000000001,0.016335000000000013,0.08492750000000002,-0.45343,0.25043,2950,1
537,2017-12-25,Total,7,0.05936857142857143,0.1534031802613157,-0.06430499999999999,0.041949999999999994,0.202005,-0.13130000000000003,0.22953,1859,0
538,2017-12-26,Total,10,0.053720000000000004,0.21815452693497384,-0.050925,0.046610000000000006,0.13059,-0.22319,0.55596,3231,1
539,2017-12-27,Total,12,0.050326666666666665,0.15556453798596864,-0.04773500000000001,0.049675000000000004,0.1394225,-0.19914,0.28258,2959,0
540,2017-12-28,Total,14,0.05462142857142858,0.22158927903311923,-0.0713675,0.10242000000000001,0.1657325,-0.39891,0.4326899999999999,4018,0
541,2017-12-29,Total,20,0.12267049999999999,0.16988342518435526,0.0310525,0.09878000000000002,0.22291999999999998,-0.26168,0.43017000000000005,9831,1
542,2018-01-01,Total,12,0.026285648148148145,0.13168540871975,-0.0501525,-0.009550000000000003,0.09181,-0.18356,0.23598,7726,0
543,2018-01-02,Total,22,0.007564090909090914,0.20952145312726994,-0.14000500000000002,0.01815499999999999,0.1581975,-0.47157,0.28590000000000004,6291,2
544,2018-01-03,Total,20,0.008191571428571432,0.20072685337524998,-0.11493999999999997,-0.028764999999999992,0.124645,-0.37914000000000003,0.4277714285714285,7235,1
545,2018-01-04,Total,18,-0.049822222222222226,0.1736275658025993,-0.11904,-0.024695000000000005,0.06375,-0.49295999999999995,0.30589,6400,2
546,2018-01-05,Total,20,-0.011480500000000006,0.16512007147830332,-0.07303499999999999,-0.012465000000000007,0.08577749999999998,-0.36610999999999994,0.26395,4183,0
547,2018-01-08,Total,15,-0.07535999999999997,0.2293810076519601,-0.22903500000000002,-0.10278000000000001,0.08113000000000004,-0.4003500000000001,0.29410000000000003,6279,0
548,2018-01-09,Total,21,-0.15778793650793652,0.21898017365220834,-0.33069000000000004,-0.22323999999999997,0.02733333333333332,-0.45679,0.22156000000000003,10025,4
549,2018-01-10,Total,38,-0.13863639097744362,0.1923579362809716,-0.29502,-0.19087500000000002,0.025592499999999983,-0.5342571428571429,0.22164999999999999,14394,0
